Using pre-set license
Built from '2022.3/staging' branch; Version is '2022.3.50f1 (c3db7f8bf9b1) revision 12835711'; Using compiler version '192829333'; Build Type 'Release'
OS: 'Windows 10  (10.0.19045) 64bit Professional' Language: 'en' Physical Memory: 16336 MB
BatchMode: 1, IsHumanControllingUs: 0, StartBugReporterOnCrash: 0, Is64bit: 1, IsPro: 1

COMMAND LINE ARGUMENTS:
X:\Unity\Old Unity Editor 22.3.50f1\Editor\Unity.exe
-adb2
-batchMode
-noUpm
-name
AssetImportWorker1
-projectPath
X:/Unity/projekts/CubeRain Homework/Cube-Rain
-logFile
Logs/AssetImportWorker1.log
-srvPort
52943
Successfully changed project path to: X:/Unity/projekts/CubeRain Homework/Cube-Rain
X:/Unity/projekts/CubeRain Homework/Cube-Rain
[UnityMemory] Configuration Parameters - Can be set up in boot.config
    "memorysetup-bucket-allocator-granularity=16"
    "memorysetup-bucket-allocator-bucket-count=8"
    "memorysetup-bucket-allocator-block-size=33554432"
    "memorysetup-bucket-allocator-block-count=8"
    "memorysetup-main-allocator-block-size=16777216"
    "memorysetup-thread-allocator-block-size=16777216"
    "memorysetup-gfx-main-allocator-block-size=16777216"
    "memorysetup-gfx-thread-allocator-block-size=16777216"
    "memorysetup-cache-allocator-block-size=4194304"
    "memorysetup-typetree-allocator-block-size=2097152"
    "memorysetup-profiler-bucket-allocator-granularity=16"
    "memorysetup-profiler-bucket-allocator-bucket-count=8"
    "memorysetup-profiler-bucket-allocator-block-size=33554432"
    "memorysetup-profiler-bucket-allocator-block-count=8"
    "memorysetup-profiler-allocator-block-size=16777216"
    "memorysetup-profiler-editor-allocator-block-size=1048576"
    "memorysetup-temp-allocator-size-main=16777216"
    "memorysetup-job-temp-allocator-block-size=2097152"
    "memorysetup-job-temp-allocator-block-size-background=1048576"
    "memorysetup-job-temp-allocator-reduction-small-platforms=262144"
    "memorysetup-allocator-temp-initial-block-size-main=262144"
    "memorysetup-allocator-temp-initial-block-size-worker=262144"
    "memorysetup-temp-allocator-size-background-worker=32768"
    "memorysetup-temp-allocator-size-job-worker=262144"
    "memorysetup-temp-allocator-size-preload-manager=33554432"
    "memorysetup-temp-allocator-size-nav-mesh-worker=65536"
    "memorysetup-temp-allocator-size-audio-worker=65536"
    "memorysetup-temp-allocator-size-cloud-worker=32768"
    "memorysetup-temp-allocator-size-gi-baking-worker=262144"
    "memorysetup-temp-allocator-size-gfx=262144"
Player connection [34296]  Target information:

Player connection [34296]  * "[IP] 192.168.101.18 [Port] 0 [Flags] 2 [Guid] 3348116713 [EditorId] 3348116713 [Version] 1048832 [Id] WindowsEditor(7,DESKTOP-3S4UQM7) [Debug] 1 [PackageName] WindowsEditor [ProjectName] Editor" 

Player connection [34296] Host joined multi-casting on [225.0.0.222:54997]...
Player connection [34296] Host joined alternative multi-casting on [225.0.0.222:34997]...
[PhysX] Initialized MultithreadedTaskDispatcher with 8 workers.
Refreshing native plugins compatible for Editor in 11.96 ms, found 3 plugins.
Preloading 0 native plugins for Editor in 0.00 ms.
Initialize engine version: 2022.3.50f1 (c3db7f8bf9b1)
[Subsystems] Discovering subsystems at path X:/Unity/Old Unity Editor 22.3.50f1/Editor/Data/Resources/UnitySubsystems
[Subsystems] Discovering subsystems at path X:/Unity/projekts/CubeRain Homework/Cube-Rain/Assets
GfxDevice: creating device client; threaded=0; jobified=0
Direct3D:
    Version:  Direct3D 11.0 [level 11.1]
    Renderer: NVIDIA GeForce GTX 1060 6GB (ID=0x1c03)
    Vendor:   NVIDIA
    VRAM:     6029 MB
    Driver:   32.0.15.6094
Initialize mono
Mono path[0] = 'X:/Unity/Old Unity Editor 22.3.50f1/Editor/Data/Managed'
Mono path[1] = 'X:/Unity/Old Unity Editor 22.3.50f1/Editor/Data/MonoBleedingEdge/lib/mono/unityjit-win32'
Mono config path = 'X:/Unity/Old Unity Editor 22.3.50f1/Editor/Data/MonoBleedingEdge/etc'
Using monoOptions --debugger-agent=transport=dt_socket,embedding=1,server=y,suspend=n,address=127.0.0.1:56960
Begin MonoManager ReloadAssembly
Registering precompiled unity dll's ...
Register platform support module: X:/Unity/Old Unity Editor 22.3.50f1/Editor/Data/PlaybackEngines/WindowsStandaloneSupport/UnityEditor.WindowsStandalone.Extensions.dll
Registered in 0.005065 seconds.
- Loaded All Assemblies, in  0.454 seconds
Native extension for WindowsStandalone target not found
Mono: successfully reloaded assembly
- Finished resetting the current domain, in  0.327 seconds
Domain Reload Profiling: 781ms
	BeginReloadAssembly (139ms)
		ExecutionOrderSort (0ms)
		DisableScriptedObjects (0ms)
		BackupInstance (0ms)
		ReleaseScriptingObjects (0ms)
		CreateAndSetChildDomain (1ms)
	RebuildCommonClasses (42ms)
	RebuildNativeTypeToScriptingClass (13ms)
	initialDomainReloadingComplete (59ms)
	LoadAllAssembliesAndSetupDomain (201ms)
		LoadAssemblies (139ms)
		RebuildTransferFunctionScriptingTraits (0ms)
		AnalyzeDomain (199ms)
			TypeCache.Refresh (198ms)
				TypeCache.ScanAssembly (182ms)
			ScanForSourceGeneratedMonoScriptInfo (0ms)
			ResolveRequiredComponents (1ms)
	FinalizeReload (328ms)
		ReleaseScriptCaches (0ms)
		RebuildScriptCaches (0ms)
		SetupLoadedEditorAssemblies (271ms)
			LogAssemblyErrors (0ms)
			InitializePlatformSupportModulesInManaged (9ms)
			SetLoadedEditorAssemblies (8ms)
			RefreshPlugins (0ms)
			BeforeProcessingInitializeOnLoad (2ms)
			ProcessInitializeOnLoadAttributes (182ms)
			ProcessInitializeOnLoadMethodAttributes (69ms)
			AfterProcessingInitializeOnLoad (0ms)
			EditorAssembliesLoaded (0ms)
		ExecutionOrderSort2 (0ms)
		AwakeInstancesAfterBackupRestoration (0ms)
========================================================================
Worker process is ready to serve import requests
Caller must complete domain reload
Begin MonoManager ReloadAssembly
- Loaded All Assemblies, in  0.869 seconds
Native extension for WindowsStandalone target not found
Mono: successfully reloaded assembly
- Finished resetting the current domain, in  0.706 seconds
Domain Reload Profiling: 1573ms
	BeginReloadAssembly (195ms)
		ExecutionOrderSort (0ms)
		DisableScriptedObjects (6ms)
		BackupInstance (0ms)
		ReleaseScriptingObjects (0ms)
		CreateAndSetChildDomain (29ms)
	RebuildCommonClasses (42ms)
	RebuildNativeTypeToScriptingClass (13ms)
	initialDomainReloadingComplete (52ms)
	LoadAllAssembliesAndSetupDomain (566ms)
		LoadAssemblies (435ms)
		RebuildTransferFunctionScriptingTraits (0ms)
		AnalyzeDomain (243ms)
			TypeCache.Refresh (215ms)
				TypeCache.ScanAssembly (194ms)
			ScanForSourceGeneratedMonoScriptInfo (20ms)
			ResolveRequiredComponents (6ms)
	FinalizeReload (706ms)
		ReleaseScriptCaches (0ms)
		RebuildScriptCaches (0ms)
		SetupLoadedEditorAssemblies (537ms)
			LogAssemblyErrors (0ms)
			InitializePlatformSupportModulesInManaged (12ms)
			SetLoadedEditorAssemblies (10ms)
			RefreshPlugins (0ms)
			BeforeProcessingInitializeOnLoad (88ms)
			ProcessInitializeOnLoadAttributes (400ms)
			ProcessInitializeOnLoadMethodAttributes (24ms)
			AfterProcessingInitializeOnLoad (3ms)
			EditorAssembliesLoaded (0ms)
		ExecutionOrderSort2 (0ms)
		AwakeInstancesAfterBackupRestoration (8ms)
Launched and connected shader compiler UnityShaderCompiler.exe after 0.06 seconds
Refreshing native plugins compatible for Editor in 3.35 ms, found 3 plugins.
Preloading 0 native plugins for Editor in 0.00 ms.
Unloading 3138 Unused Serialized files (Serialized files now loaded: 0)
Unloading 19 unused Assets / (54.5 KB). Loaded Objects now: 3604.
Memory consumption went from 118.8 MB to 118.7 MB.
Total: 5.466300 ms (FindLiveObjects: 0.383500 ms CreateObjectMapping: 0.442800 ms MarkObjects: 4.495400 ms  DeleteObjects: 0.143400 ms)

AssetImportParameters requested are different than current active one (requested -> active):
  custom:container-demuxer-ogg: 62fdf1f143b41e24485cea50d1cbac27 -> 
  custom:video-decoder-ogg-theora: a1e56fd34408186e4bbccfd4996cb3dc -> 
  custom:framework-win-MediaFoundation: 216162199b28c13a410421893ffa2e32 -> 
  custom:CustomObjectIndexerAttribute: 9a22284fe3817be447336de3de66b15e -> 
  custom:container-demuxer-webm: 4f35f7cbe854078d1ac9338744f61a02 -> 
  custom:container-muxer-webm: aa71ff27fc2769a1b78a27578f13a17b -> 
  custom:video-decoder-webm-vp8: 9c59270c3fd7afecdb556c50c9e8de78 -> 
  custom:SearchIndexIgnoredProperties: e643bd26f0fe6173181afceb89e7c659 -> 
  custom:AudioImporter_EditorPlatform: d09bf68614088b80899f8185d706f6e7 -> 
  custom:video-encoder-webm-vp8: eb34c28f22e8b96e1ab97ce403110664 -> 
  custom:audio-decoder-ogg-vorbis: bf7c407c2cedff20999df2af8eb42d56 -> 
  custom:audio-encoder-webm-vorbis: bf7c407c2cedff20999df2af8eb42d56 -> 
========================================================================
Received Import Request.
  Time since last request: 2948969.492561 seconds.
  path: Assets/Scripts/Bomb.cs
  artifactKey: Guid(5360e89907212a8419f8df9a23f26ee6) Importer(815301076,1909f56bfc062723c751e8b465ee728b)
Start importing Assets/Scripts/Bomb.cs using Guid(5360e89907212a8419f8df9a23f26ee6) Importer(815301076,1909f56bfc062723c751e8b465ee728b) [PhysX] Initialized MultithreadedTaskDispatcher with 8 workers.
 -> (artifact id: '3cb0bb0fb78c713fd9d686b422415319') in 0.005216 seconds
Number of updated asset objects reloaded before import = 0
Number of asset objects unloaded after import = 0
========================================================================
Received Prepare
Caller must complete domain reload
Begin MonoManager ReloadAssembly
- Loaded All Assemblies, in  0.583 seconds
Native extension for WindowsStandalone target not found
Mono: successfully reloaded assembly
- Finished resetting the current domain, in  0.916 seconds
Domain Reload Profiling: 1498ms
	BeginReloadAssembly (192ms)
		ExecutionOrderSort (0ms)
		DisableScriptedObjects (6ms)
		BackupInstance (0ms)
		ReleaseScriptingObjects (0ms)
		CreateAndSetChildDomain (52ms)
	RebuildCommonClasses (38ms)
	RebuildNativeTypeToScriptingClass (15ms)
	initialDomainReloadingComplete (31ms)
	LoadAllAssembliesAndSetupDomain (304ms)
		LoadAssemblies (351ms)
		RebuildTransferFunctionScriptingTraits (0ms)
		AnalyzeDomain (54ms)
			TypeCache.Refresh (36ms)
				TypeCache.ScanAssembly (0ms)
			ScanForSourceGeneratedMonoScriptInfo (8ms)
			ResolveRequiredComponents (9ms)
	FinalizeReload (916ms)
		ReleaseScriptCaches (0ms)
		RebuildScriptCaches (0ms)
		SetupLoadedEditorAssemblies (434ms)
			LogAssemblyErrors (0ms)
			InitializePlatformSupportModulesInManaged (5ms)
			SetLoadedEditorAssemblies (5ms)
			RefreshPlugins (0ms)
			BeforeProcessingInitializeOnLoad (60ms)
			ProcessInitializeOnLoadAttributes (338ms)
			ProcessInitializeOnLoadMethodAttributes (22ms)
			AfterProcessingInitializeOnLoad (3ms)
			EditorAssembliesLoaded (0ms)
		ExecutionOrderSort2 (0ms)
		AwakeInstancesAfterBackupRestoration (8ms)
Refreshing native plugins compatible for Editor in 2.16 ms, found 3 plugins.
Preloading 0 native plugins for Editor in 0.00 ms.
Unloading 3130 Unused Serialized files (Serialized files now loaded: 0)
Unloading 14 unused Assets / (28.4 KB). Loaded Objects now: 3607.
Memory consumption went from 117.7 MB to 117.7 MB.
Total: 4.746300 ms (FindLiveObjects: 0.356400 ms CreateObjectMapping: 0.292200 ms MarkObjects: 4.031900 ms  DeleteObjects: 0.065000 ms)

Prepare: number of updated asset objects reloaded= 0
AssetImportParameters requested are different than current active one (requested -> active):
  custom:container-demuxer-ogg: 62fdf1f143b41e24485cea50d1cbac27 -> 
  custom:video-decoder-ogg-theora: a1e56fd34408186e4bbccfd4996cb3dc -> 
  custom:framework-win-MediaFoundation: 216162199b28c13a410421893ffa2e32 -> 
  custom:CustomObjectIndexerAttribute: 9a22284fe3817be447336de3de66b15e -> 
  custom:container-demuxer-webm: 4f35f7cbe854078d1ac9338744f61a02 -> 
  custom:container-muxer-webm: aa71ff27fc2769a1b78a27578f13a17b -> 
  custom:video-decoder-webm-vp8: 9c59270c3fd7afecdb556c50c9e8de78 -> 
  custom:SearchIndexIgnoredProperties: e643bd26f0fe6173181afceb89e7c659 -> 
  custom:AudioImporter_EditorPlatform: d09bf68614088b80899f8185d706f6e7 -> 
  custom:scripting/monoscript/fileName/CubeSpawner.cs: 2d86b49fa513d09839c054ac218ee9b0 -> 
  custom:video-encoder-webm-vp8: eb34c28f22e8b96e1ab97ce403110664 -> 
  custom:audio-decoder-ogg-vorbis: bf7c407c2cedff20999df2af8eb42d56 -> 
  custom:audio-encoder-webm-vorbis: bf7c407c2cedff20999df2af8eb42d56 -> 
  custom:scripting/precompiled-assembly-types:Assembly-CSharp: 9f8f69f790d82989ee3111761e969ec7 -> e480a03165d01833ca99ad568e1bb9c9
========================================================================
Received Prepare
Caller must complete domain reload
Begin MonoManager ReloadAssembly
- Loaded All Assemblies, in  0.470 seconds
Native extension for WindowsStandalone target not found
Mono: successfully reloaded assembly
- Finished resetting the current domain, in  0.984 seconds
Domain Reload Profiling: 1453ms
	BeginReloadAssembly (165ms)
		ExecutionOrderSort (0ms)
		DisableScriptedObjects (8ms)
		BackupInstance (0ms)
		ReleaseScriptingObjects (0ms)
		CreateAndSetChildDomain (33ms)
	RebuildCommonClasses (37ms)
	RebuildNativeTypeToScriptingClass (13ms)
	initialDomainReloadingComplete (28ms)
	LoadAllAssembliesAndSetupDomain (225ms)
		LoadAssemblies (295ms)
		RebuildTransferFunctionScriptingTraits (0ms)
		AnalyzeDomain (24ms)
			TypeCache.Refresh (9ms)
				TypeCache.ScanAssembly (0ms)
			ScanForSourceGeneratedMonoScriptInfo (7ms)
			ResolveRequiredComponents (6ms)
	FinalizeReload (984ms)
		ReleaseScriptCaches (0ms)
		RebuildScriptCaches (0ms)
		SetupLoadedEditorAssemblies (499ms)
			LogAssemblyErrors (0ms)
			InitializePlatformSupportModulesInManaged (7ms)
			SetLoadedEditorAssemblies (5ms)
			RefreshPlugins (0ms)
			BeforeProcessingInitializeOnLoad (64ms)
			ProcessInitializeOnLoadAttributes (395ms)
			ProcessInitializeOnLoadMethodAttributes (24ms)
			AfterProcessingInitializeOnLoad (4ms)
			EditorAssembliesLoaded (0ms)
		ExecutionOrderSort2 (0ms)
		AwakeInstancesAfterBackupRestoration (8ms)
Refreshing native plugins compatible for Editor in 3.02 ms, found 3 plugins.
Preloading 0 native plugins for Editor in 0.00 ms.
Unloading 3132 Unused Serialized files (Serialized files now loaded: 0)
Unloading 14 unused Assets / (28.5 KB). Loaded Objects now: 3611.
Memory consumption went from 118.0 MB to 117.9 MB.
Total: 4.276000 ms (FindLiveObjects: 0.310200 ms CreateObjectMapping: 0.189400 ms MarkObjects: 3.737200 ms  DeleteObjects: 0.038200 ms)

Prepare: number of updated asset objects reloaded= 0
AssetImportParameters requested are different than current active one (requested -> active):
  custom:container-demuxer-ogg: 62fdf1f143b41e24485cea50d1cbac27 -> 
  custom:video-decoder-ogg-theora: a1e56fd34408186e4bbccfd4996cb3dc -> 
  custom:framework-win-MediaFoundation: 216162199b28c13a410421893ffa2e32 -> 
  custom:CustomObjectIndexerAttribute: 9a22284fe3817be447336de3de66b15e -> 
  custom:container-demuxer-webm: 4f35f7cbe854078d1ac9338744f61a02 -> 
  custom:container-muxer-webm: aa71ff27fc2769a1b78a27578f13a17b -> 
  custom:video-decoder-webm-vp8: 9c59270c3fd7afecdb556c50c9e8de78 -> 
  custom:SearchIndexIgnoredProperties: e643bd26f0fe6173181afceb89e7c659 -> 
  custom:AudioImporter_EditorPlatform: d09bf68614088b80899f8185d706f6e7 -> 
  custom:scripting/monoscript/fileName/CubeSpawner.cs: 2d86b49fa513d09839c054ac218ee9b0 -> 
  custom:video-encoder-webm-vp8: eb34c28f22e8b96e1ab97ce403110664 -> 
  custom:audio-decoder-ogg-vorbis: bf7c407c2cedff20999df2af8eb42d56 -> 
  custom:audio-encoder-webm-vorbis: bf7c407c2cedff20999df2af8eb42d56 -> 
  custom:scripting/precompiled-assembly-types:Assembly-CSharp: a237f07e96b81185588e4a09d93991f1 -> e480a03165d01833ca99ad568e1bb9c9
========================================================================
Received Prepare
Caller must complete domain reload
Begin MonoManager ReloadAssembly
- Loaded All Assemblies, in  0.556 seconds
Native extension for WindowsStandalone target not found
Mono: successfully reloaded assembly
- Finished resetting the current domain, in  1.060 seconds
Domain Reload Profiling: 1616ms
	BeginReloadAssembly (186ms)
		ExecutionOrderSort (0ms)
		DisableScriptedObjects (6ms)
		BackupInstance (0ms)
		ReleaseScriptingObjects (0ms)
		CreateAndSetChildDomain (42ms)
	RebuildCommonClasses (38ms)
	RebuildNativeTypeToScriptingClass (21ms)
	initialDomainReloadingComplete (33ms)
	LoadAllAssembliesAndSetupDomain (279ms)
		LoadAssemblies (361ms)
		RebuildTransferFunctionScriptingTraits (0ms)
		AnalyzeDomain (26ms)
			TypeCache.Refresh (9ms)
				TypeCache.ScanAssembly (0ms)
			ScanForSourceGeneratedMonoScriptInfo (7ms)
			ResolveRequiredComponents (8ms)
	FinalizeReload (1061ms)
		ReleaseScriptCaches (0ms)
		RebuildScriptCaches (0ms)
		SetupLoadedEditorAssemblies (491ms)
			LogAssemblyErrors (0ms)
			InitializePlatformSupportModulesInManaged (6ms)
			SetLoadedEditorAssemblies (5ms)
			RefreshPlugins (0ms)
			BeforeProcessingInitializeOnLoad (69ms)
			ProcessInitializeOnLoadAttributes (380ms)
			ProcessInitializeOnLoadMethodAttributes (28ms)
			AfterProcessingInitializeOnLoad (3ms)
			EditorAssembliesLoaded (0ms)
		ExecutionOrderSort2 (0ms)
		AwakeInstancesAfterBackupRestoration (12ms)
Refreshing native plugins compatible for Editor in 2.06 ms, found 3 plugins.
Preloading 0 native plugins for Editor in 0.00 ms.
Unloading 3132 Unused Serialized files (Serialized files now loaded: 0)
Unloading 14 unused Assets / (28.5 KB). Loaded Objects now: 3614.
Memory consumption went from 118.0 MB to 117.9 MB.
Total: 4.346200 ms (FindLiveObjects: 0.252600 ms CreateObjectMapping: 0.199600 ms MarkObjects: 3.837300 ms  DeleteObjects: 0.055800 ms)

Prepare: number of updated asset objects reloaded= 0
AssetImportParameters requested are different than current active one (requested -> active):
  custom:container-demuxer-ogg: 62fdf1f143b41e24485cea50d1cbac27 -> 
  custom:video-decoder-ogg-theora: a1e56fd34408186e4bbccfd4996cb3dc -> 
  custom:framework-win-MediaFoundation: 216162199b28c13a410421893ffa2e32 -> 
  custom:CustomObjectIndexerAttribute: 9a22284fe3817be447336de3de66b15e -> 
  custom:container-demuxer-webm: 4f35f7cbe854078d1ac9338744f61a02 -> 
  custom:container-muxer-webm: aa71ff27fc2769a1b78a27578f13a17b -> 
  custom:video-decoder-webm-vp8: 9c59270c3fd7afecdb556c50c9e8de78 -> 
  custom:SearchIndexIgnoredProperties: e643bd26f0fe6173181afceb89e7c659 -> 
  custom:AudioImporter_EditorPlatform: d09bf68614088b80899f8185d706f6e7 -> 
  custom:scripting/monoscript/fileName/CubeSpawner.cs: 2d86b49fa513d09839c054ac218ee9b0 -> 
  custom:video-encoder-webm-vp8: eb34c28f22e8b96e1ab97ce403110664 -> 
  custom:audio-decoder-ogg-vorbis: bf7c407c2cedff20999df2af8eb42d56 -> 
  custom:audio-encoder-webm-vorbis: bf7c407c2cedff20999df2af8eb42d56 -> 
  custom:scripting/precompiled-assembly-types:Assembly-CSharp: 8fd6c2baeb9f0b0372fcd09c5db030b6 -> e480a03165d01833ca99ad568e1bb9c9
========================================================================
Received Prepare
Caller must complete domain reload
Begin MonoManager ReloadAssembly
- Loaded All Assemblies, in  0.495 seconds
Native extension for WindowsStandalone target not found
Mono: successfully reloaded assembly
- Finished resetting the current domain, in  1.004 seconds
Domain Reload Profiling: 1499ms
	BeginReloadAssembly (179ms)
		ExecutionOrderSort (0ms)
		DisableScriptedObjects (6ms)
		BackupInstance (0ms)
		ReleaseScriptingObjects (0ms)
		CreateAndSetChildDomain (31ms)
	RebuildCommonClasses (43ms)
	RebuildNativeTypeToScriptingClass (12ms)
	initialDomainReloadingComplete (30ms)
	LoadAllAssembliesAndSetupDomain (230ms)
		LoadAssemblies (312ms)
		RebuildTransferFunctionScriptingTraits (0ms)
		AnalyzeDomain (25ms)
			TypeCache.Refresh (11ms)
				TypeCache.ScanAssembly (0ms)
			ScanForSourceGeneratedMonoScriptInfo (7ms)
			ResolveRequiredComponents (6ms)
	FinalizeReload (1005ms)
		ReleaseScriptCaches (0ms)
		RebuildScriptCaches (0ms)
		SetupLoadedEditorAssemblies (532ms)
			LogAssemblyErrors (0ms)
			InitializePlatformSupportModulesInManaged (7ms)
			SetLoadedEditorAssemblies (5ms)
			RefreshPlugins (0ms)
			BeforeProcessingInitializeOnLoad (72ms)
			ProcessInitializeOnLoadAttributes (421ms)
			ProcessInitializeOnLoadMethodAttributes (24ms)
			AfterProcessingInitializeOnLoad (3ms)
			EditorAssembliesLoaded (0ms)
		ExecutionOrderSort2 (0ms)
		AwakeInstancesAfterBackupRestoration (9ms)
Refreshing native plugins compatible for Editor in 3.18 ms, found 3 plugins.
Preloading 0 native plugins for Editor in 0.00 ms.
Unloading 3133 Unused Serialized files (Serialized files now loaded: 0)
Unloading 14 unused Assets / (28.5 KB). Loaded Objects now: 3618.
Memory consumption went from 118.0 MB to 118.0 MB.
Total: 4.600300 ms (FindLiveObjects: 0.270600 ms CreateObjectMapping: 0.225600 ms MarkObjects: 4.059200 ms  DeleteObjects: 0.044000 ms)

Prepare: number of updated asset objects reloaded= 0
AssetImportParameters requested are different than current active one (requested -> active):
  custom:container-demuxer-ogg: 62fdf1f143b41e24485cea50d1cbac27 -> 
  custom:video-decoder-ogg-theora: a1e56fd34408186e4bbccfd4996cb3dc -> 
  custom:framework-win-MediaFoundation: 216162199b28c13a410421893ffa2e32 -> 
  custom:scripting/monoscript/fileName/BombSpawner.cs: 42bfb492fc2fc6e40176e5d933e832c9 -> 
  custom:CustomObjectIndexerAttribute: 9a22284fe3817be447336de3de66b15e -> 
  custom:container-demuxer-webm: 4f35f7cbe854078d1ac9338744f61a02 -> 
  custom:container-muxer-webm: aa71ff27fc2769a1b78a27578f13a17b -> 
  custom:video-decoder-webm-vp8: 9c59270c3fd7afecdb556c50c9e8de78 -> 
  custom:SearchIndexIgnoredProperties: e643bd26f0fe6173181afceb89e7c659 -> 
  custom:AudioImporter_EditorPlatform: d09bf68614088b80899f8185d706f6e7 -> 
  custom:scripting/monoscript/fileName/CubeSpawner.cs: 2d86b49fa513d09839c054ac218ee9b0 -> 
  custom:video-encoder-webm-vp8: eb34c28f22e8b96e1ab97ce403110664 -> 
  custom:audio-decoder-ogg-vorbis: bf7c407c2cedff20999df2af8eb42d56 -> 
  custom:audio-encoder-webm-vorbis: bf7c407c2cedff20999df2af8eb42d56 -> 
  custom:scripting/precompiled-assembly-types:Assembly-CSharp: 9e85f625802aba084bad239863a464b5 -> e480a03165d01833ca99ad568e1bb9c9
========================================================================
Received Import Request.
  Time since last request: 6314.841742 seconds.
  path: Assets/Scripts/BombSpawner.cs
  artifactKey: Guid(a97fc3af1c87d314ab5e74b13be54fe2) Importer(815301076,1909f56bfc062723c751e8b465ee728b)
Start importing Assets/Scripts/BombSpawner.cs using Guid(a97fc3af1c87d314ab5e74b13be54fe2) Importer(815301076,1909f56bfc062723c751e8b465ee728b) [PhysX] Initialized MultithreadedTaskDispatcher with 8 workers.
 -> (artifact id: '1f58e01efa653385074d7ae12fea69a0') in 0.003279 seconds
Number of updated asset objects reloaded before import = 0
Number of asset objects unloaded after import = 0
========================================================================
Received Prepare
Caller must complete domain reload
Begin MonoManager ReloadAssembly
- Loaded All Assemblies, in  0.534 seconds
Native extension for WindowsStandalone target not found
Mono: successfully reloaded assembly
- Finished resetting the current domain, in  0.921 seconds
Domain Reload Profiling: 1455ms
	BeginReloadAssembly (211ms)
		ExecutionOrderSort (0ms)
		DisableScriptedObjects (6ms)
		BackupInstance (0ms)
		ReleaseScriptingObjects (0ms)
		CreateAndSetChildDomain (36ms)
	RebuildCommonClasses (44ms)
	RebuildNativeTypeToScriptingClass (13ms)
	initialDomainReloadingComplete (33ms)
	LoadAllAssembliesAndSetupDomain (232ms)
		LoadAssemblies (340ms)
		RebuildTransferFunctionScriptingTraits (0ms)
		AnalyzeDomain (28ms)
			TypeCache.Refresh (9ms)
				TypeCache.ScanAssembly (0ms)
			ScanForSourceGeneratedMonoScriptInfo (8ms)
			ResolveRequiredComponents (10ms)
	FinalizeReload (922ms)
		ReleaseScriptCaches (0ms)
		RebuildScriptCaches (0ms)
		SetupLoadedEditorAssemblies (445ms)
			LogAssemblyErrors (0ms)
			InitializePlatformSupportModulesInManaged (7ms)
			SetLoadedEditorAssemblies (6ms)
			RefreshPlugins (0ms)
			BeforeProcessingInitializeOnLoad (71ms)
			ProcessInitializeOnLoadAttributes (333ms)
			ProcessInitializeOnLoadMethodAttributes (24ms)
			AfterProcessingInitializeOnLoad (3ms)
			EditorAssembliesLoaded (0ms)
		ExecutionOrderSort2 (0ms)
		AwakeInstancesAfterBackupRestoration (9ms)
Refreshing native plugins compatible for Editor in 2.98 ms, found 3 plugins.
Preloading 0 native plugins for Editor in 0.00 ms.
Unloading 3132 Unused Serialized files (Serialized files now loaded: 0)
Unloading 14 unused Assets / (28.5 KB). Loaded Objects now: 3621.
Memory consumption went from 117.7 MB to 117.7 MB.
Total: 4.288700 ms (FindLiveObjects: 0.280800 ms CreateObjectMapping: 0.196800 ms MarkObjects: 3.769400 ms  DeleteObjects: 0.040900 ms)

Prepare: number of updated asset objects reloaded= 0
AssetImportParameters requested are different than current active one (requested -> active):
  custom:container-demuxer-ogg: 62fdf1f143b41e24485cea50d1cbac27 -> 
  custom:video-decoder-ogg-theora: a1e56fd34408186e4bbccfd4996cb3dc -> 
  custom:framework-win-MediaFoundation: 216162199b28c13a410421893ffa2e32 -> 
  custom:scripting/monoscript/fileName/BombSpawner.cs: 42bfb492fc2fc6e40176e5d933e832c9 -> 
  custom:CustomObjectIndexerAttribute: 9a22284fe3817be447336de3de66b15e -> 
  custom:container-demuxer-webm: 4f35f7cbe854078d1ac9338744f61a02 -> 
  custom:container-muxer-webm: aa71ff27fc2769a1b78a27578f13a17b -> 
  custom:video-decoder-webm-vp8: 9c59270c3fd7afecdb556c50c9e8de78 -> 
  custom:SearchIndexIgnoredProperties: e643bd26f0fe6173181afceb89e7c659 -> 
  custom:AudioImporter_EditorPlatform: d09bf68614088b80899f8185d706f6e7 -> 
  custom:scripting/monoscript/fileName/CubeSpawner.cs: 2d86b49fa513d09839c054ac218ee9b0 -> 
  custom:video-encoder-webm-vp8: eb34c28f22e8b96e1ab97ce403110664 -> 
  custom:audio-decoder-ogg-vorbis: bf7c407c2cedff20999df2af8eb42d56 -> 
  custom:audio-encoder-webm-vorbis: bf7c407c2cedff20999df2af8eb42d56 -> 
  custom:scripting/precompiled-assembly-types:Assembly-CSharp: 9e85f625802aba084bad239863a464b5 -> e480a03165d01833ca99ad568e1bb9c9
========================================================================
Received Prepare
Caller must complete domain reload
Begin MonoManager ReloadAssembly
- Loaded All Assemblies, in  0.515 seconds
Native extension for WindowsStandalone target not found
Mono: successfully reloaded assembly
- Finished resetting the current domain, in  1.055 seconds
Domain Reload Profiling: 1570ms
	BeginReloadAssembly (167ms)
		ExecutionOrderSort (0ms)
		DisableScriptedObjects (6ms)
		BackupInstance (0ms)
		ReleaseScriptingObjects (0ms)
		CreateAndSetChildDomain (32ms)
	RebuildCommonClasses (36ms)
	RebuildNativeTypeToScriptingClass (13ms)
	initialDomainReloadingComplete (27ms)
	LoadAllAssembliesAndSetupDomain (272ms)
		LoadAssemblies (324ms)
		RebuildTransferFunctionScriptingTraits (0ms)
		AnalyzeDomain (45ms)
			TypeCache.Refresh (13ms)
				TypeCache.ScanAssembly (1ms)
			ScanForSourceGeneratedMonoScriptInfo (16ms)
			ResolveRequiredComponents (11ms)
	FinalizeReload (1056ms)
		ReleaseScriptCaches (0ms)
		RebuildScriptCaches (0ms)
		SetupLoadedEditorAssemblies (431ms)
			LogAssemblyErrors (0ms)
			InitializePlatformSupportModulesInManaged (5ms)
			SetLoadedEditorAssemblies (3ms)
			RefreshPlugins (0ms)
			BeforeProcessingInitializeOnLoad (58ms)
			ProcessInitializeOnLoadAttributes (331ms)
			ProcessInitializeOnLoadMethodAttributes (30ms)
			AfterProcessingInitializeOnLoad (3ms)
			EditorAssembliesLoaded (0ms)
		ExecutionOrderSort2 (0ms)
		AwakeInstancesAfterBackupRestoration (9ms)
Refreshing native plugins compatible for Editor in 3.11 ms, found 3 plugins.
Preloading 0 native plugins for Editor in 0.00 ms.
Unloading 3133 Unused Serialized files (Serialized files now loaded: 0)
Unloading 14 unused Assets / (28.5 KB). Loaded Objects now: 3624.
Memory consumption went from 118.0 MB to 118.0 MB.
Total: 3.401100 ms (FindLiveObjects: 0.293800 ms CreateObjectMapping: 0.229600 ms MarkObjects: 2.824800 ms  DeleteObjects: 0.051900 ms)

Prepare: number of updated asset objects reloaded= 0
AssetImportParameters requested are different than current active one (requested -> active):
  custom:container-demuxer-ogg: 62fdf1f143b41e24485cea50d1cbac27 -> 
  custom:video-decoder-ogg-theora: a1e56fd34408186e4bbccfd4996cb3dc -> 
  custom:framework-win-MediaFoundation: 216162199b28c13a410421893ffa2e32 -> 
  custom:scripting/monoscript/fileName/BombSpawner.cs: 42bfb492fc2fc6e40176e5d933e832c9 -> 
  custom:CustomObjectIndexerAttribute: 9a22284fe3817be447336de3de66b15e -> 
  custom:container-demuxer-webm: 4f35f7cbe854078d1ac9338744f61a02 -> 
  custom:container-muxer-webm: aa71ff27fc2769a1b78a27578f13a17b -> 
  custom:video-decoder-webm-vp8: 9c59270c3fd7afecdb556c50c9e8de78 -> 
  custom:SearchIndexIgnoredProperties: e643bd26f0fe6173181afceb89e7c659 -> 
  custom:AudioImporter_EditorPlatform: d09bf68614088b80899f8185d706f6e7 -> 
  custom:scripting/monoscript/fileName/CubeSpawner.cs: 2d86b49fa513d09839c054ac218ee9b0 -> 
  custom:video-encoder-webm-vp8: eb34c28f22e8b96e1ab97ce403110664 -> 
  custom:audio-decoder-ogg-vorbis: bf7c407c2cedff20999df2af8eb42d56 -> 
  custom:audio-encoder-webm-vorbis: bf7c407c2cedff20999df2af8eb42d56 -> 
  custom:scripting/precompiled-assembly-types:Assembly-CSharp: 9e85f625802aba084bad239863a464b5 -> e480a03165d01833ca99ad568e1bb9c9
========================================================================
Received Prepare
Caller must complete domain reload
Begin MonoManager ReloadAssembly
- Loaded All Assemblies, in  0.473 seconds
Native extension for WindowsStandalone target not found
Mono: successfully reloaded assembly
- Finished resetting the current domain, in  1.021 seconds
Domain Reload Profiling: 1494ms
	BeginReloadAssembly (175ms)
		ExecutionOrderSort (0ms)
		DisableScriptedObjects (6ms)
		BackupInstance (0ms)
		ReleaseScriptingObjects (0ms)
		CreateAndSetChildDomain (36ms)
	RebuildCommonClasses (37ms)
	RebuildNativeTypeToScriptingClass (13ms)
	initialDomainReloadingComplete (29ms)
	LoadAllAssembliesAndSetupDomain (219ms)
		LoadAssemblies (293ms)
		RebuildTransferFunctionScriptingTraits (0ms)
		AnalyzeDomain (29ms)
			TypeCache.Refresh (10ms)
				TypeCache.ScanAssembly (0ms)
			ScanForSourceGeneratedMonoScriptInfo (11ms)
			ResolveRequiredComponents (6ms)
	FinalizeReload (1022ms)
		ReleaseScriptCaches (0ms)
		RebuildScriptCaches (0ms)
		SetupLoadedEditorAssemblies (462ms)
			LogAssemblyErrors (0ms)
			InitializePlatformSupportModulesInManaged (6ms)
			SetLoadedEditorAssemblies (3ms)
			RefreshPlugins (0ms)
			BeforeProcessingInitializeOnLoad (61ms)
			ProcessInitializeOnLoadAttributes (363ms)
			ProcessInitializeOnLoadMethodAttributes (26ms)
			AfterProcessingInitializeOnLoad (3ms)
			EditorAssembliesLoaded (0ms)
		ExecutionOrderSort2 (0ms)
		AwakeInstancesAfterBackupRestoration (13ms)
Refreshing native plugins compatible for Editor in 3.24 ms, found 3 plugins.
Preloading 0 native plugins for Editor in 0.00 ms.
Unloading 3133 Unused Serialized files (Serialized files now loaded: 0)
Unloading 14 unused Assets / (28.5 KB). Loaded Objects now: 3627.
Memory consumption went from 118.0 MB to 118.0 MB.
Total: 4.363100 ms (FindLiveObjects: 0.285500 ms CreateObjectMapping: 0.293100 ms MarkObjects: 3.732600 ms  DeleteObjects: 0.050900 ms)

Prepare: number of updated asset objects reloaded= 0
AssetImportParameters requested are different than current active one (requested -> active):
  custom:container-demuxer-ogg: 62fdf1f143b41e24485cea50d1cbac27 -> 
  custom:video-decoder-ogg-theora: a1e56fd34408186e4bbccfd4996cb3dc -> 
  custom:framework-win-MediaFoundation: 216162199b28c13a410421893ffa2e32 -> 
  custom:scripting/monoscript/fileName/BombSpawner.cs: 42bfb492fc2fc6e40176e5d933e832c9 -> 
  custom:CustomObjectIndexerAttribute: 9a22284fe3817be447336de3de66b15e -> 
  custom:container-demuxer-webm: 4f35f7cbe854078d1ac9338744f61a02 -> 
  custom:container-muxer-webm: aa71ff27fc2769a1b78a27578f13a17b -> 
  custom:video-decoder-webm-vp8: 9c59270c3fd7afecdb556c50c9e8de78 -> 
  custom:SearchIndexIgnoredProperties: e643bd26f0fe6173181afceb89e7c659 -> 
  custom:AudioImporter_EditorPlatform: d09bf68614088b80899f8185d706f6e7 -> 
  custom:scripting/monoscript/fileName/CubeSpawner.cs: 2d86b49fa513d09839c054ac218ee9b0 -> 
  custom:video-encoder-webm-vp8: eb34c28f22e8b96e1ab97ce403110664 -> 
  custom:audio-decoder-ogg-vorbis: bf7c407c2cedff20999df2af8eb42d56 -> 
  custom:audio-encoder-webm-vorbis: bf7c407c2cedff20999df2af8eb42d56 -> 
  custom:scripting/precompiled-assembly-types:Assembly-CSharp: 9e85f625802aba084bad239863a464b5 -> e480a03165d01833ca99ad568e1bb9c9
========================================================================
Received Prepare
Caller must complete domain reload
Begin MonoManager ReloadAssembly
- Loaded All Assemblies, in  0.537 seconds
Native extension for WindowsStandalone target not found
Mono: successfully reloaded assembly
- Finished resetting the current domain, in  0.931 seconds
Domain Reload Profiling: 1468ms
	BeginReloadAssembly (177ms)
		ExecutionOrderSort (0ms)
		DisableScriptedObjects (6ms)
		BackupInstance (0ms)
		ReleaseScriptingObjects (0ms)
		CreateAndSetChildDomain (29ms)
	RebuildCommonClasses (45ms)
	RebuildNativeTypeToScriptingClass (15ms)
	initialDomainReloadingComplete (41ms)
	LoadAllAssembliesAndSetupDomain (257ms)
		LoadAssemblies (346ms)
		RebuildTransferFunctionScriptingTraits (0ms)
		AnalyzeDomain (24ms)
			TypeCache.Refresh (9ms)
				TypeCache.ScanAssembly (0ms)
			ScanForSourceGeneratedMonoScriptInfo (7ms)
			ResolveRequiredComponents (6ms)
	FinalizeReload (932ms)
		ReleaseScriptCaches (0ms)
		RebuildScriptCaches (0ms)
		SetupLoadedEditorAssemblies (441ms)
			LogAssemblyErrors (0ms)
			InitializePlatformSupportModulesInManaged (6ms)
			SetLoadedEditorAssemblies (6ms)
			RefreshPlugins (0ms)
			BeforeProcessingInitializeOnLoad (78ms)
			ProcessInitializeOnLoadAttributes (322ms)
			ProcessInitializeOnLoadMethodAttributes (25ms)
			AfterProcessingInitializeOnLoad (4ms)
			EditorAssembliesLoaded (0ms)
		ExecutionOrderSort2 (0ms)
		AwakeInstancesAfterBackupRestoration (10ms)
Refreshing native plugins compatible for Editor in 2.24 ms, found 3 plugins.
Preloading 0 native plugins for Editor in 0.00 ms.
Unloading 3133 Unused Serialized files (Serialized files now loaded: 0)
Unloading 14 unused Assets / (28.5 KB). Loaded Objects now: 3630.
Memory consumption went from 118.0 MB to 118.0 MB.
Total: 4.194200 ms (FindLiveObjects: 0.316400 ms CreateObjectMapping: 0.283700 ms MarkObjects: 3.547200 ms  DeleteObjects: 0.045900 ms)

Prepare: number of updated asset objects reloaded= 0
AssetImportParameters requested are different than current active one (requested -> active):
  custom:container-demuxer-ogg: 62fdf1f143b41e24485cea50d1cbac27 -> 
  custom:video-decoder-ogg-theora: a1e56fd34408186e4bbccfd4996cb3dc -> 
  custom:framework-win-MediaFoundation: 216162199b28c13a410421893ffa2e32 -> 
  custom:scripting/monoscript/fileName/BombSpawner.cs: 42bfb492fc2fc6e40176e5d933e832c9 -> 
  custom:CustomObjectIndexerAttribute: 9a22284fe3817be447336de3de66b15e -> 
  custom:container-demuxer-webm: 4f35f7cbe854078d1ac9338744f61a02 -> 
  custom:container-muxer-webm: aa71ff27fc2769a1b78a27578f13a17b -> 
  custom:video-decoder-webm-vp8: 9c59270c3fd7afecdb556c50c9e8de78 -> 
  custom:SearchIndexIgnoredProperties: e643bd26f0fe6173181afceb89e7c659 -> 
  custom:AudioImporter_EditorPlatform: d09bf68614088b80899f8185d706f6e7 -> 
  custom:scripting/monoscript/fileName/CubeSpawner.cs: 2d86b49fa513d09839c054ac218ee9b0 -> 
  custom:video-encoder-webm-vp8: eb34c28f22e8b96e1ab97ce403110664 -> 
  custom:audio-decoder-ogg-vorbis: bf7c407c2cedff20999df2af8eb42d56 -> 
  custom:scripting/monoscript/fileName/TransparencyChanger.cs: 337ebccdf974de34744ebc700fc86598 -> 346eaf3f3b1de1a18cd8b4e2321d4487
  custom:audio-encoder-webm-vorbis: bf7c407c2cedff20999df2af8eb42d56 -> 
  custom:scripting/precompiled-assembly-types:Assembly-CSharp: d6bfd23ae2b1f29b6d602b594aed5fcf -> e480a03165d01833ca99ad568e1bb9c9
========================================================================
Received Prepare
Caller must complete domain reload
Begin MonoManager ReloadAssembly
- Loaded All Assemblies, in  0.529 seconds
Native extension for WindowsStandalone target not found
Mono: successfully reloaded assembly
- Finished resetting the current domain, in  0.908 seconds
Domain Reload Profiling: 1437ms
	BeginReloadAssembly (218ms)
		ExecutionOrderSort (0ms)
		DisableScriptedObjects (8ms)
		BackupInstance (0ms)
		ReleaseScriptingObjects (0ms)
		CreateAndSetChildDomain (37ms)
	RebuildCommonClasses (42ms)
	RebuildNativeTypeToScriptingClass (19ms)
	initialDomainReloadingComplete (40ms)
	LoadAllAssembliesAndSetupDomain (209ms)
		LoadAssemblies (305ms)
		RebuildTransferFunctionScriptingTraits (0ms)
		AnalyzeDomain (24ms)
			TypeCache.Refresh (8ms)
				TypeCache.ScanAssembly (0ms)
			ScanForSourceGeneratedMonoScriptInfo (8ms)
			ResolveRequiredComponents (6ms)
	FinalizeReload (909ms)
		ReleaseScriptCaches (0ms)
		RebuildScriptCaches (0ms)
		SetupLoadedEditorAssemblies (430ms)
			LogAssemblyErrors (0ms)
			InitializePlatformSupportModulesInManaged (6ms)
			SetLoadedEditorAssemblies (5ms)
			RefreshPlugins (0ms)
			BeforeProcessingInitializeOnLoad (72ms)
			ProcessInitializeOnLoadAttributes (319ms)
			ProcessInitializeOnLoadMethodAttributes (23ms)
			AfterProcessingInitializeOnLoad (4ms)
			EditorAssembliesLoaded (0ms)
		ExecutionOrderSort2 (0ms)
		AwakeInstancesAfterBackupRestoration (9ms)
Refreshing native plugins compatible for Editor in 2.34 ms, found 3 plugins.
Preloading 0 native plugins for Editor in 0.00 ms.
Unloading 3133 Unused Serialized files (Serialized files now loaded: 0)
Unloading 14 unused Assets / (28.5 KB). Loaded Objects now: 3633.
Memory consumption went from 118.0 MB to 118.0 MB.
Total: 4.027300 ms (FindLiveObjects: 0.268900 ms CreateObjectMapping: 0.200600 ms MarkObjects: 3.495200 ms  DeleteObjects: 0.061900 ms)

Prepare: number of updated asset objects reloaded= 0
AssetImportParameters requested are different than current active one (requested -> active):
  custom:container-demuxer-ogg: 62fdf1f143b41e24485cea50d1cbac27 -> 
  custom:video-decoder-ogg-theora: a1e56fd34408186e4bbccfd4996cb3dc -> 
  custom:framework-win-MediaFoundation: 216162199b28c13a410421893ffa2e32 -> 
  custom:scripting/monoscript/fileName/BombSpawner.cs: 42bfb492fc2fc6e40176e5d933e832c9 -> 
  custom:CustomObjectIndexerAttribute: 9a22284fe3817be447336de3de66b15e -> 
  custom:scripting/monoscript/fileName/Exploder.cs: 9b0152466039c1b0e2a05b2b202f333e -> e17c7e89857fc4f731933d24c8502a85
  custom:container-demuxer-webm: 4f35f7cbe854078d1ac9338744f61a02 -> 
  custom:container-muxer-webm: aa71ff27fc2769a1b78a27578f13a17b -> 
  custom:video-decoder-webm-vp8: 9c59270c3fd7afecdb556c50c9e8de78 -> 
  custom:SearchIndexIgnoredProperties: e643bd26f0fe6173181afceb89e7c659 -> 
  custom:AudioImporter_EditorPlatform: d09bf68614088b80899f8185d706f6e7 -> 
  custom:scripting/monoscript/fileName/CubeSpawner.cs: 2d86b49fa513d09839c054ac218ee9b0 -> 
  custom:video-encoder-webm-vp8: eb34c28f22e8b96e1ab97ce403110664 -> 
  custom:audio-decoder-ogg-vorbis: bf7c407c2cedff20999df2af8eb42d56 -> 
  custom:scripting/monoscript/fileName/TransparencyChanger.cs: 337ebccdf974de34744ebc700fc86598 -> 346eaf3f3b1de1a18cd8b4e2321d4487
  custom:audio-encoder-webm-vorbis: bf7c407c2cedff20999df2af8eb42d56 -> 
  custom:scripting/precompiled-assembly-types:Assembly-CSharp: 5f0675086d2a105555413d6e426eb82f -> e480a03165d01833ca99ad568e1bb9c9
========================================================================
Received Prepare
Caller must complete domain reload
Begin MonoManager ReloadAssembly
- Loaded All Assemblies, in  0.528 seconds
Native extension for WindowsStandalone target not found
Mono: successfully reloaded assembly
- Finished resetting the current domain, in  0.931 seconds
Domain Reload Profiling: 1458ms
	BeginReloadAssembly (209ms)
		ExecutionOrderSort (0ms)
		DisableScriptedObjects (8ms)
		BackupInstance (0ms)
		ReleaseScriptingObjects (0ms)
		CreateAndSetChildDomain (64ms)
	RebuildCommonClasses (51ms)
	RebuildNativeTypeToScriptingClass (13ms)
	initialDomainReloadingComplete (30ms)
	LoadAllAssembliesAndSetupDomain (224ms)
		LoadAssemblies (301ms)
		RebuildTransferFunctionScriptingTraits (0ms)
		AnalyzeDomain (27ms)
			TypeCache.Refresh (12ms)
				TypeCache.ScanAssembly (0ms)
			ScanForSourceGeneratedMonoScriptInfo (7ms)
			ResolveRequiredComponents (6ms)
	FinalizeReload (931ms)
		ReleaseScriptCaches (0ms)
		RebuildScriptCaches (0ms)
		SetupLoadedEditorAssemblies (446ms)
			LogAssemblyErrors (0ms)
			InitializePlatformSupportModulesInManaged (7ms)
			SetLoadedEditorAssemblies (4ms)
			RefreshPlugins (0ms)
			BeforeProcessingInitializeOnLoad (70ms)
			ProcessInitializeOnLoadAttributes (336ms)
			ProcessInitializeOnLoadMethodAttributes (26ms)
			AfterProcessingInitializeOnLoad (4ms)
			EditorAssembliesLoaded (0ms)
		ExecutionOrderSort2 (0ms)
		AwakeInstancesAfterBackupRestoration (8ms)
Refreshing native plugins compatible for Editor in 2.51 ms, found 3 plugins.
Preloading 0 native plugins for Editor in 0.00 ms.
Unloading 3133 Unused Serialized files (Serialized files now loaded: 0)
Unloading 14 unused Assets / (28.5 KB). Loaded Objects now: 3636.
Memory consumption went from 118.0 MB to 118.0 MB.
Total: 4.358100 ms (FindLiveObjects: 0.273300 ms CreateObjectMapping: 0.203000 ms MarkObjects: 3.821200 ms  DeleteObjects: 0.059800 ms)

Prepare: number of updated asset objects reloaded= 0
AssetImportParameters requested are different than current active one (requested -> active):
  custom:container-demuxer-ogg: 62fdf1f143b41e24485cea50d1cbac27 -> 
  custom:video-decoder-ogg-theora: a1e56fd34408186e4bbccfd4996cb3dc -> 
  custom:framework-win-MediaFoundation: 216162199b28c13a410421893ffa2e32 -> 
  custom:scripting/monoscript/fileName/BombSpawner.cs: 42bfb492fc2fc6e40176e5d933e832c9 -> 
  custom:scripting/monoscript/fileName/Bomb.cs: bfd944eb6528774f7c1cc3d00ac64a63 -> 62fbfe76f5286165743d61555377be05
  custom:CustomObjectIndexerAttribute: 9a22284fe3817be447336de3de66b15e -> 
  custom:scripting/monoscript/fileName/Exploder.cs: 9b0152466039c1b0e2a05b2b202f333e -> e17c7e89857fc4f731933d24c8502a85
  custom:container-demuxer-webm: 4f35f7cbe854078d1ac9338744f61a02 -> 
  custom:container-muxer-webm: aa71ff27fc2769a1b78a27578f13a17b -> 
  custom:video-decoder-webm-vp8: 9c59270c3fd7afecdb556c50c9e8de78 -> 
  custom:SearchIndexIgnoredProperties: e643bd26f0fe6173181afceb89e7c659 -> 
  custom:AudioImporter_EditorPlatform: d09bf68614088b80899f8185d706f6e7 -> 
  custom:scripting/monoscript/fileName/CubeSpawner.cs: 2d86b49fa513d09839c054ac218ee9b0 -> 
  custom:video-encoder-webm-vp8: eb34c28f22e8b96e1ab97ce403110664 -> 
  custom:audio-decoder-ogg-vorbis: bf7c407c2cedff20999df2af8eb42d56 -> 
  custom:scripting/monoscript/fileName/TransparencyChanger.cs: 337ebccdf974de34744ebc700fc86598 -> 346eaf3f3b1de1a18cd8b4e2321d4487
  custom:audio-encoder-webm-vorbis: bf7c407c2cedff20999df2af8eb42d56 -> 
  custom:scripting/precompiled-assembly-types:Assembly-CSharp: 7f331a87d3d3732f18a99fb84a06cb40 -> e480a03165d01833ca99ad568e1bb9c9
========================================================================
Received Prepare
Caller must complete domain reload
Begin MonoManager ReloadAssembly
- Loaded All Assemblies, in  0.485 seconds
Native extension for WindowsStandalone target not found
Mono: successfully reloaded assembly
- Finished resetting the current domain, in  0.968 seconds
Domain Reload Profiling: 1452ms
	BeginReloadAssembly (171ms)
		ExecutionOrderSort (0ms)
		DisableScriptedObjects (6ms)
		BackupInstance (0ms)
		ReleaseScriptingObjects (0ms)
		CreateAndSetChildDomain (31ms)
	RebuildCommonClasses (42ms)
	RebuildNativeTypeToScriptingClass (16ms)
	initialDomainReloadingComplete (27ms)
	LoadAllAssembliesAndSetupDomain (228ms)
		LoadAssemblies (301ms)
		RebuildTransferFunctionScriptingTraits (0ms)
		AnalyzeDomain (30ms)
			TypeCache.Refresh (10ms)
				TypeCache.ScanAssembly (0ms)
			ScanForSourceGeneratedMonoScriptInfo (11ms)
			ResolveRequiredComponents (7ms)
	FinalizeReload (968ms)
		ReleaseScriptCaches (0ms)
		RebuildScriptCaches (0ms)
		SetupLoadedEditorAssemblies (467ms)
			LogAssemblyErrors (0ms)
			InitializePlatformSupportModulesInManaged (8ms)
			SetLoadedEditorAssemblies (4ms)
			RefreshPlugins (0ms)
			BeforeProcessingInitializeOnLoad (75ms)
			ProcessInitializeOnLoadAttributes (349ms)
			ProcessInitializeOnLoadMethodAttributes (28ms)
			AfterProcessingInitializeOnLoad (3ms)
			EditorAssembliesLoaded (0ms)
		ExecutionOrderSort2 (0ms)
		AwakeInstancesAfterBackupRestoration (9ms)
Refreshing native plugins compatible for Editor in 3.20 ms, found 3 plugins.
Preloading 0 native plugins for Editor in 0.00 ms.
Unloading 3133 Unused Serialized files (Serialized files now loaded: 0)
Unloading 14 unused Assets / (28.5 KB). Loaded Objects now: 3639.
Memory consumption went from 118.0 MB to 118.0 MB.
Total: 4.176700 ms (FindLiveObjects: 0.300600 ms CreateObjectMapping: 0.241800 ms MarkObjects: 3.589700 ms  DeleteObjects: 0.043600 ms)

Prepare: number of updated asset objects reloaded= 0
AssetImportParameters requested are different than current active one (requested -> active):
  custom:container-demuxer-ogg: 62fdf1f143b41e24485cea50d1cbac27 -> 
  custom:video-decoder-ogg-theora: a1e56fd34408186e4bbccfd4996cb3dc -> 
  custom:framework-win-MediaFoundation: 216162199b28c13a410421893ffa2e32 -> 
  custom:scripting/monoscript/fileName/BombSpawner.cs: 42bfb492fc2fc6e40176e5d933e832c9 -> 
  custom:scripting/monoscript/fileName/ColorChanger.cs: d31a0d7fb05c5d47ec43ba26017e80fc -> f6c371260d842df543789961567bd0a7
  custom:scripting/monoscript/fileName/Bomb.cs: bfd944eb6528774f7c1cc3d00ac64a63 -> 62fbfe76f5286165743d61555377be05
  custom:CustomObjectIndexerAttribute: 9a22284fe3817be447336de3de66b15e -> 
  custom:scripting/monoscript/fileName/Exploder.cs: 9b0152466039c1b0e2a05b2b202f333e -> e17c7e89857fc4f731933d24c8502a85
  custom:container-demuxer-webm: 4f35f7cbe854078d1ac9338744f61a02 -> 
  custom:container-muxer-webm: aa71ff27fc2769a1b78a27578f13a17b -> 
  custom:video-decoder-webm-vp8: 9c59270c3fd7afecdb556c50c9e8de78 -> 
  custom:SearchIndexIgnoredProperties: e643bd26f0fe6173181afceb89e7c659 -> 
  custom:AudioImporter_EditorPlatform: d09bf68614088b80899f8185d706f6e7 -> 
  custom:scripting/monoscript/fileName/CubeSpawner.cs: 2d86b49fa513d09839c054ac218ee9b0 -> 
  custom:video-encoder-webm-vp8: eb34c28f22e8b96e1ab97ce403110664 -> 
  custom:audio-decoder-ogg-vorbis: bf7c407c2cedff20999df2af8eb42d56 -> 
  custom:scripting/monoscript/fileName/TransparencyChanger.cs: 337ebccdf974de34744ebc700fc86598 -> 346eaf3f3b1de1a18cd8b4e2321d4487
  custom:audio-encoder-webm-vorbis: bf7c407c2cedff20999df2af8eb42d56 -> 
  custom:scripting/precompiled-assembly-types:Assembly-CSharp: 339aede2a80244387a997033e7c0bbf0 -> e480a03165d01833ca99ad568e1bb9c9
========================================================================
Received Prepare
Caller must complete domain reload
Begin MonoManager ReloadAssembly
- Loaded All Assemblies, in  0.545 seconds
Native extension for WindowsStandalone target not found
Mono: successfully reloaded assembly
- Finished resetting the current domain, in  0.927 seconds
Domain Reload Profiling: 1471ms
	BeginReloadAssembly (190ms)
		ExecutionOrderSort (0ms)
		DisableScriptedObjects (6ms)
		BackupInstance (0ms)
		ReleaseScriptingObjects (0ms)
		CreateAndSetChildDomain (37ms)
	RebuildCommonClasses (70ms)
	RebuildNativeTypeToScriptingClass (21ms)
	initialDomainReloadingComplete (36ms)
	LoadAllAssembliesAndSetupDomain (227ms)
		LoadAssemblies (314ms)
		RebuildTransferFunctionScriptingTraits (0ms)
		AnalyzeDomain (28ms)
			TypeCache.Refresh (9ms)
				TypeCache.ScanAssembly (0ms)
			ScanForSourceGeneratedMonoScriptInfo (11ms)
			ResolveRequiredComponents (6ms)
	FinalizeReload (927ms)
		ReleaseScriptCaches (0ms)
		RebuildScriptCaches (0ms)
		SetupLoadedEditorAssemblies (453ms)
			LogAssemblyErrors (0ms)
			InitializePlatformSupportModulesInManaged (7ms)
			SetLoadedEditorAssemblies (4ms)
			RefreshPlugins (0ms)
			BeforeProcessingInitializeOnLoad (75ms)
			ProcessInitializeOnLoadAttributes (336ms)
			ProcessInitializeOnLoadMethodAttributes (27ms)
			AfterProcessingInitializeOnLoad (4ms)
			EditorAssembliesLoaded (0ms)
		ExecutionOrderSort2 (0ms)
		AwakeInstancesAfterBackupRestoration (11ms)
Refreshing native plugins compatible for Editor in 2.33 ms, found 3 plugins.
Preloading 0 native plugins for Editor in 0.00 ms.
Unloading 3133 Unused Serialized files (Serialized files now loaded: 0)
Unloading 14 unused Assets / (28.5 KB). Loaded Objects now: 3642.
Memory consumption went from 118.0 MB to 118.0 MB.
Total: 4.219700 ms (FindLiveObjects: 0.332500 ms CreateObjectMapping: 0.210300 ms MarkObjects: 3.626600 ms  DeleteObjects: 0.049300 ms)

Prepare: number of updated asset objects reloaded= 0
AssetImportParameters requested are different than current active one (requested -> active):
  custom:container-demuxer-ogg: 62fdf1f143b41e24485cea50d1cbac27 -> 
  custom:video-decoder-ogg-theora: a1e56fd34408186e4bbccfd4996cb3dc -> 
  custom:framework-win-MediaFoundation: 216162199b28c13a410421893ffa2e32 -> 
  custom:scripting/monoscript/fileName/BombSpawner.cs: 42bfb492fc2fc6e40176e5d933e832c9 -> 
  custom:scripting/monoscript/fileName/ColorChanger.cs: d31a0d7fb05c5d47ec43ba26017e80fc -> f6c371260d842df543789961567bd0a7
  custom:scripting/monoscript/fileName/Bomb.cs: bfd944eb6528774f7c1cc3d00ac64a63 -> 62fbfe76f5286165743d61555377be05
  custom:CustomObjectIndexerAttribute: 9a22284fe3817be447336de3de66b15e -> 
  custom:scripting/monoscript/fileName/Exploder.cs: 9b0152466039c1b0e2a05b2b202f333e -> e17c7e89857fc4f731933d24c8502a85
  custom:container-demuxer-webm: 4f35f7cbe854078d1ac9338744f61a02 -> 
  custom:container-muxer-webm: aa71ff27fc2769a1b78a27578f13a17b -> 
  custom:video-decoder-webm-vp8: 9c59270c3fd7afecdb556c50c9e8de78 -> 
  custom:SearchIndexIgnoredProperties: e643bd26f0fe6173181afceb89e7c659 -> 
  custom:AudioImporter_EditorPlatform: d09bf68614088b80899f8185d706f6e7 -> 
  custom:scripting/monoscript/fileName/Cube.cs: c3f6b4862c91a0182d5e14a1ddeb8a06 -> 1e2bad7c218970a055fec33866548983
  custom:scripting/monoscript/fileName/CubeSpawner.cs: 2d86b49fa513d09839c054ac218ee9b0 -> 
  custom:video-encoder-webm-vp8: eb34c28f22e8b96e1ab97ce403110664 -> 
  custom:audio-decoder-ogg-vorbis: bf7c407c2cedff20999df2af8eb42d56 -> 
  custom:scripting/monoscript/fileName/TransparencyChanger.cs: 337ebccdf974de34744ebc700fc86598 -> 346eaf3f3b1de1a18cd8b4e2321d4487
  custom:audio-encoder-webm-vorbis: bf7c407c2cedff20999df2af8eb42d56 -> 
  custom:scripting/precompiled-assembly-types:Assembly-CSharp: 4e3b20a4969e7bdf49d48e562d4acce4 -> e480a03165d01833ca99ad568e1bb9c9
========================================================================
Received Import Request.
  Time since last request: 1744.692027 seconds.
  path: Assets/Prefabs/Cube.prefab
  artifactKey: Guid(93350987874cadf418c07ca3543c067f) Importer(815301076,1909f56bfc062723c751e8b465ee728b)
Start importing Assets/Prefabs/Cube.prefab using Guid(93350987874cadf418c07ca3543c067f) Importer(815301076,1909f56bfc062723c751e8b465ee728b) [PhysX] Initialized MultithreadedTaskDispatcher with 8 workers.
 -> (artifact id: '0ed3cd73a15a0195528ab60171102bcb') in 0.005331 seconds
Number of updated asset objects reloaded before import = 0
Number of asset objects unloaded after import = 0
========================================================================
Received Prepare
Caller must complete domain reload
Begin MonoManager ReloadAssembly
- Loaded All Assemblies, in  0.542 seconds
Native extension for WindowsStandalone target not found
Mono: successfully reloaded assembly
- Finished resetting the current domain, in  1.105 seconds
Domain Reload Profiling: 1647ms
	BeginReloadAssembly (200ms)
		ExecutionOrderSort (0ms)
		DisableScriptedObjects (9ms)
		BackupInstance (0ms)
		ReleaseScriptingObjects (0ms)
		CreateAndSetChildDomain (37ms)
	RebuildCommonClasses (48ms)
	RebuildNativeTypeToScriptingClass (21ms)
	initialDomainReloadingComplete (27ms)
	LoadAllAssembliesAndSetupDomain (246ms)
		LoadAssemblies (329ms)
		RebuildTransferFunctionScriptingTraits (0ms)
		AnalyzeDomain (35ms)
			TypeCache.Refresh (12ms)
				TypeCache.ScanAssembly (0ms)
			ScanForSourceGeneratedMonoScriptInfo (12ms)
			ResolveRequiredComponents (9ms)
	FinalizeReload (1106ms)
		ReleaseScriptCaches (0ms)
		RebuildScriptCaches (0ms)
		SetupLoadedEditorAssemblies (525ms)
			LogAssemblyErrors (0ms)
			InitializePlatformSupportModulesInManaged (8ms)
			SetLoadedEditorAssemblies (5ms)
			RefreshPlugins (0ms)
			BeforeProcessingInitializeOnLoad (79ms)
			ProcessInitializeOnLoadAttributes (402ms)
			ProcessInitializeOnLoadMethodAttributes (26ms)
			AfterProcessingInitializeOnLoad (5ms)
			EditorAssembliesLoaded (0ms)
		ExecutionOrderSort2 (0ms)
		AwakeInstancesAfterBackupRestoration (11ms)
Refreshing native plugins compatible for Editor in 2.47 ms, found 3 plugins.
Preloading 0 native plugins for Editor in 0.00 ms.
Unloading 3132 Unused Serialized files (Serialized files now loaded: 0)
Unloading 14 unused Assets / (28.5 KB). Loaded Objects now: 3645.
Memory consumption went from 117.7 MB to 117.7 MB.
Total: 4.350800 ms (FindLiveObjects: 0.285200 ms CreateObjectMapping: 0.223400 ms MarkObjects: 3.794800 ms  DeleteObjects: 0.046500 ms)

Prepare: number of updated asset objects reloaded= 0
AssetImportParameters requested are different than current active one (requested -> active):
  custom:container-demuxer-ogg: 62fdf1f143b41e24485cea50d1cbac27 -> 
  custom:video-decoder-ogg-theora: a1e56fd34408186e4bbccfd4996cb3dc -> 
  custom:framework-win-MediaFoundation: 216162199b28c13a410421893ffa2e32 -> 
  custom:scripting/monoscript/fileName/BombSpawner.cs: 42bfb492fc2fc6e40176e5d933e832c9 -> 
  custom:scripting/monoscript/fileName/ColorChanger.cs: d31a0d7fb05c5d47ec43ba26017e80fc -> f6c371260d842df543789961567bd0a7
  custom:scripting/monoscript/fileName/Bomb.cs: bfd944eb6528774f7c1cc3d00ac64a63 -> 62fbfe76f5286165743d61555377be05
  custom:CustomObjectIndexerAttribute: 9a22284fe3817be447336de3de66b15e -> 
  custom:scripting/monoscript/fileName/Exploder.cs: 9b0152466039c1b0e2a05b2b202f333e -> e17c7e89857fc4f731933d24c8502a85
  custom:scripting/monoscript/fileName/Platform.cs: 9ea6822636207a672fe419a3f121e641 -> 2a197b573da14efe1ad853123be22cde
  custom:container-demuxer-webm: 4f35f7cbe854078d1ac9338744f61a02 -> 
  custom:container-muxer-webm: aa71ff27fc2769a1b78a27578f13a17b -> 
  custom:video-decoder-webm-vp8: 9c59270c3fd7afecdb556c50c9e8de78 -> 
  custom:SearchIndexIgnoredProperties: e643bd26f0fe6173181afceb89e7c659 -> 
  custom:AudioImporter_EditorPlatform: d09bf68614088b80899f8185d706f6e7 -> 
  custom:scripting/monoscript/fileName/Cube.cs: c3f6b4862c91a0182d5e14a1ddeb8a06 -> 1e2bad7c218970a055fec33866548983
  custom:scripting/monoscript/fileName/CubeSpawner.cs: 2d86b49fa513d09839c054ac218ee9b0 -> 
  custom:video-encoder-webm-vp8: eb34c28f22e8b96e1ab97ce403110664 -> 
  custom:audio-decoder-ogg-vorbis: bf7c407c2cedff20999df2af8eb42d56 -> 
  custom:scripting/monoscript/fileName/TransparencyChanger.cs: 337ebccdf974de34744ebc700fc86598 -> 346eaf3f3b1de1a18cd8b4e2321d4487
  custom:audio-encoder-webm-vorbis: bf7c407c2cedff20999df2af8eb42d56 -> 
  custom:scripting/precompiled-assembly-types:Assembly-CSharp: fbda1007649a911434bcf41f93f79b4f -> e480a03165d01833ca99ad568e1bb9c9
========================================================================
Received Prepare
Caller must complete domain reload
Begin MonoManager ReloadAssembly
- Loaded All Assemblies, in  0.479 seconds
Native extension for WindowsStandalone target not found
Mono: successfully reloaded assembly
- Finished resetting the current domain, in  0.996 seconds
Domain Reload Profiling: 1475ms
	BeginReloadAssembly (180ms)
		ExecutionOrderSort (0ms)
		DisableScriptedObjects (6ms)
		BackupInstance (0ms)
		ReleaseScriptingObjects (0ms)
		CreateAndSetChildDomain (37ms)
	RebuildCommonClasses (36ms)
	RebuildNativeTypeToScriptingClass (13ms)
	initialDomainReloadingComplete (28ms)
	LoadAllAssembliesAndSetupDomain (221ms)
		LoadAssemblies (300ms)
		RebuildTransferFunctionScriptingTraits (0ms)
		AnalyzeDomain (29ms)
			TypeCache.Refresh (8ms)
				TypeCache.ScanAssembly (0ms)
			ScanForSourceGeneratedMonoScriptInfo (10ms)
			ResolveRequiredComponents (9ms)
	FinalizeReload (997ms)
		ReleaseScriptCaches (0ms)
		RebuildScriptCaches (0ms)
		SetupLoadedEditorAssemblies (480ms)
			LogAssemblyErrors (0ms)
			InitializePlatformSupportModulesInManaged (7ms)
			SetLoadedEditorAssemblies (5ms)
			RefreshPlugins (0ms)
			BeforeProcessingInitializeOnLoad (75ms)
			ProcessInitializeOnLoadAttributes (363ms)
			ProcessInitializeOnLoadMethodAttributes (26ms)
			AfterProcessingInitializeOnLoad (4ms)
			EditorAssembliesLoaded (0ms)
		ExecutionOrderSort2 (0ms)
		AwakeInstancesAfterBackupRestoration (9ms)
Refreshing native plugins compatible for Editor in 3.51 ms, found 3 plugins.
Preloading 0 native plugins for Editor in 0.00 ms.
Unloading 3133 Unused Serialized files (Serialized files now loaded: 0)
Unloading 14 unused Assets / (28.6 KB). Loaded Objects now: 3648.
Memory consumption went from 118.0 MB to 118.0 MB.
Total: 4.594500 ms (FindLiveObjects: 0.322100 ms CreateObjectMapping: 0.263400 ms MarkObjects: 3.964300 ms  DeleteObjects: 0.043200 ms)

Prepare: number of updated asset objects reloaded= 0
AssetImportParameters requested are different than current active one (requested -> active):
  custom:container-demuxer-ogg: 62fdf1f143b41e24485cea50d1cbac27 -> 
  custom:video-decoder-ogg-theora: a1e56fd34408186e4bbccfd4996cb3dc -> 
  custom:framework-win-MediaFoundation: 216162199b28c13a410421893ffa2e32 -> 
  custom:scripting/monoscript/fileName/BombSpawner.cs: 211b1e4229560b0e0ed20ed122fb08dd -> 
  custom:scripting/monoscript/fileName/ColorChanger.cs: d31a0d7fb05c5d47ec43ba26017e80fc -> f6c371260d842df543789961567bd0a7
  custom:scripting/monoscript/fileName/Bomb.cs: bfd944eb6528774f7c1cc3d00ac64a63 -> 62fbfe76f5286165743d61555377be05
  custom:CustomObjectIndexerAttribute: 9a22284fe3817be447336de3de66b15e -> 
  custom:scripting/monoscript/fileName/Exploder.cs: 9b0152466039c1b0e2a05b2b202f333e -> e17c7e89857fc4f731933d24c8502a85
  custom:scripting/monoscript/fileName/Platform.cs: 9ea6822636207a672fe419a3f121e641 -> 2a197b573da14efe1ad853123be22cde
  custom:container-demuxer-webm: 4f35f7cbe854078d1ac9338744f61a02 -> 
  custom:container-muxer-webm: aa71ff27fc2769a1b78a27578f13a17b -> 
  custom:video-decoder-webm-vp8: 9c59270c3fd7afecdb556c50c9e8de78 -> 
  custom:SearchIndexIgnoredProperties: e643bd26f0fe6173181afceb89e7c659 -> 
  custom:AudioImporter_EditorPlatform: d09bf68614088b80899f8185d706f6e7 -> 
  custom:scripting/monoscript/fileName/Cube.cs: c3f6b4862c91a0182d5e14a1ddeb8a06 -> 1e2bad7c218970a055fec33866548983
  custom:scripting/monoscript/fileName/CubeSpawner.cs: 2d86b49fa513d09839c054ac218ee9b0 -> 
  custom:video-encoder-webm-vp8: eb34c28f22e8b96e1ab97ce403110664 -> 
  custom:audio-decoder-ogg-vorbis: bf7c407c2cedff20999df2af8eb42d56 -> 
  custom:scripting/monoscript/fileName/TransparencyChanger.cs: 337ebccdf974de34744ebc700fc86598 -> 346eaf3f3b1de1a18cd8b4e2321d4487
  custom:audio-encoder-webm-vorbis: bf7c407c2cedff20999df2af8eb42d56 -> 
  custom:scripting/precompiled-assembly-types:Assembly-CSharp: 787fe44d4bf913573a2690a46aa5fda2 -> e480a03165d01833ca99ad568e1bb9c9
========================================================================
Received Prepare
Caller must complete domain reload
Begin MonoManager ReloadAssembly
- Loaded All Assemblies, in  0.584 seconds
Native extension for WindowsStandalone target not found
Mono: successfully reloaded assembly
- Finished resetting the current domain, in  1.068 seconds
Domain Reload Profiling: 1652ms
	BeginReloadAssembly (176ms)
		ExecutionOrderSort (0ms)
		DisableScriptedObjects (6ms)
		BackupInstance (0ms)
		ReleaseScriptingObjects (0ms)
		CreateAndSetChildDomain (35ms)
	RebuildCommonClasses (83ms)
	RebuildNativeTypeToScriptingClass (19ms)
	initialDomainReloadingComplete (29ms)
	LoadAllAssembliesAndSetupDomain (277ms)
		LoadAssemblies (349ms)
		RebuildTransferFunctionScriptingTraits (0ms)
		AnalyzeDomain (34ms)
			TypeCache.Refresh (15ms)
				TypeCache.ScanAssembly (1ms)
			ScanForSourceGeneratedMonoScriptInfo (11ms)
			ResolveRequiredComponents (7ms)
	FinalizeReload (1068ms)
		ReleaseScriptCaches (0ms)
		RebuildScriptCaches (0ms)
		SetupLoadedEditorAssemblies (538ms)
			LogAssemblyErrors (0ms)
			InitializePlatformSupportModulesInManaged (9ms)
			SetLoadedEditorAssemblies (6ms)
			RefreshPlugins (0ms)
			BeforeProcessingInitializeOnLoad (73ms)
			ProcessInitializeOnLoadAttributes (420ms)
			ProcessInitializeOnLoadMethodAttributes (28ms)
			AfterProcessingInitializeOnLoad (3ms)
			EditorAssembliesLoaded (0ms)
		ExecutionOrderSort2 (0ms)
		AwakeInstancesAfterBackupRestoration (9ms)
Refreshing native plugins compatible for Editor in 3.31 ms, found 3 plugins.
Preloading 0 native plugins for Editor in 0.00 ms.
Unloading 3133 Unused Serialized files (Serialized files now loaded: 0)
Unloading 14 unused Assets / (28.5 KB). Loaded Objects now: 3651.
Memory consumption went from 118.0 MB to 118.0 MB.
Total: 3.744200 ms (FindLiveObjects: 0.286100 ms CreateObjectMapping: 0.226900 ms MarkObjects: 3.175900 ms  DeleteObjects: 0.054100 ms)

Prepare: number of updated asset objects reloaded= 0
AssetImportParameters requested are different than current active one (requested -> active):
  custom:container-demuxer-ogg: 62fdf1f143b41e24485cea50d1cbac27 -> 
  custom:video-decoder-ogg-theora: a1e56fd34408186e4bbccfd4996cb3dc -> 
  custom:framework-win-MediaFoundation: 216162199b28c13a410421893ffa2e32 -> 
  custom:scripting/monoscript/fileName/BombSpawner.cs: 211b1e4229560b0e0ed20ed122fb08dd -> 
  custom:scripting/monoscript/fileName/ColorChanger.cs: d31a0d7fb05c5d47ec43ba26017e80fc -> f6c371260d842df543789961567bd0a7
  custom:scripting/monoscript/fileName/Bomb.cs: bfd944eb6528774f7c1cc3d00ac64a63 -> 62fbfe76f5286165743d61555377be05
  custom:CustomObjectIndexerAttribute: 9a22284fe3817be447336de3de66b15e -> 
  custom:scripting/monoscript/fileName/Exploder.cs: 9b0152466039c1b0e2a05b2b202f333e -> e17c7e89857fc4f731933d24c8502a85
  custom:scripting/monoscript/fileName/Platform.cs: 9ea6822636207a672fe419a3f121e641 -> 2a197b573da14efe1ad853123be22cde
  custom:container-demuxer-webm: 4f35f7cbe854078d1ac9338744f61a02 -> 
  custom:container-muxer-webm: aa71ff27fc2769a1b78a27578f13a17b -> 
  custom:video-decoder-webm-vp8: 9c59270c3fd7afecdb556c50c9e8de78 -> 
  custom:SearchIndexIgnoredProperties: e643bd26f0fe6173181afceb89e7c659 -> 
  custom:AudioImporter_EditorPlatform: d09bf68614088b80899f8185d706f6e7 -> 
  custom:scripting/monoscript/fileName/Cube.cs: c3f6b4862c91a0182d5e14a1ddeb8a06 -> 1e2bad7c218970a055fec33866548983
  custom:scripting/monoscript/fileName/CubeSpawner.cs: d34e3497e39b17fe77f76726270f8e44 -> 
  custom:video-encoder-webm-vp8: eb34c28f22e8b96e1ab97ce403110664 -> 
  custom:audio-decoder-ogg-vorbis: bf7c407c2cedff20999df2af8eb42d56 -> 
  custom:scripting/monoscript/fileName/TransparencyChanger.cs: 337ebccdf974de34744ebc700fc86598 -> 346eaf3f3b1de1a18cd8b4e2321d4487
  custom:audio-encoder-webm-vorbis: bf7c407c2cedff20999df2af8eb42d56 -> 
  custom:scripting/precompiled-assembly-types:Assembly-CSharp: 2aa59605c9b0221bcf93f0d14f0035b9 -> e480a03165d01833ca99ad568e1bb9c9
========================================================================
Received Prepare
Caller must complete domain reload
Begin MonoManager ReloadAssembly
- Loaded All Assemblies, in  0.542 seconds
Native extension for WindowsStandalone target not found
Mono: successfully reloaded assembly
- Finished resetting the current domain, in  0.977 seconds
Domain Reload Profiling: 1519ms
	BeginReloadAssembly (223ms)
		ExecutionOrderSort (0ms)
		DisableScriptedObjects (6ms)
		BackupInstance (0ms)
		ReleaseScriptingObjects (0ms)
		CreateAndSetChildDomain (34ms)
	RebuildCommonClasses (51ms)
	RebuildNativeTypeToScriptingClass (13ms)
	initialDomainReloadingComplete (33ms)
	LoadAllAssembliesAndSetupDomain (222ms)
		LoadAssemblies (345ms)
		RebuildTransferFunctionScriptingTraits (0ms)
		AnalyzeDomain (26ms)
			TypeCache.Refresh (11ms)
				TypeCache.ScanAssembly (0ms)
			ScanForSourceGeneratedMonoScriptInfo (7ms)
			ResolveRequiredComponents (6ms)
	FinalizeReload (978ms)
		ReleaseScriptCaches (0ms)
		RebuildScriptCaches (0ms)
		SetupLoadedEditorAssemblies (509ms)
			LogAssemblyErrors (0ms)
			InitializePlatformSupportModulesInManaged (6ms)
			SetLoadedEditorAssemblies (6ms)
			RefreshPlugins (0ms)
			BeforeProcessingInitializeOnLoad (77ms)
			ProcessInitializeOnLoadAttributes (388ms)
			ProcessInitializeOnLoadMethodAttributes (27ms)
			AfterProcessingInitializeOnLoad (5ms)
			EditorAssembliesLoaded (0ms)
		ExecutionOrderSort2 (0ms)
		AwakeInstancesAfterBackupRestoration (10ms)
Refreshing native plugins compatible for Editor in 2.23 ms, found 3 plugins.
Preloading 0 native plugins for Editor in 0.00 ms.
Unloading 3133 Unused Serialized files (Serialized files now loaded: 0)
Unloading 14 unused Assets / (28.4 KB). Loaded Objects now: 3654.
Memory consumption went from 118.0 MB to 118.0 MB.
Total: 4.494100 ms (FindLiveObjects: 0.384400 ms CreateObjectMapping: 0.327500 ms MarkObjects: 3.736600 ms  DeleteObjects: 0.044500 ms)

Prepare: number of updated asset objects reloaded= 0
AssetImportParameters requested are different than current active one (requested -> active):
  custom:scripting/monoscript/fileName/Spawner.cs: dfbd8e0bda67e8bd0e84e508fc63ee86 -> 7de732fab2c49f3068a483eb669d8d17
  custom:container-demuxer-ogg: 62fdf1f143b41e24485cea50d1cbac27 -> 
  custom:video-decoder-ogg-theora: a1e56fd34408186e4bbccfd4996cb3dc -> 
  custom:framework-win-MediaFoundation: 216162199b28c13a410421893ffa2e32 -> 
  custom:scripting/monoscript/fileName/BombSpawner.cs: 211b1e4229560b0e0ed20ed122fb08dd -> 
  custom:scripting/monoscript/fileName/ColorChanger.cs: d31a0d7fb05c5d47ec43ba26017e80fc -> f6c371260d842df543789961567bd0a7
  custom:scripting/monoscript/fileName/Bomb.cs: bfd944eb6528774f7c1cc3d00ac64a63 -> 62fbfe76f5286165743d61555377be05
  custom:CustomObjectIndexerAttribute: 9a22284fe3817be447336de3de66b15e -> 
  custom:scripting/monoscript/fileName/Exploder.cs: 9b0152466039c1b0e2a05b2b202f333e -> e17c7e89857fc4f731933d24c8502a85
  custom:scripting/monoscript/fileName/Platform.cs: 9ea6822636207a672fe419a3f121e641 -> 2a197b573da14efe1ad853123be22cde
  custom:container-demuxer-webm: 4f35f7cbe854078d1ac9338744f61a02 -> 
  custom:container-muxer-webm: aa71ff27fc2769a1b78a27578f13a17b -> 
  custom:video-decoder-webm-vp8: 9c59270c3fd7afecdb556c50c9e8de78 -> 
  custom:SearchIndexIgnoredProperties: e643bd26f0fe6173181afceb89e7c659 -> 
  custom:AudioImporter_EditorPlatform: d09bf68614088b80899f8185d706f6e7 -> 
  custom:scripting/monoscript/fileName/Cube.cs: c3f6b4862c91a0182d5e14a1ddeb8a06 -> 1e2bad7c218970a055fec33866548983
  custom:scripting/monoscript/fileName/CubeSpawner.cs: d34e3497e39b17fe77f76726270f8e44 -> 
  custom:video-encoder-webm-vp8: eb34c28f22e8b96e1ab97ce403110664 -> 
  custom:audio-decoder-ogg-vorbis: bf7c407c2cedff20999df2af8eb42d56 -> 
  custom:scripting/monoscript/fileName/TransparencyChanger.cs: 337ebccdf974de34744ebc700fc86598 -> 346eaf3f3b1de1a18cd8b4e2321d4487
  custom:audio-encoder-webm-vorbis: bf7c407c2cedff20999df2af8eb42d56 -> 
  custom:scripting/precompiled-assembly-types:Assembly-CSharp: 0293b4f63faf20d92f712f2b3b894c4b -> e480a03165d01833ca99ad568e1bb9c9
========================================================================
Received Prepare
Caller must complete domain reload
Begin MonoManager ReloadAssembly
- Loaded All Assemblies, in  0.457 seconds
Native extension for WindowsStandalone target not found
Mono: successfully reloaded assembly
- Finished resetting the current domain, in  0.982 seconds
Domain Reload Profiling: 1439ms
	BeginReloadAssembly (166ms)
		ExecutionOrderSort (0ms)
		DisableScriptedObjects (6ms)
		BackupInstance (0ms)
		ReleaseScriptingObjects (0ms)
		CreateAndSetChildDomain (32ms)
	RebuildCommonClasses (41ms)
	RebuildNativeTypeToScriptingClass (12ms)
	initialDomainReloadingComplete (25ms)
	LoadAllAssembliesAndSetupDomain (212ms)
		LoadAssemblies (293ms)
		RebuildTransferFunctionScriptingTraits (0ms)
		AnalyzeDomain (18ms)
			TypeCache.Refresh (7ms)
				TypeCache.ScanAssembly (0ms)
			ScanForSourceGeneratedMonoScriptInfo (0ms)
			ResolveRequiredComponents (9ms)
	FinalizeReload (983ms)
		ReleaseScriptCaches (0ms)
		RebuildScriptCaches (0ms)
		SetupLoadedEditorAssemblies (492ms)
			LogAssemblyErrors (0ms)
			InitializePlatformSupportModulesInManaged (7ms)
			SetLoadedEditorAssemblies (4ms)
			RefreshPlugins (0ms)
			BeforeProcessingInitializeOnLoad (73ms)
			ProcessInitializeOnLoadAttributes (375ms)
			ProcessInitializeOnLoadMethodAttributes (28ms)
			AfterProcessingInitializeOnLoad (4ms)
			EditorAssembliesLoaded (0ms)
		ExecutionOrderSort2 (0ms)
		AwakeInstancesAfterBackupRestoration (10ms)
Refreshing native plugins compatible for Editor in 3.79 ms, found 3 plugins.
Preloading 0 native plugins for Editor in 0.00 ms.
Unloading 3133 Unused Serialized files (Serialized files now loaded: 0)
Unloading 14 unused Assets / (28.5 KB). Loaded Objects now: 3657.
Memory consumption went from 118.0 MB to 118.0 MB.
Total: 4.447600 ms (FindLiveObjects: 0.268900 ms CreateObjectMapping: 0.212600 ms MarkObjects: 3.917400 ms  DeleteObjects: 0.047700 ms)

Prepare: number of updated asset objects reloaded= 0
AssetImportParameters requested are different than current active one (requested -> active):
  custom:scripting/monoscript/fileName/Spawner.cs: dfbd8e0bda67e8bd0e84e508fc63ee86 -> 7de732fab2c49f3068a483eb669d8d17
  custom:container-demuxer-ogg: 62fdf1f143b41e24485cea50d1cbac27 -> 
  custom:video-decoder-ogg-theora: a1e56fd34408186e4bbccfd4996cb3dc -> 
  custom:framework-win-MediaFoundation: 216162199b28c13a410421893ffa2e32 -> 
  custom:scripting/monoscript/fileName/BombSpawner.cs: 211b1e4229560b0e0ed20ed122fb08dd -> 
  custom:scripting/monoscript/fileName/ColorChanger.cs: d31a0d7fb05c5d47ec43ba26017e80fc -> f6c371260d842df543789961567bd0a7
  custom:scripting/monoscript/fileName/Bomb.cs: bfd944eb6528774f7c1cc3d00ac64a63 -> 62fbfe76f5286165743d61555377be05
  custom:CustomObjectIndexerAttribute: 9a22284fe3817be447336de3de66b15e -> 
  custom:scripting/monoscript/fileName/Exploder.cs: 9b0152466039c1b0e2a05b2b202f333e -> e17c7e89857fc4f731933d24c8502a85
  custom:scripting/monoscript/fileName/Platform.cs: 9ea6822636207a672fe419a3f121e641 -> 2a197b573da14efe1ad853123be22cde
  custom:container-demuxer-webm: 4f35f7cbe854078d1ac9338744f61a02 -> 
  custom:container-muxer-webm: aa71ff27fc2769a1b78a27578f13a17b -> 
  custom:video-decoder-webm-vp8: 9c59270c3fd7afecdb556c50c9e8de78 -> 
  custom:SearchIndexIgnoredProperties: e643bd26f0fe6173181afceb89e7c659 -> 
  custom:AudioImporter_EditorPlatform: d09bf68614088b80899f8185d706f6e7 -> 
  custom:scripting/monoscript/fileName/Cube.cs: c3f6b4862c91a0182d5e14a1ddeb8a06 -> 1e2bad7c218970a055fec33866548983
  custom:scripting/monoscript/fileName/CubeSpawner.cs: d34e3497e39b17fe77f76726270f8e44 -> 
  custom:video-encoder-webm-vp8: eb34c28f22e8b96e1ab97ce403110664 -> 
  custom:audio-decoder-ogg-vorbis: bf7c407c2cedff20999df2af8eb42d56 -> 
  custom:scripting/monoscript/fileName/TransparencyChanger.cs: 337ebccdf974de34744ebc700fc86598 -> 346eaf3f3b1de1a18cd8b4e2321d4487
  custom:audio-encoder-webm-vorbis: bf7c407c2cedff20999df2af8eb42d56 -> 
  custom:scripting/precompiled-assembly-types:Assembly-CSharp: 0293b4f63faf20d92f712f2b3b894c4b -> e480a03165d01833ca99ad568e1bb9c9
========================================================================
Received Prepare
Caller must complete domain reload
Begin MonoManager ReloadAssembly
- Loaded All Assemblies, in  0.482 seconds
Native extension for WindowsStandalone target not found
Mono: successfully reloaded assembly
- Finished resetting the current domain, in  1.009 seconds
Domain Reload Profiling: 1491ms
	BeginReloadAssembly (181ms)
		ExecutionOrderSort (0ms)
		DisableScriptedObjects (7ms)
		BackupInstance (0ms)
		ReleaseScriptingObjects (0ms)
		CreateAndSetChildDomain (33ms)
	RebuildCommonClasses (39ms)
	RebuildNativeTypeToScriptingClass (14ms)
	initialDomainReloadingComplete (28ms)
	LoadAllAssembliesAndSetupDomain (219ms)
		LoadAssemblies (304ms)
		RebuildTransferFunctionScriptingTraits (0ms)
		AnalyzeDomain (26ms)
			TypeCache.Refresh (9ms)
				TypeCache.ScanAssembly (0ms)
			ScanForSourceGeneratedMonoScriptInfo (8ms)
			ResolveRequiredComponents (8ms)
	FinalizeReload (1010ms)
		ReleaseScriptCaches (0ms)
		RebuildScriptCaches (0ms)
		SetupLoadedEditorAssemblies (420ms)
			LogAssemblyErrors (0ms)
			InitializePlatformSupportModulesInManaged (6ms)
			SetLoadedEditorAssemblies (4ms)
			RefreshPlugins (0ms)
			BeforeProcessingInitializeOnLoad (58ms)
			ProcessInitializeOnLoadAttributes (324ms)
			ProcessInitializeOnLoadMethodAttributes (24ms)
			AfterProcessingInitializeOnLoad (3ms)
			EditorAssembliesLoaded (0ms)
		ExecutionOrderSort2 (0ms)
		AwakeInstancesAfterBackupRestoration (9ms)
Refreshing native plugins compatible for Editor in 3.17 ms, found 3 plugins.
Preloading 0 native plugins for Editor in 0.00 ms.
Unloading 3133 Unused Serialized files (Serialized files now loaded: 0)
Unloading 14 unused Assets / (28.5 KB). Loaded Objects now: 3660.
Memory consumption went from 118.0 MB to 118.0 MB.
Total: 4.214800 ms (FindLiveObjects: 0.275500 ms CreateObjectMapping: 0.198500 ms MarkObjects: 3.690300 ms  DeleteObjects: 0.049600 ms)

Prepare: number of updated asset objects reloaded= 0
AssetImportParameters requested are different than current active one (requested -> active):
  custom:scripting/monoscript/fileName/Spawner.cs: dfbd8e0bda67e8bd0e84e508fc63ee86 -> 7de732fab2c49f3068a483eb669d8d17
  custom:container-demuxer-ogg: 62fdf1f143b41e24485cea50d1cbac27 -> 
  custom:video-decoder-ogg-theora: a1e56fd34408186e4bbccfd4996cb3dc -> 
  custom:framework-win-MediaFoundation: 216162199b28c13a410421893ffa2e32 -> 
  custom:scripting/monoscript/fileName/BombSpawner.cs: 211b1e4229560b0e0ed20ed122fb08dd -> 
  custom:scripting/monoscript/fileName/ColorChanger.cs: d31a0d7fb05c5d47ec43ba26017e80fc -> f6c371260d842df543789961567bd0a7
  custom:scripting/monoscript/fileName/Bomb.cs: bfd944eb6528774f7c1cc3d00ac64a63 -> 62fbfe76f5286165743d61555377be05
  custom:CustomObjectIndexerAttribute: 9a22284fe3817be447336de3de66b15e -> 
  custom:scripting/monoscript/fileName/Exploder.cs: 9b0152466039c1b0e2a05b2b202f333e -> e17c7e89857fc4f731933d24c8502a85
  custom:scripting/monoscript/fileName/Platform.cs: 9ea6822636207a672fe419a3f121e641 -> 2a197b573da14efe1ad853123be22cde
  custom:container-demuxer-webm: 4f35f7cbe854078d1ac9338744f61a02 -> 
  custom:container-muxer-webm: aa71ff27fc2769a1b78a27578f13a17b -> 
  custom:video-decoder-webm-vp8: 9c59270c3fd7afecdb556c50c9e8de78 -> 
  custom:SearchIndexIgnoredProperties: e643bd26f0fe6173181afceb89e7c659 -> 
  custom:AudioImporter_EditorPlatform: d09bf68614088b80899f8185d706f6e7 -> 
  custom:scripting/monoscript/fileName/Cube.cs: c3f6b4862c91a0182d5e14a1ddeb8a06 -> 1e2bad7c218970a055fec33866548983
  custom:scripting/monoscript/fileName/CubeSpawner.cs: d34e3497e39b17fe77f76726270f8e44 -> 
  custom:video-encoder-webm-vp8: eb34c28f22e8b96e1ab97ce403110664 -> 
  custom:audio-decoder-ogg-vorbis: bf7c407c2cedff20999df2af8eb42d56 -> 
  custom:scripting/monoscript/fileName/TransparencyChanger.cs: 337ebccdf974de34744ebc700fc86598 -> 346eaf3f3b1de1a18cd8b4e2321d4487
  custom:audio-encoder-webm-vorbis: bf7c407c2cedff20999df2af8eb42d56 -> 
  custom:scripting/precompiled-assembly-types:Assembly-CSharp: 0293b4f63faf20d92f712f2b3b894c4b -> e480a03165d01833ca99ad568e1bb9c9
========================================================================
Received Prepare
Caller must complete domain reload
Begin MonoManager ReloadAssembly
- Loaded All Assemblies, in  0.477 seconds
Native extension for WindowsStandalone target not found
Mono: successfully reloaded assembly
- Finished resetting the current domain, in  1.051 seconds
Domain Reload Profiling: 1528ms
	BeginReloadAssembly (178ms)
		ExecutionOrderSort (0ms)
		DisableScriptedObjects (8ms)
		BackupInstance (0ms)
		ReleaseScriptingObjects (0ms)
		CreateAndSetChildDomain (32ms)
	RebuildCommonClasses (44ms)
	RebuildNativeTypeToScriptingClass (12ms)
	initialDomainReloadingComplete (28ms)
	LoadAllAssembliesAndSetupDomain (213ms)
		LoadAssemblies (301ms)
		RebuildTransferFunctionScriptingTraits (0ms)
		AnalyzeDomain (19ms)
			TypeCache.Refresh (8ms)
				TypeCache.ScanAssembly (0ms)
			ScanForSourceGeneratedMonoScriptInfo (0ms)
			ResolveRequiredComponents (9ms)
	FinalizeReload (1052ms)
		ReleaseScriptCaches (0ms)
		RebuildScriptCaches (0ms)
		SetupLoadedEditorAssemblies (535ms)
			LogAssemblyErrors (0ms)
			InitializePlatformSupportModulesInManaged (7ms)
			SetLoadedEditorAssemblies (6ms)
			RefreshPlugins (0ms)
			BeforeProcessingInitializeOnLoad (81ms)
			ProcessInitializeOnLoadAttributes (409ms)
			ProcessInitializeOnLoadMethodAttributes (28ms)
			AfterProcessingInitializeOnLoad (4ms)
			EditorAssembliesLoaded (0ms)
		ExecutionOrderSort2 (0ms)
		AwakeInstancesAfterBackupRestoration (11ms)
Refreshing native plugins compatible for Editor in 3.07 ms, found 3 plugins.
Preloading 0 native plugins for Editor in 0.00 ms.
Unloading 3133 Unused Serialized files (Serialized files now loaded: 0)
Unloading 14 unused Assets / (28.5 KB). Loaded Objects now: 3663.
Memory consumption went from 118.0 MB to 118.0 MB.
Total: 4.343300 ms (FindLiveObjects: 0.283700 ms CreateObjectMapping: 0.213400 ms MarkObjects: 3.803400 ms  DeleteObjects: 0.042000 ms)

Prepare: number of updated asset objects reloaded= 0
AssetImportParameters requested are different than current active one (requested -> active):
  custom:scripting/monoscript/fileName/Spawner.cs: dfbd8e0bda67e8bd0e84e508fc63ee86 -> 7de732fab2c49f3068a483eb669d8d17
  custom:container-demuxer-ogg: 62fdf1f143b41e24485cea50d1cbac27 -> 
  custom:video-decoder-ogg-theora: a1e56fd34408186e4bbccfd4996cb3dc -> 
  custom:framework-win-MediaFoundation: 216162199b28c13a410421893ffa2e32 -> 
  custom:scripting/monoscript/fileName/BombSpawner.cs: 211b1e4229560b0e0ed20ed122fb08dd -> 
  custom:scripting/monoscript/fileName/ColorChanger.cs: d31a0d7fb05c5d47ec43ba26017e80fc -> f6c371260d842df543789961567bd0a7
  custom:scripting/monoscript/fileName/Bomb.cs: bfd944eb6528774f7c1cc3d00ac64a63 -> 62fbfe76f5286165743d61555377be05
  custom:CustomObjectIndexerAttribute: 9a22284fe3817be447336de3de66b15e -> 
  custom:scripting/monoscript/fileName/Exploder.cs: 9b0152466039c1b0e2a05b2b202f333e -> e17c7e89857fc4f731933d24c8502a85
  custom:scripting/monoscript/fileName/Platform.cs: 9ea6822636207a672fe419a3f121e641 -> 2a197b573da14efe1ad853123be22cde
  custom:container-demuxer-webm: 4f35f7cbe854078d1ac9338744f61a02 -> 
  custom:container-muxer-webm: aa71ff27fc2769a1b78a27578f13a17b -> 
  custom:video-decoder-webm-vp8: 9c59270c3fd7afecdb556c50c9e8de78 -> 
  custom:SearchIndexIgnoredProperties: e643bd26f0fe6173181afceb89e7c659 -> 
  custom:AudioImporter_EditorPlatform: d09bf68614088b80899f8185d706f6e7 -> 
  custom:scripting/monoscript/fileName/Cube.cs: c3f6b4862c91a0182d5e14a1ddeb8a06 -> 1e2bad7c218970a055fec33866548983
  custom:scripting/monoscript/fileName/CubeSpawner.cs: d34e3497e39b17fe77f76726270f8e44 -> 
  custom:video-encoder-webm-vp8: eb34c28f22e8b96e1ab97ce403110664 -> 
  custom:audio-decoder-ogg-vorbis: bf7c407c2cedff20999df2af8eb42d56 -> 
  custom:scripting/monoscript/fileName/TransparencyChanger.cs: 337ebccdf974de34744ebc700fc86598 -> 346eaf3f3b1de1a18cd8b4e2321d4487
  custom:audio-encoder-webm-vorbis: bf7c407c2cedff20999df2af8eb42d56 -> 
  custom:scripting/precompiled-assembly-types:Assembly-CSharp: 0293b4f63faf20d92f712f2b3b894c4b -> e480a03165d01833ca99ad568e1bb9c9
========================================================================
Received Prepare
Caller must complete domain reload
Begin MonoManager ReloadAssembly
- Loaded All Assemblies, in  0.480 seconds
Native extension for WindowsStandalone target not found
Mono: successfully reloaded assembly
- Finished resetting the current domain, in  0.960 seconds
Domain Reload Profiling: 1439ms
	BeginReloadAssembly (176ms)
		ExecutionOrderSort (0ms)
		DisableScriptedObjects (6ms)
		BackupInstance (0ms)
		ReleaseScriptingObjects (0ms)
		CreateAndSetChildDomain (37ms)
	RebuildCommonClasses (37ms)
	RebuildNativeTypeToScriptingClass (19ms)
	initialDomainReloadingComplete (27ms)
	LoadAllAssembliesAndSetupDomain (220ms)
		LoadAssemblies (296ms)
		RebuildTransferFunctionScriptingTraits (0ms)
		AnalyzeDomain (26ms)
			TypeCache.Refresh (9ms)
				TypeCache.ScanAssembly (0ms)
			ScanForSourceGeneratedMonoScriptInfo (8ms)
			ResolveRequiredComponents (8ms)
	FinalizeReload (960ms)
		ReleaseScriptCaches (0ms)
		RebuildScriptCaches (0ms)
		SetupLoadedEditorAssemblies (499ms)
			LogAssemblyErrors (0ms)
			InitializePlatformSupportModulesInManaged (7ms)
			SetLoadedEditorAssemblies (5ms)
			RefreshPlugins (0ms)
			BeforeProcessingInitializeOnLoad (74ms)
			ProcessInitializeOnLoadAttributes (388ms)
			ProcessInitializeOnLoadMethodAttributes (21ms)
			AfterProcessingInitializeOnLoad (3ms)
			EditorAssembliesLoaded (0ms)
		ExecutionOrderSort2 (0ms)
		AwakeInstancesAfterBackupRestoration (8ms)
Refreshing native plugins compatible for Editor in 3.04 ms, found 3 plugins.
Preloading 0 native plugins for Editor in 0.00 ms.
Unloading 3133 Unused Serialized files (Serialized files now loaded: 0)
Unloading 14 unused Assets / (28.5 KB). Loaded Objects now: 3666.
Memory consumption went from 118.0 MB to 118.0 MB.
Total: 4.190300 ms (FindLiveObjects: 0.261900 ms CreateObjectMapping: 0.165500 ms MarkObjects: 3.710600 ms  DeleteObjects: 0.051500 ms)

Prepare: number of updated asset objects reloaded= 0
AssetImportParameters requested are different than current active one (requested -> active):
  custom:scripting/monoscript/fileName/Spawner.cs: dfbd8e0bda67e8bd0e84e508fc63ee86 -> 7de732fab2c49f3068a483eb669d8d17
  custom:container-demuxer-ogg: 62fdf1f143b41e24485cea50d1cbac27 -> 
  custom:video-decoder-ogg-theora: a1e56fd34408186e4bbccfd4996cb3dc -> 
  custom:framework-win-MediaFoundation: 216162199b28c13a410421893ffa2e32 -> 
  custom:scripting/monoscript/fileName/BombSpawner.cs: 211b1e4229560b0e0ed20ed122fb08dd -> 
  custom:scripting/monoscript/fileName/ColorChanger.cs: d31a0d7fb05c5d47ec43ba26017e80fc -> f6c371260d842df543789961567bd0a7
  custom:scripting/monoscript/fileName/Bomb.cs: bfd944eb6528774f7c1cc3d00ac64a63 -> 62fbfe76f5286165743d61555377be05
  custom:CustomObjectIndexerAttribute: 9a22284fe3817be447336de3de66b15e -> 
  custom:scripting/monoscript/fileName/Exploder.cs: 9b0152466039c1b0e2a05b2b202f333e -> e17c7e89857fc4f731933d24c8502a85
  custom:scripting/monoscript/fileName/Platform.cs: 9ea6822636207a672fe419a3f121e641 -> 2a197b573da14efe1ad853123be22cde
  custom:container-demuxer-webm: 4f35f7cbe854078d1ac9338744f61a02 -> 
  custom:container-muxer-webm: aa71ff27fc2769a1b78a27578f13a17b -> 
  custom:video-decoder-webm-vp8: 9c59270c3fd7afecdb556c50c9e8de78 -> 
  custom:SearchIndexIgnoredProperties: e643bd26f0fe6173181afceb89e7c659 -> 
  custom:AudioImporter_EditorPlatform: d09bf68614088b80899f8185d706f6e7 -> 
  custom:scripting/monoscript/fileName/Cube.cs: c3f6b4862c91a0182d5e14a1ddeb8a06 -> 1e2bad7c218970a055fec33866548983
  custom:scripting/monoscript/fileName/CubeSpawner.cs: d34e3497e39b17fe77f76726270f8e44 -> 
  custom:video-encoder-webm-vp8: eb34c28f22e8b96e1ab97ce403110664 -> 
  custom:audio-decoder-ogg-vorbis: bf7c407c2cedff20999df2af8eb42d56 -> 
  custom:scripting/monoscript/fileName/TransparencyChanger.cs: 337ebccdf974de34744ebc700fc86598 -> 346eaf3f3b1de1a18cd8b4e2321d4487
  custom:audio-encoder-webm-vorbis: bf7c407c2cedff20999df2af8eb42d56 -> 
  custom:scripting/precompiled-assembly-types:Assembly-CSharp: 0293b4f63faf20d92f712f2b3b894c4b -> e480a03165d01833ca99ad568e1bb9c9
========================================================================
Received Prepare
Caller must complete domain reload
Begin MonoManager ReloadAssembly
- Loaded All Assemblies, in  0.477 seconds
Native extension for WindowsStandalone target not found
Mono: successfully reloaded assembly
- Finished resetting the current domain, in  1.031 seconds
Domain Reload Profiling: 1508ms
	BeginReloadAssembly (183ms)
		ExecutionOrderSort (0ms)
		DisableScriptedObjects (7ms)
		BackupInstance (0ms)
		ReleaseScriptingObjects (0ms)
		CreateAndSetChildDomain (40ms)
	RebuildCommonClasses (44ms)
	RebuildNativeTypeToScriptingClass (16ms)
	initialDomainReloadingComplete (26ms)
	LoadAllAssembliesAndSetupDomain (208ms)
		LoadAssemblies (300ms)
		RebuildTransferFunctionScriptingTraits (0ms)
		AnalyzeDomain (14ms)
			TypeCache.Refresh (5ms)
				TypeCache.ScanAssembly (0ms)
			ScanForSourceGeneratedMonoScriptInfo (0ms)
			ResolveRequiredComponents (6ms)
	FinalizeReload (1032ms)
		ReleaseScriptCaches (0ms)
		RebuildScriptCaches (0ms)
		SetupLoadedEditorAssemblies (503ms)
			LogAssemblyErrors (0ms)
			InitializePlatformSupportModulesInManaged (7ms)
			SetLoadedEditorAssemblies (5ms)
			RefreshPlugins (0ms)
			BeforeProcessingInitializeOnLoad (69ms)
			ProcessInitializeOnLoadAttributes (383ms)
			ProcessInitializeOnLoadMethodAttributes (35ms)
			AfterProcessingInitializeOnLoad (4ms)
			EditorAssembliesLoaded (0ms)
		ExecutionOrderSort2 (0ms)
		AwakeInstancesAfterBackupRestoration (10ms)
Refreshing native plugins compatible for Editor in 2.36 ms, found 3 plugins.
Preloading 0 native plugins for Editor in 0.00 ms.
Unloading 3133 Unused Serialized files (Serialized files now loaded: 0)
Unloading 14 unused Assets / (28.6 KB). Loaded Objects now: 3669.
Memory consumption went from 118.0 MB to 118.0 MB.
Total: 4.009000 ms (FindLiveObjects: 0.304900 ms CreateObjectMapping: 0.263700 ms MarkObjects: 3.395700 ms  DeleteObjects: 0.043100 ms)

Prepare: number of updated asset objects reloaded= 0
AssetImportParameters requested are different than current active one (requested -> active):
  custom:scripting/monoscript/fileName/Spawner.cs: dfbd8e0bda67e8bd0e84e508fc63ee86 -> 7de732fab2c49f3068a483eb669d8d17
  custom:container-demuxer-ogg: 62fdf1f143b41e24485cea50d1cbac27 -> 
  custom:video-decoder-ogg-theora: a1e56fd34408186e4bbccfd4996cb3dc -> 
  custom:framework-win-MediaFoundation: 216162199b28c13a410421893ffa2e32 -> 
  custom:scripting/monoscript/fileName/BombSpawner.cs: 211b1e4229560b0e0ed20ed122fb08dd -> 
  custom:scripting/monoscript/fileName/ColorChanger.cs: d31a0d7fb05c5d47ec43ba26017e80fc -> f6c371260d842df543789961567bd0a7
  custom:scripting/monoscript/fileName/Bomb.cs: bfd944eb6528774f7c1cc3d00ac64a63 -> 62fbfe76f5286165743d61555377be05
  custom:CustomObjectIndexerAttribute: 9a22284fe3817be447336de3de66b15e -> 
  custom:scripting/monoscript/fileName/Exploder.cs: 9b0152466039c1b0e2a05b2b202f333e -> e17c7e89857fc4f731933d24c8502a85
  custom:scripting/monoscript/fileName/Platform.cs: 9ea6822636207a672fe419a3f121e641 -> 2a197b573da14efe1ad853123be22cde
  custom:container-demuxer-webm: 4f35f7cbe854078d1ac9338744f61a02 -> 
  custom:container-muxer-webm: aa71ff27fc2769a1b78a27578f13a17b -> 
  custom:video-decoder-webm-vp8: 9c59270c3fd7afecdb556c50c9e8de78 -> 
  custom:SearchIndexIgnoredProperties: e643bd26f0fe6173181afceb89e7c659 -> 
  custom:AudioImporter_EditorPlatform: d09bf68614088b80899f8185d706f6e7 -> 
  custom:scripting/monoscript/fileName/Cube.cs: c3f6b4862c91a0182d5e14a1ddeb8a06 -> 1e2bad7c218970a055fec33866548983
  custom:scripting/monoscript/fileName/CubeSpawner.cs: d34e3497e39b17fe77f76726270f8e44 -> 
  custom:video-encoder-webm-vp8: eb34c28f22e8b96e1ab97ce403110664 -> 
  custom:audio-decoder-ogg-vorbis: bf7c407c2cedff20999df2af8eb42d56 -> 
  custom:scripting/monoscript/fileName/TransparencyChanger.cs: 337ebccdf974de34744ebc700fc86598 -> 346eaf3f3b1de1a18cd8b4e2321d4487
  custom:audio-encoder-webm-vorbis: bf7c407c2cedff20999df2af8eb42d56 -> 
  custom:scripting/precompiled-assembly-types:Assembly-CSharp: 0293b4f63faf20d92f712f2b3b894c4b -> e480a03165d01833ca99ad568e1bb9c9
========================================================================
Received Prepare
Caller must complete domain reload
Begin MonoManager ReloadAssembly
- Loaded All Assemblies, in  0.481 seconds
Native extension for WindowsStandalone target not found
Mono: successfully reloaded assembly
- Finished resetting the current domain, in  0.974 seconds
Domain Reload Profiling: 1455ms
	BeginReloadAssembly (182ms)
		ExecutionOrderSort (0ms)
		DisableScriptedObjects (6ms)
		BackupInstance (0ms)
		ReleaseScriptingObjects (0ms)
		CreateAndSetChildDomain (39ms)
	RebuildCommonClasses (36ms)
	RebuildNativeTypeToScriptingClass (12ms)
	initialDomainReloadingComplete (27ms)
	LoadAllAssembliesAndSetupDomain (223ms)
		LoadAssemblies (299ms)
		RebuildTransferFunctionScriptingTraits (0ms)
		AnalyzeDomain (27ms)
			TypeCache.Refresh (9ms)
				TypeCache.ScanAssembly (0ms)
			ScanForSourceGeneratedMonoScriptInfo (7ms)
			ResolveRequiredComponents (9ms)
	FinalizeReload (975ms)
		ReleaseScriptCaches (0ms)
		RebuildScriptCaches (0ms)
		SetupLoadedEditorAssemblies (493ms)
			LogAssemblyErrors (0ms)
			InitializePlatformSupportModulesInManaged (6ms)
			SetLoadedEditorAssemblies (6ms)
			RefreshPlugins (0ms)
			BeforeProcessingInitializeOnLoad (76ms)
			ProcessInitializeOnLoadAttributes (376ms)
			ProcessInitializeOnLoadMethodAttributes (26ms)
			AfterProcessingInitializeOnLoad (3ms)
			EditorAssembliesLoaded (0ms)
		ExecutionOrderSort2 (0ms)
		AwakeInstancesAfterBackupRestoration (10ms)
Refreshing native plugins compatible for Editor in 2.26 ms, found 3 plugins.
Preloading 0 native plugins for Editor in 0.00 ms.
Unloading 3133 Unused Serialized files (Serialized files now loaded: 0)
Unloading 14 unused Assets / (28.7 KB). Loaded Objects now: 3672.
Memory consumption went from 118.0 MB to 118.0 MB.
Total: 4.166100 ms (FindLiveObjects: 0.285300 ms CreateObjectMapping: 0.239600 ms MarkObjects: 3.590400 ms  DeleteObjects: 0.049800 ms)

Prepare: number of updated asset objects reloaded= 0
AssetImportParameters requested are different than current active one (requested -> active):
  custom:scripting/monoscript/fileName/Spawner.cs: dfbd8e0bda67e8bd0e84e508fc63ee86 -> 7de732fab2c49f3068a483eb669d8d17
  custom:container-demuxer-ogg: 62fdf1f143b41e24485cea50d1cbac27 -> 
  custom:video-decoder-ogg-theora: a1e56fd34408186e4bbccfd4996cb3dc -> 
  custom:framework-win-MediaFoundation: 216162199b28c13a410421893ffa2e32 -> 
  custom:scripting/monoscript/fileName/BombSpawner.cs: 211b1e4229560b0e0ed20ed122fb08dd -> 
  custom:scripting/monoscript/fileName/ColorChanger.cs: d31a0d7fb05c5d47ec43ba26017e80fc -> f6c371260d842df543789961567bd0a7
  custom:scripting/monoscript/fileName/Bomb.cs: bfd944eb6528774f7c1cc3d00ac64a63 -> 62fbfe76f5286165743d61555377be05
  custom:CustomObjectIndexerAttribute: 9a22284fe3817be447336de3de66b15e -> 
  custom:scripting/monoscript/fileName/Exploder.cs: 9b0152466039c1b0e2a05b2b202f333e -> e17c7e89857fc4f731933d24c8502a85
  custom:scripting/monoscript/fileName/Platform.cs: 9ea6822636207a672fe419a3f121e641 -> 2a197b573da14efe1ad853123be22cde
  custom:container-demuxer-webm: 4f35f7cbe854078d1ac9338744f61a02 -> 
  custom:container-muxer-webm: aa71ff27fc2769a1b78a27578f13a17b -> 
  custom:video-decoder-webm-vp8: 9c59270c3fd7afecdb556c50c9e8de78 -> 
  custom:SearchIndexIgnoredProperties: e643bd26f0fe6173181afceb89e7c659 -> 
  custom:AudioImporter_EditorPlatform: d09bf68614088b80899f8185d706f6e7 -> 
  custom:scripting/monoscript/fileName/Cube.cs: c3f6b4862c91a0182d5e14a1ddeb8a06 -> 1e2bad7c218970a055fec33866548983
  custom:scripting/monoscript/fileName/CubeSpawner.cs: d34e3497e39b17fe77f76726270f8e44 -> 
  custom:video-encoder-webm-vp8: eb34c28f22e8b96e1ab97ce403110664 -> 
  custom:audio-decoder-ogg-vorbis: bf7c407c2cedff20999df2af8eb42d56 -> 
  custom:scripting/monoscript/fileName/TransparencyChanger.cs: 337ebccdf974de34744ebc700fc86598 -> 346eaf3f3b1de1a18cd8b4e2321d4487
  custom:audio-encoder-webm-vorbis: bf7c407c2cedff20999df2af8eb42d56 -> 
  custom:scripting/precompiled-assembly-types:Assembly-CSharp: 0293b4f63faf20d92f712f2b3b894c4b -> e480a03165d01833ca99ad568e1bb9c9
========================================================================
Received Prepare
Caller must complete domain reload
Begin MonoManager ReloadAssembly
- Loaded All Assemblies, in  0.814 seconds
Native extension for WindowsStandalone target not found
Mono: successfully reloaded assembly
- Finished resetting the current domain, in  1.122 seconds
Domain Reload Profiling: 1936ms
	BeginReloadAssembly (287ms)
		ExecutionOrderSort (0ms)
		DisableScriptedObjects (23ms)
		BackupInstance (0ms)
		ReleaseScriptingObjects (0ms)
		CreateAndSetChildDomain (60ms)
	RebuildCommonClasses (63ms)
	RebuildNativeTypeToScriptingClass (24ms)
	initialDomainReloadingComplete (61ms)
	LoadAllAssembliesAndSetupDomain (378ms)
		LoadAssemblies (488ms)
		RebuildTransferFunctionScriptingTraits (0ms)
		AnalyzeDomain (42ms)
			TypeCache.Refresh (11ms)
				TypeCache.ScanAssembly (0ms)
			ScanForSourceGeneratedMonoScriptInfo (8ms)
			ResolveRequiredComponents (18ms)
	FinalizeReload (1123ms)
		ReleaseScriptCaches (0ms)
		RebuildScriptCaches (0ms)
		SetupLoadedEditorAssemblies (480ms)
			LogAssemblyErrors (0ms)
			InitializePlatformSupportModulesInManaged (6ms)
			SetLoadedEditorAssemblies (4ms)
			RefreshPlugins (0ms)
			BeforeProcessingInitializeOnLoad (61ms)
			ProcessInitializeOnLoadAttributes (379ms)
			ProcessInitializeOnLoadMethodAttributes (26ms)
			AfterProcessingInitializeOnLoad (5ms)
			EditorAssembliesLoaded (0ms)
		ExecutionOrderSort2 (0ms)
		AwakeInstancesAfterBackupRestoration (9ms)
Refreshing native plugins compatible for Editor in 2.31 ms, found 3 plugins.
Preloading 0 native plugins for Editor in 0.00 ms.
Unloading 3133 Unused Serialized files (Serialized files now loaded: 0)
Unloading 14 unused Assets / (28.5 KB). Loaded Objects now: 3675.
Memory consumption went from 118.0 MB to 118.0 MB.
Total: 4.103300 ms (FindLiveObjects: 0.300200 ms CreateObjectMapping: 0.293200 ms MarkObjects: 3.465800 ms  DeleteObjects: 0.043100 ms)

Prepare: number of updated asset objects reloaded= 0
AssetImportParameters requested are different than current active one (requested -> active):
  custom:scripting/monoscript/fileName/Spawner.cs: dfbd8e0bda67e8bd0e84e508fc63ee86 -> 7de732fab2c49f3068a483eb669d8d17
  custom:container-demuxer-ogg: 62fdf1f143b41e24485cea50d1cbac27 -> 
  custom:video-decoder-ogg-theora: a1e56fd34408186e4bbccfd4996cb3dc -> 
  custom:framework-win-MediaFoundation: 216162199b28c13a410421893ffa2e32 -> 
  custom:scripting/monoscript/fileName/BombSpawner.cs: 211b1e4229560b0e0ed20ed122fb08dd -> 
  custom:scripting/monoscript/fileName/ColorChanger.cs: d31a0d7fb05c5d47ec43ba26017e80fc -> f6c371260d842df543789961567bd0a7
  custom:scripting/monoscript/fileName/Bomb.cs: bfd944eb6528774f7c1cc3d00ac64a63 -> 62fbfe76f5286165743d61555377be05
  custom:CustomObjectIndexerAttribute: 9a22284fe3817be447336de3de66b15e -> 
  custom:scripting/monoscript/fileName/Exploder.cs: 9b0152466039c1b0e2a05b2b202f333e -> e17c7e89857fc4f731933d24c8502a85
  custom:scripting/monoscript/fileName/Platform.cs: 9ea6822636207a672fe419a3f121e641 -> 2a197b573da14efe1ad853123be22cde
  custom:container-demuxer-webm: 4f35f7cbe854078d1ac9338744f61a02 -> 
  custom:container-muxer-webm: aa71ff27fc2769a1b78a27578f13a17b -> 
  custom:video-decoder-webm-vp8: 9c59270c3fd7afecdb556c50c9e8de78 -> 
  custom:SearchIndexIgnoredProperties: e643bd26f0fe6173181afceb89e7c659 -> 
  custom:AudioImporter_EditorPlatform: d09bf68614088b80899f8185d706f6e7 -> 
  custom:scripting/monoscript/fileName/Cube.cs: c3f6b4862c91a0182d5e14a1ddeb8a06 -> 1e2bad7c218970a055fec33866548983
  custom:scripting/monoscript/fileName/CubeSpawner.cs: d34e3497e39b17fe77f76726270f8e44 -> 
  custom:video-encoder-webm-vp8: eb34c28f22e8b96e1ab97ce403110664 -> 
  custom:audio-decoder-ogg-vorbis: bf7c407c2cedff20999df2af8eb42d56 -> 
  custom:scripting/monoscript/fileName/TransparencyChanger.cs: 337ebccdf974de34744ebc700fc86598 -> 346eaf3f3b1de1a18cd8b4e2321d4487
  custom:audio-encoder-webm-vorbis: bf7c407c2cedff20999df2af8eb42d56 -> 
  custom:scripting/precompiled-assembly-types:Assembly-CSharp: 0293b4f63faf20d92f712f2b3b894c4b -> e480a03165d01833ca99ad568e1bb9c9
========================================================================
Received Prepare
Caller must complete domain reload
Begin MonoManager ReloadAssembly
- Loaded All Assemblies, in  0.480 seconds
Native extension for WindowsStandalone target not found
Mono: successfully reloaded assembly
- Finished resetting the current domain, in  0.960 seconds
Domain Reload Profiling: 1440ms
	BeginReloadAssembly (176ms)
		ExecutionOrderSort (0ms)
		DisableScriptedObjects (6ms)
		BackupInstance (0ms)
		ReleaseScriptingObjects (0ms)
		CreateAndSetChildDomain (34ms)
	RebuildCommonClasses (38ms)
	RebuildNativeTypeToScriptingClass (12ms)
	initialDomainReloadingComplete (32ms)
	LoadAllAssembliesAndSetupDomain (221ms)
		LoadAssemblies (298ms)
		RebuildTransferFunctionScriptingTraits (0ms)
		AnalyzeDomain (27ms)
			TypeCache.Refresh (9ms)
				TypeCache.ScanAssembly (0ms)
			ScanForSourceGeneratedMonoScriptInfo (9ms)
			ResolveRequiredComponents (7ms)
	FinalizeReload (961ms)
		ReleaseScriptCaches (0ms)
		RebuildScriptCaches (0ms)
		SetupLoadedEditorAssemblies (457ms)
			LogAssemblyErrors (0ms)
			InitializePlatformSupportModulesInManaged (6ms)
			SetLoadedEditorAssemblies (4ms)
			RefreshPlugins (0ms)
			BeforeProcessingInitializeOnLoad (68ms)
			ProcessInitializeOnLoadAttributes (349ms)
			ProcessInitializeOnLoadMethodAttributes (27ms)
			AfterProcessingInitializeOnLoad (3ms)
			EditorAssembliesLoaded (0ms)
		ExecutionOrderSort2 (0ms)
		AwakeInstancesAfterBackupRestoration (10ms)
Refreshing native plugins compatible for Editor in 2.12 ms, found 3 plugins.
Preloading 0 native plugins for Editor in 0.00 ms.
Unloading 3133 Unused Serialized files (Serialized files now loaded: 0)
Unloading 14 unused Assets / (28.6 KB). Loaded Objects now: 3678.
Memory consumption went from 118.0 MB to 118.0 MB.
Total: 4.139200 ms (FindLiveObjects: 0.290500 ms CreateObjectMapping: 0.263500 ms MarkObjects: 3.526800 ms  DeleteObjects: 0.057300 ms)

Prepare: number of updated asset objects reloaded= 0
AssetImportParameters requested are different than current active one (requested -> active):
  custom:scripting/monoscript/fileName/Spawner.cs: dfbd8e0bda67e8bd0e84e508fc63ee86 -> 7de732fab2c49f3068a483eb669d8d17
  custom:container-demuxer-ogg: 62fdf1f143b41e24485cea50d1cbac27 -> 
  custom:video-decoder-ogg-theora: a1e56fd34408186e4bbccfd4996cb3dc -> 
  custom:framework-win-MediaFoundation: 216162199b28c13a410421893ffa2e32 -> 
  custom:scripting/monoscript/fileName/BombSpawner.cs: 211b1e4229560b0e0ed20ed122fb08dd -> 
  custom:scripting/monoscript/fileName/ColorChanger.cs: d31a0d7fb05c5d47ec43ba26017e80fc -> f6c371260d842df543789961567bd0a7
  custom:scripting/monoscript/fileName/Bomb.cs: bfd944eb6528774f7c1cc3d00ac64a63 -> 62fbfe76f5286165743d61555377be05
  custom:CustomObjectIndexerAttribute: 9a22284fe3817be447336de3de66b15e -> 
  custom:scripting/monoscript/fileName/Exploder.cs: 9b0152466039c1b0e2a05b2b202f333e -> e17c7e89857fc4f731933d24c8502a85
  custom:scripting/monoscript/fileName/Platform.cs: 9ea6822636207a672fe419a3f121e641 -> 2a197b573da14efe1ad853123be22cde
  custom:container-demuxer-webm: 4f35f7cbe854078d1ac9338744f61a02 -> 
  custom:container-muxer-webm: aa71ff27fc2769a1b78a27578f13a17b -> 
  custom:video-decoder-webm-vp8: 9c59270c3fd7afecdb556c50c9e8de78 -> 
  custom:SearchIndexIgnoredProperties: e643bd26f0fe6173181afceb89e7c659 -> 
  custom:AudioImporter_EditorPlatform: d09bf68614088b80899f8185d706f6e7 -> 
  custom:scripting/monoscript/fileName/Cube.cs: c3f6b4862c91a0182d5e14a1ddeb8a06 -> 1e2bad7c218970a055fec33866548983
  custom:scripting/monoscript/fileName/CubeSpawner.cs: d34e3497e39b17fe77f76726270f8e44 -> 
  custom:video-encoder-webm-vp8: eb34c28f22e8b96e1ab97ce403110664 -> 
  custom:audio-decoder-ogg-vorbis: bf7c407c2cedff20999df2af8eb42d56 -> 
  custom:scripting/monoscript/fileName/TransparencyChanger.cs: 337ebccdf974de34744ebc700fc86598 -> 346eaf3f3b1de1a18cd8b4e2321d4487
  custom:audio-encoder-webm-vorbis: bf7c407c2cedff20999df2af8eb42d56 -> 
  custom:scripting/precompiled-assembly-types:Assembly-CSharp: 0293b4f63faf20d92f712f2b3b894c4b -> e480a03165d01833ca99ad568e1bb9c9
========================================================================
Received Prepare
Caller must complete domain reload
Begin MonoManager ReloadAssembly
- Loaded All Assemblies, in  0.463 seconds
Native extension for WindowsStandalone target not found
Mono: successfully reloaded assembly
- Finished resetting the current domain, in  0.935 seconds
Domain Reload Profiling: 1398ms
	BeginReloadAssembly (171ms)
		ExecutionOrderSort (0ms)
		DisableScriptedObjects (9ms)
		BackupInstance (0ms)
		ReleaseScriptingObjects (0ms)
		CreateAndSetChildDomain (35ms)
	RebuildCommonClasses (40ms)
	RebuildNativeTypeToScriptingClass (17ms)
	initialDomainReloadingComplete (30ms)
	LoadAllAssembliesAndSetupDomain (204ms)
		LoadAssemblies (285ms)
		RebuildTransferFunctionScriptingTraits (0ms)
		AnalyzeDomain (14ms)
			TypeCache.Refresh (6ms)
				TypeCache.ScanAssembly (0ms)
			ScanForSourceGeneratedMonoScriptInfo (0ms)
			ResolveRequiredComponents (7ms)
	FinalizeReload (936ms)
		ReleaseScriptCaches (0ms)
		RebuildScriptCaches (0ms)
		SetupLoadedEditorAssemblies (477ms)
			LogAssemblyErrors (0ms)
			InitializePlatformSupportModulesInManaged (8ms)
			SetLoadedEditorAssemblies (5ms)
			RefreshPlugins (0ms)
			BeforeProcessingInitializeOnLoad (68ms)
			ProcessInitializeOnLoadAttributes (365ms)
			ProcessInitializeOnLoadMethodAttributes (26ms)
			AfterProcessingInitializeOnLoad (5ms)
			EditorAssembliesLoaded (0ms)
		ExecutionOrderSort2 (0ms)
		AwakeInstancesAfterBackupRestoration (9ms)
Refreshing native plugins compatible for Editor in 2.85 ms, found 3 plugins.
Preloading 0 native plugins for Editor in 0.00 ms.
Unloading 3133 Unused Serialized files (Serialized files now loaded: 0)
Unloading 14 unused Assets / (28.6 KB). Loaded Objects now: 3681.
Memory consumption went from 118.0 MB to 118.0 MB.
Total: 4.148800 ms (FindLiveObjects: 0.272000 ms CreateObjectMapping: 0.222400 ms MarkObjects: 3.609800 ms  DeleteObjects: 0.043700 ms)

Prepare: number of updated asset objects reloaded= 0
AssetImportParameters requested are different than current active one (requested -> active):
  custom:scripting/monoscript/fileName/Spawner.cs: dfbd8e0bda67e8bd0e84e508fc63ee86 -> 7de732fab2c49f3068a483eb669d8d17
  custom:container-demuxer-ogg: 62fdf1f143b41e24485cea50d1cbac27 -> 
  custom:video-decoder-ogg-theora: a1e56fd34408186e4bbccfd4996cb3dc -> 
  custom:framework-win-MediaFoundation: 216162199b28c13a410421893ffa2e32 -> 
  custom:scripting/monoscript/fileName/BombSpawner.cs: 211b1e4229560b0e0ed20ed122fb08dd -> 
  custom:scripting/monoscript/fileName/ColorChanger.cs: d31a0d7fb05c5d47ec43ba26017e80fc -> f6c371260d842df543789961567bd0a7
  custom:scripting/monoscript/fileName/Bomb.cs: bfd944eb6528774f7c1cc3d00ac64a63 -> 62fbfe76f5286165743d61555377be05
  custom:CustomObjectIndexerAttribute: 9a22284fe3817be447336de3de66b15e -> 
  custom:scripting/monoscript/fileName/Exploder.cs: 9b0152466039c1b0e2a05b2b202f333e -> e17c7e89857fc4f731933d24c8502a85
  custom:scripting/monoscript/fileName/Platform.cs: 9ea6822636207a672fe419a3f121e641 -> 2a197b573da14efe1ad853123be22cde
  custom:container-demuxer-webm: 4f35f7cbe854078d1ac9338744f61a02 -> 
  custom:container-muxer-webm: aa71ff27fc2769a1b78a27578f13a17b -> 
  custom:video-decoder-webm-vp8: 9c59270c3fd7afecdb556c50c9e8de78 -> 
  custom:SearchIndexIgnoredProperties: e643bd26f0fe6173181afceb89e7c659 -> 
  custom:AudioImporter_EditorPlatform: d09bf68614088b80899f8185d706f6e7 -> 
  custom:scripting/monoscript/fileName/Cube.cs: c3f6b4862c91a0182d5e14a1ddeb8a06 -> 1e2bad7c218970a055fec33866548983
  custom:scripting/monoscript/fileName/CubeSpawner.cs: d34e3497e39b17fe77f76726270f8e44 -> 
  custom:video-encoder-webm-vp8: eb34c28f22e8b96e1ab97ce403110664 -> 
  custom:audio-decoder-ogg-vorbis: bf7c407c2cedff20999df2af8eb42d56 -> 
  custom:scripting/monoscript/fileName/TransparencyChanger.cs: 337ebccdf974de34744ebc700fc86598 -> 346eaf3f3b1de1a18cd8b4e2321d4487
  custom:audio-encoder-webm-vorbis: bf7c407c2cedff20999df2af8eb42d56 -> 
  custom:scripting/precompiled-assembly-types:Assembly-CSharp: 0293b4f63faf20d92f712f2b3b894c4b -> e480a03165d01833ca99ad568e1bb9c9
========================================================================
Received Import Request.
  Time since last request: 958.544186 seconds.
  path: Assets/Prefabs/Cube.prefab
  artifactKey: Guid(93350987874cadf418c07ca3543c067f) Importer(815301076,1909f56bfc062723c751e8b465ee728b)
Start importing Assets/Prefabs/Cube.prefab using Guid(93350987874cadf418c07ca3543c067f) Importer(815301076,1909f56bfc062723c751e8b465ee728b) [PhysX] Initialized MultithreadedTaskDispatcher with 8 workers.
 -> (artifact id: 'd2ea7368e7126b254495ad70dd3f2bed') in 0.002937 seconds
Number of updated asset objects reloaded before import = 0
Number of asset objects unloaded after import = 0
========================================================================
Received Prepare
Caller must complete domain reload
Begin MonoManager ReloadAssembly
- Loaded All Assemblies, in  0.574 seconds
Native extension for WindowsStandalone target not found
Mono: successfully reloaded assembly
- Finished resetting the current domain, in  1.032 seconds
Domain Reload Profiling: 1606ms
	BeginReloadAssembly (191ms)
		ExecutionOrderSort (0ms)
		DisableScriptedObjects (6ms)
		BackupInstance (0ms)
		ReleaseScriptingObjects (0ms)
		CreateAndSetChildDomain (46ms)
	RebuildCommonClasses (49ms)
	RebuildNativeTypeToScriptingClass (12ms)
	initialDomainReloadingComplete (32ms)
	LoadAllAssembliesAndSetupDomain (288ms)
		LoadAssemblies (368ms)
		RebuildTransferFunctionScriptingTraits (0ms)
		AnalyzeDomain (28ms)
			TypeCache.Refresh (11ms)
				TypeCache.ScanAssembly (0ms)
			ScanForSourceGeneratedMonoScriptInfo (8ms)
			ResolveRequiredComponents (7ms)
	FinalizeReload (1033ms)
		ReleaseScriptCaches (0ms)
		RebuildScriptCaches (0ms)
		SetupLoadedEditorAssemblies (494ms)
			LogAssemblyErrors (0ms)
			InitializePlatformSupportModulesInManaged (6ms)
			SetLoadedEditorAssemblies (6ms)
			RefreshPlugins (0ms)
			BeforeProcessingInitializeOnLoad (73ms)
			ProcessInitializeOnLoadAttributes (376ms)
			ProcessInitializeOnLoadMethodAttributes (28ms)
			AfterProcessingInitializeOnLoad (5ms)
			EditorAssembliesLoaded (0ms)
		ExecutionOrderSort2 (0ms)
		AwakeInstancesAfterBackupRestoration (11ms)
Refreshing native plugins compatible for Editor in 2.63 ms, found 3 plugins.
Preloading 0 native plugins for Editor in 0.00 ms.
Unloading 3132 Unused Serialized files (Serialized files now loaded: 0)
Unloading 14 unused Assets / (28.6 KB). Loaded Objects now: 3684.
Memory consumption went from 117.8 MB to 117.8 MB.
Total: 4.231900 ms (FindLiveObjects: 0.321600 ms CreateObjectMapping: 0.235800 ms MarkObjects: 3.625500 ms  DeleteObjects: 0.048200 ms)

Prepare: number of updated asset objects reloaded= 0
AssetImportParameters requested are different than current active one (requested -> active):
  custom:scripting/monoscript/fileName/Spawner.cs: dfbd8e0bda67e8bd0e84e508fc63ee86 -> 7de732fab2c49f3068a483eb669d8d17
  custom:container-demuxer-ogg: 62fdf1f143b41e24485cea50d1cbac27 -> 
  custom:video-decoder-ogg-theora: a1e56fd34408186e4bbccfd4996cb3dc -> 
  custom:framework-win-MediaFoundation: 216162199b28c13a410421893ffa2e32 -> 
  custom:scripting/monoscript/fileName/BombSpawner.cs: 211b1e4229560b0e0ed20ed122fb08dd -> 
  custom:scripting/monoscript/fileName/ColorChanger.cs: d31a0d7fb05c5d47ec43ba26017e80fc -> f6c371260d842df543789961567bd0a7
  custom:scripting/monoscript/fileName/Bomb.cs: bfd944eb6528774f7c1cc3d00ac64a63 -> 62fbfe76f5286165743d61555377be05
  custom:CustomObjectIndexerAttribute: 9a22284fe3817be447336de3de66b15e -> 
  custom:scripting/monoscript/fileName/Exploder.cs: 9b0152466039c1b0e2a05b2b202f333e -> e17c7e89857fc4f731933d24c8502a85
  custom:scripting/monoscript/fileName/Platform.cs: 9ea6822636207a672fe419a3f121e641 -> 2a197b573da14efe1ad853123be22cde
  custom:container-demuxer-webm: 4f35f7cbe854078d1ac9338744f61a02 -> 
  custom:container-muxer-webm: aa71ff27fc2769a1b78a27578f13a17b -> 
  custom:video-decoder-webm-vp8: 9c59270c3fd7afecdb556c50c9e8de78 -> 
  custom:SearchIndexIgnoredProperties: e643bd26f0fe6173181afceb89e7c659 -> 
  custom:AudioImporter_EditorPlatform: d09bf68614088b80899f8185d706f6e7 -> 
  custom:scripting/monoscript/fileName/Cube.cs: c3f6b4862c91a0182d5e14a1ddeb8a06 -> 1e2bad7c218970a055fec33866548983
  custom:scripting/monoscript/fileName/CubeSpawner.cs: d34e3497e39b17fe77f76726270f8e44 -> 
  custom:video-encoder-webm-vp8: eb34c28f22e8b96e1ab97ce403110664 -> 
  custom:audio-decoder-ogg-vorbis: bf7c407c2cedff20999df2af8eb42d56 -> 
  custom:scripting/monoscript/fileName/TransparencyChanger.cs: 337ebccdf974de34744ebc700fc86598 -> 346eaf3f3b1de1a18cd8b4e2321d4487
  custom:audio-encoder-webm-vorbis: bf7c407c2cedff20999df2af8eb42d56 -> 
  custom:scripting/precompiled-assembly-types:Assembly-CSharp: 7024468a13a043acf36ad06efaeb2176 -> e480a03165d01833ca99ad568e1bb9c9
========================================================================
Received Import Request.
  Time since last request: 341.007243 seconds.
  path: Assets/Prefabs/Cube.prefab
  artifactKey: Guid(93350987874cadf418c07ca3543c067f) Importer(815301076,1909f56bfc062723c751e8b465ee728b)
Start importing Assets/Prefabs/Cube.prefab using Guid(93350987874cadf418c07ca3543c067f) Importer(815301076,1909f56bfc062723c751e8b465ee728b) [PhysX] Initialized MultithreadedTaskDispatcher with 8 workers.
 -> (artifact id: '823d2838166e162459828dcb7bec3ee2') in 0.003198 seconds
Number of updated asset objects reloaded before import = 0
Number of asset objects unloaded after import = 0
========================================================================
Received Prepare
Caller must complete domain reload
Begin MonoManager ReloadAssembly
- Loaded All Assemblies, in  0.470 seconds
Native extension for WindowsStandalone target not found
Mono: successfully reloaded assembly
- Finished resetting the current domain, in  1.002 seconds
Domain Reload Profiling: 1472ms
	BeginReloadAssembly (179ms)
		ExecutionOrderSort (0ms)
		DisableScriptedObjects (6ms)
		BackupInstance (0ms)
		ReleaseScriptingObjects (0ms)
		CreateAndSetChildDomain (33ms)
	RebuildCommonClasses (45ms)
	RebuildNativeTypeToScriptingClass (15ms)
	initialDomainReloadingComplete (29ms)
	LoadAllAssembliesAndSetupDomain (202ms)
		LoadAssemblies (295ms)
		RebuildTransferFunctionScriptingTraits (0ms)
		AnalyzeDomain (14ms)
			TypeCache.Refresh (6ms)
				TypeCache.ScanAssembly (0ms)
			ScanForSourceGeneratedMonoScriptInfo (0ms)
			ResolveRequiredComponents (6ms)
	FinalizeReload (1003ms)
		ReleaseScriptCaches (0ms)
		RebuildScriptCaches (0ms)
		SetupLoadedEditorAssemblies (559ms)
			LogAssemblyErrors (0ms)
			InitializePlatformSupportModulesInManaged (5ms)
			SetLoadedEditorAssemblies (4ms)
			RefreshPlugins (0ms)
			BeforeProcessingInitializeOnLoad (68ms)
			ProcessInitializeOnLoadAttributes (449ms)
			ProcessInitializeOnLoadMethodAttributes (29ms)
			AfterProcessingInitializeOnLoad (4ms)
			EditorAssembliesLoaded (0ms)
		ExecutionOrderSort2 (0ms)
		AwakeInstancesAfterBackupRestoration (12ms)
Refreshing native plugins compatible for Editor in 3.76 ms, found 3 plugins.
Preloading 0 native plugins for Editor in 0.00 ms.
Unloading 3132 Unused Serialized files (Serialized files now loaded: 0)
Unloading 14 unused Assets / (28.5 KB). Loaded Objects now: 3687.
Memory consumption went from 117.8 MB to 117.8 MB.
Total: 5.154500 ms (FindLiveObjects: 0.369500 ms CreateObjectMapping: 0.295400 ms MarkObjects: 4.437100 ms  DeleteObjects: 0.051500 ms)

Prepare: number of updated asset objects reloaded= 0
AssetImportParameters requested are different than current active one (requested -> active):
  custom:scripting/monoscript/fileName/Spawner.cs: dfbd8e0bda67e8bd0e84e508fc63ee86 -> 7de732fab2c49f3068a483eb669d8d17
  custom:container-demuxer-ogg: 62fdf1f143b41e24485cea50d1cbac27 -> 
  custom:video-decoder-ogg-theora: a1e56fd34408186e4bbccfd4996cb3dc -> 
  custom:framework-win-MediaFoundation: 216162199b28c13a410421893ffa2e32 -> 
  custom:scripting/monoscript/fileName/BombSpawner.cs: 211b1e4229560b0e0ed20ed122fb08dd -> 
  custom:scripting/monoscript/fileName/ColorChanger.cs: d31a0d7fb05c5d47ec43ba26017e80fc -> f6c371260d842df543789961567bd0a7
  custom:scripting/monoscript/fileName/Bomb.cs: bfd944eb6528774f7c1cc3d00ac64a63 -> 62fbfe76f5286165743d61555377be05
  custom:CustomObjectIndexerAttribute: 9a22284fe3817be447336de3de66b15e -> 
  custom:scripting/monoscript/fileName/Exploder.cs: 9b0152466039c1b0e2a05b2b202f333e -> e17c7e89857fc4f731933d24c8502a85
  custom:scripting/monoscript/fileName/Platform.cs: 9ea6822636207a672fe419a3f121e641 -> 2a197b573da14efe1ad853123be22cde
  custom:container-demuxer-webm: 4f35f7cbe854078d1ac9338744f61a02 -> 
  custom:container-muxer-webm: aa71ff27fc2769a1b78a27578f13a17b -> 
  custom:video-decoder-webm-vp8: 9c59270c3fd7afecdb556c50c9e8de78 -> 
  custom:SearchIndexIgnoredProperties: e643bd26f0fe6173181afceb89e7c659 -> 
  custom:AudioImporter_EditorPlatform: d09bf68614088b80899f8185d706f6e7 -> 
  custom:scripting/monoscript/fileName/Cube.cs: c3f6b4862c91a0182d5e14a1ddeb8a06 -> 1e2bad7c218970a055fec33866548983
  custom:scripting/monoscript/fileName/CubeSpawner.cs: d34e3497e39b17fe77f76726270f8e44 -> 
  custom:video-encoder-webm-vp8: eb34c28f22e8b96e1ab97ce403110664 -> 
  custom:audio-decoder-ogg-vorbis: bf7c407c2cedff20999df2af8eb42d56 -> 
  custom:scripting/monoscript/fileName/TransparencyChanger.cs: 337ebccdf974de34744ebc700fc86598 -> 346eaf3f3b1de1a18cd8b4e2321d4487
  custom:audio-encoder-webm-vorbis: bf7c407c2cedff20999df2af8eb42d56 -> 
  custom:scripting/precompiled-assembly-types:Assembly-CSharp: 7024468a13a043acf36ad06efaeb2176 -> e480a03165d01833ca99ad568e1bb9c9
========================================================================
Received Import Request.
  Time since last request: 6.425074 seconds.
  path: Assets/Prefabs/Cube.prefab
  artifactKey: Guid(93350987874cadf418c07ca3543c067f) Importer(815301076,1909f56bfc062723c751e8b465ee728b)
Start importing Assets/Prefabs/Cube.prefab using Guid(93350987874cadf418c07ca3543c067f) Importer(815301076,1909f56bfc062723c751e8b465ee728b) [PhysX] Initialized MultithreadedTaskDispatcher with 8 workers.
 -> (artifact id: '823d2838166e162459828dcb7bec3ee2') in 0.002619 seconds
Number of updated asset objects reloaded before import = 0
Number of asset objects unloaded after import = 0
========================================================================
Received Prepare
Caller must complete domain reload
Begin MonoManager ReloadAssembly
- Loaded All Assemblies, in  0.461 seconds
Native extension for WindowsStandalone target not found
Mono: successfully reloaded assembly
- Finished resetting the current domain, in  1.030 seconds
Domain Reload Profiling: 1490ms
	BeginReloadAssembly (166ms)
		ExecutionOrderSort (0ms)
		DisableScriptedObjects (6ms)
		BackupInstance (0ms)
		ReleaseScriptingObjects (0ms)
		CreateAndSetChildDomain (33ms)
	RebuildCommonClasses (38ms)
	RebuildNativeTypeToScriptingClass (17ms)
	initialDomainReloadingComplete (26ms)
	LoadAllAssembliesAndSetupDomain (212ms)
		LoadAssemblies (296ms)
		RebuildTransferFunctionScriptingTraits (0ms)
		AnalyzeDomain (14ms)
			TypeCache.Refresh (6ms)
				TypeCache.ScanAssembly (0ms)
			ScanForSourceGeneratedMonoScriptInfo (0ms)
			ResolveRequiredComponents (6ms)
	FinalizeReload (1030ms)
		ReleaseScriptCaches (0ms)
		RebuildScriptCaches (0ms)
		SetupLoadedEditorAssemblies (516ms)
			LogAssemblyErrors (0ms)
			InitializePlatformSupportModulesInManaged (5ms)
			SetLoadedEditorAssemblies (4ms)
			RefreshPlugins (0ms)
			BeforeProcessingInitializeOnLoad (67ms)
			ProcessInitializeOnLoadAttributes (407ms)
			ProcessInitializeOnLoadMethodAttributes (28ms)
			AfterProcessingInitializeOnLoad (4ms)
			EditorAssembliesLoaded (0ms)
		ExecutionOrderSort2 (0ms)
		AwakeInstancesAfterBackupRestoration (11ms)
Refreshing native plugins compatible for Editor in 3.56 ms, found 3 plugins.
Preloading 0 native plugins for Editor in 0.00 ms.
Unloading 3132 Unused Serialized files (Serialized files now loaded: 0)
Unloading 14 unused Assets / (28.5 KB). Loaded Objects now: 3690.
Memory consumption went from 117.8 MB to 117.8 MB.
Total: 4.335500 ms (FindLiveObjects: 0.290400 ms CreateObjectMapping: 0.222100 ms MarkObjects: 3.757300 ms  DeleteObjects: 0.064600 ms)

Prepare: number of updated asset objects reloaded= 0
AssetImportParameters requested are different than current active one (requested -> active):
  custom:scripting/monoscript/fileName/Spawner.cs: dfbd8e0bda67e8bd0e84e508fc63ee86 -> 7de732fab2c49f3068a483eb669d8d17
  custom:container-demuxer-ogg: 62fdf1f143b41e24485cea50d1cbac27 -> 
  custom:video-decoder-ogg-theora: a1e56fd34408186e4bbccfd4996cb3dc -> 
  custom:framework-win-MediaFoundation: 216162199b28c13a410421893ffa2e32 -> 
  custom:scripting/monoscript/fileName/BombSpawner.cs: 211b1e4229560b0e0ed20ed122fb08dd -> 
  custom:scripting/monoscript/fileName/ColorChanger.cs: d31a0d7fb05c5d47ec43ba26017e80fc -> f6c371260d842df543789961567bd0a7
  custom:scripting/monoscript/fileName/Bomb.cs: bfd944eb6528774f7c1cc3d00ac64a63 -> 62fbfe76f5286165743d61555377be05
  custom:CustomObjectIndexerAttribute: 9a22284fe3817be447336de3de66b15e -> 
  custom:scripting/monoscript/fileName/Exploder.cs: 9b0152466039c1b0e2a05b2b202f333e -> e17c7e89857fc4f731933d24c8502a85
  custom:scripting/monoscript/fileName/Platform.cs: 9ea6822636207a672fe419a3f121e641 -> 2a197b573da14efe1ad853123be22cde
  custom:container-demuxer-webm: 4f35f7cbe854078d1ac9338744f61a02 -> 
  custom:container-muxer-webm: aa71ff27fc2769a1b78a27578f13a17b -> 
  custom:video-decoder-webm-vp8: 9c59270c3fd7afecdb556c50c9e8de78 -> 
  custom:SearchIndexIgnoredProperties: e643bd26f0fe6173181afceb89e7c659 -> 
  custom:AudioImporter_EditorPlatform: d09bf68614088b80899f8185d706f6e7 -> 
  custom:scripting/monoscript/fileName/Cube.cs: c3f6b4862c91a0182d5e14a1ddeb8a06 -> 1e2bad7c218970a055fec33866548983
  custom:scripting/monoscript/fileName/CubeSpawner.cs: d34e3497e39b17fe77f76726270f8e44 -> 
  custom:video-encoder-webm-vp8: eb34c28f22e8b96e1ab97ce403110664 -> 
  custom:audio-decoder-ogg-vorbis: bf7c407c2cedff20999df2af8eb42d56 -> 
  custom:scripting/monoscript/fileName/TransparencyChanger.cs: 337ebccdf974de34744ebc700fc86598 -> 346eaf3f3b1de1a18cd8b4e2321d4487
  custom:audio-encoder-webm-vorbis: bf7c407c2cedff20999df2af8eb42d56 -> 
  custom:scripting/precompiled-assembly-types:Assembly-CSharp: 7024468a13a043acf36ad06efaeb2176 -> e480a03165d01833ca99ad568e1bb9c9
========================================================================
Received Import Request.
  Time since last request: 29.045805 seconds.
  path: Assets/Prefabs/Cube.prefab
  artifactKey: Guid(93350987874cadf418c07ca3543c067f) Importer(815301076,1909f56bfc062723c751e8b465ee728b)
Start importing Assets/Prefabs/Cube.prefab using Guid(93350987874cadf418c07ca3543c067f) Importer(815301076,1909f56bfc062723c751e8b465ee728b) [PhysX] Initialized MultithreadedTaskDispatcher with 8 workers.
 -> (artifact id: '823d2838166e162459828dcb7bec3ee2') in 0.002437 seconds
Number of updated asset objects reloaded before import = 0
Number of asset objects unloaded after import = 0
========================================================================
Received Prepare
Caller must complete domain reload
Begin MonoManager ReloadAssembly
- Loaded All Assemblies, in  0.501 seconds
Native extension for WindowsStandalone target not found
Mono: successfully reloaded assembly
- Finished resetting the current domain, in  0.930 seconds
Domain Reload Profiling: 1431ms
	BeginReloadAssembly (170ms)
		ExecutionOrderSort (0ms)
		DisableScriptedObjects (6ms)
		BackupInstance (0ms)
		ReleaseScriptingObjects (0ms)
		CreateAndSetChildDomain (32ms)
	RebuildCommonClasses (38ms)
	RebuildNativeTypeToScriptingClass (18ms)
	initialDomainReloadingComplete (38ms)
	LoadAllAssembliesAndSetupDomain (236ms)
		LoadAssemblies (307ms)
		RebuildTransferFunctionScriptingTraits (0ms)
		AnalyzeDomain (30ms)
			TypeCache.Refresh (10ms)
				TypeCache.ScanAssembly (0ms)
			ScanForSourceGeneratedMonoScriptInfo (8ms)
			ResolveRequiredComponents (10ms)
	FinalizeReload (931ms)
		ReleaseScriptCaches (0ms)
		RebuildScriptCaches (0ms)
		SetupLoadedEditorAssemblies (454ms)
			LogAssemblyErrors (0ms)
			InitializePlatformSupportModulesInManaged (8ms)
			SetLoadedEditorAssemblies (4ms)
			RefreshPlugins (0ms)
			BeforeProcessingInitializeOnLoad (68ms)
			ProcessInitializeOnLoadAttributes (348ms)
			ProcessInitializeOnLoadMethodAttributes (23ms)
			AfterProcessingInitializeOnLoad (3ms)
			EditorAssembliesLoaded (0ms)
		ExecutionOrderSort2 (0ms)
		AwakeInstancesAfterBackupRestoration (8ms)
Refreshing native plugins compatible for Editor in 2.31 ms, found 3 plugins.
Preloading 0 native plugins for Editor in 0.00 ms.
Unloading 3132 Unused Serialized files (Serialized files now loaded: 0)
Unloading 14 unused Assets / (28.5 KB). Loaded Objects now: 3693.
Memory consumption went from 117.8 MB to 117.8 MB.
Total: 4.035200 ms (FindLiveObjects: 0.345000 ms CreateObjectMapping: 0.262700 ms MarkObjects: 3.371200 ms  DeleteObjects: 0.055600 ms)

Prepare: number of updated asset objects reloaded= 0
AssetImportParameters requested are different than current active one (requested -> active):
  custom:scripting/monoscript/fileName/Spawner.cs: dfbd8e0bda67e8bd0e84e508fc63ee86 -> 7de732fab2c49f3068a483eb669d8d17
  custom:container-demuxer-ogg: 62fdf1f143b41e24485cea50d1cbac27 -> 
  custom:video-decoder-ogg-theora: a1e56fd34408186e4bbccfd4996cb3dc -> 
  custom:framework-win-MediaFoundation: 216162199b28c13a410421893ffa2e32 -> 
  custom:scripting/monoscript/fileName/BombSpawner.cs: 211b1e4229560b0e0ed20ed122fb08dd -> 
  custom:scripting/monoscript/fileName/ColorChanger.cs: d31a0d7fb05c5d47ec43ba26017e80fc -> f6c371260d842df543789961567bd0a7
  custom:scripting/monoscript/fileName/Bomb.cs: bfd944eb6528774f7c1cc3d00ac64a63 -> 62fbfe76f5286165743d61555377be05
  custom:CustomObjectIndexerAttribute: 9a22284fe3817be447336de3de66b15e -> 
  custom:scripting/monoscript/fileName/Exploder.cs: 9b0152466039c1b0e2a05b2b202f333e -> e17c7e89857fc4f731933d24c8502a85
  custom:scripting/monoscript/fileName/Platform.cs: 9ea6822636207a672fe419a3f121e641 -> 2a197b573da14efe1ad853123be22cde
  custom:container-demuxer-webm: 4f35f7cbe854078d1ac9338744f61a02 -> 
  custom:container-muxer-webm: aa71ff27fc2769a1b78a27578f13a17b -> 
  custom:video-decoder-webm-vp8: 9c59270c3fd7afecdb556c50c9e8de78 -> 
  custom:SearchIndexIgnoredProperties: e643bd26f0fe6173181afceb89e7c659 -> 
  custom:AudioImporter_EditorPlatform: d09bf68614088b80899f8185d706f6e7 -> 
  custom:scripting/monoscript/fileName/Cube.cs: c3f6b4862c91a0182d5e14a1ddeb8a06 -> 1e2bad7c218970a055fec33866548983
  custom:scripting/monoscript/fileName/CubeSpawner.cs: d34e3497e39b17fe77f76726270f8e44 -> 
  custom:video-encoder-webm-vp8: eb34c28f22e8b96e1ab97ce403110664 -> 
  custom:audio-decoder-ogg-vorbis: bf7c407c2cedff20999df2af8eb42d56 -> 
  custom:scripting/monoscript/fileName/TransparencyChanger.cs: 337ebccdf974de34744ebc700fc86598 -> 346eaf3f3b1de1a18cd8b4e2321d4487
  custom:audio-encoder-webm-vorbis: bf7c407c2cedff20999df2af8eb42d56 -> 
  custom:scripting/precompiled-assembly-types:Assembly-CSharp: 7024468a13a043acf36ad06efaeb2176 -> e480a03165d01833ca99ad568e1bb9c9
========================================================================
Received Prepare
Caller must complete domain reload
Begin MonoManager ReloadAssembly
- Loaded All Assemblies, in  0.452 seconds
Native extension for WindowsStandalone target not found
Mono: successfully reloaded assembly
- Finished resetting the current domain, in  0.991 seconds
Domain Reload Profiling: 1443ms
	BeginReloadAssembly (165ms)
		ExecutionOrderSort (0ms)
		DisableScriptedObjects (6ms)
		BackupInstance (0ms)
		ReleaseScriptingObjects (0ms)
		CreateAndSetChildDomain (31ms)
	RebuildCommonClasses (41ms)
	RebuildNativeTypeToScriptingClass (12ms)
	initialDomainReloadingComplete (26ms)
	LoadAllAssembliesAndSetupDomain (206ms)
		LoadAssemblies (289ms)
		RebuildTransferFunctionScriptingTraits (0ms)
		AnalyzeDomain (15ms)
			TypeCache.Refresh (6ms)
				TypeCache.ScanAssembly (0ms)
			ScanForSourceGeneratedMonoScriptInfo (0ms)
			ResolveRequiredComponents (7ms)
	FinalizeReload (992ms)
		ReleaseScriptCaches (0ms)
		RebuildScriptCaches (0ms)
		SetupLoadedEditorAssemblies (541ms)
			LogAssemblyErrors (0ms)
			InitializePlatformSupportModulesInManaged (5ms)
			SetLoadedEditorAssemblies (4ms)
			RefreshPlugins (0ms)
			BeforeProcessingInitializeOnLoad (83ms)
			ProcessInitializeOnLoadAttributes (414ms)
			ProcessInitializeOnLoadMethodAttributes (31ms)
			AfterProcessingInitializeOnLoad (4ms)
			EditorAssembliesLoaded (0ms)
		ExecutionOrderSort2 (0ms)
		AwakeInstancesAfterBackupRestoration (11ms)
Refreshing native plugins compatible for Editor in 2.79 ms, found 3 plugins.
Preloading 0 native plugins for Editor in 0.00 ms.
Unloading 3133 Unused Serialized files (Serialized files now loaded: 0)
Unloading 14 unused Assets / (28.5 KB). Loaded Objects now: 3696.
Memory consumption went from 118.0 MB to 118.0 MB.
Total: 3.842000 ms (FindLiveObjects: 0.292100 ms CreateObjectMapping: 0.230800 ms MarkObjects: 3.262700 ms  DeleteObjects: 0.055500 ms)

Prepare: number of updated asset objects reloaded= 0
AssetImportParameters requested are different than current active one (requested -> active):
  custom:scripting/monoscript/fileName/Spawner.cs: dfbd8e0bda67e8bd0e84e508fc63ee86 -> 7de732fab2c49f3068a483eb669d8d17
  custom:container-demuxer-ogg: 62fdf1f143b41e24485cea50d1cbac27 -> 
  custom:video-decoder-ogg-theora: a1e56fd34408186e4bbccfd4996cb3dc -> 
  custom:framework-win-MediaFoundation: 216162199b28c13a410421893ffa2e32 -> 
  custom:scripting/monoscript/fileName/BombSpawner.cs: 211b1e4229560b0e0ed20ed122fb08dd -> 
  custom:scripting/monoscript/fileName/ColorChanger.cs: d31a0d7fb05c5d47ec43ba26017e80fc -> f6c371260d842df543789961567bd0a7
  custom:scripting/monoscript/fileName/Bomb.cs: bfd944eb6528774f7c1cc3d00ac64a63 -> 62fbfe76f5286165743d61555377be05
  custom:CustomObjectIndexerAttribute: 9a22284fe3817be447336de3de66b15e -> 
  custom:scripting/monoscript/fileName/Exploder.cs: 9b0152466039c1b0e2a05b2b202f333e -> e17c7e89857fc4f731933d24c8502a85
  custom:scripting/monoscript/fileName/Platform.cs: 9ea6822636207a672fe419a3f121e641 -> 2a197b573da14efe1ad853123be22cde
  custom:container-demuxer-webm: 4f35f7cbe854078d1ac9338744f61a02 -> 
  custom:container-muxer-webm: aa71ff27fc2769a1b78a27578f13a17b -> 
  custom:video-decoder-webm-vp8: 9c59270c3fd7afecdb556c50c9e8de78 -> 
  custom:SearchIndexIgnoredProperties: e643bd26f0fe6173181afceb89e7c659 -> 
  custom:AudioImporter_EditorPlatform: d09bf68614088b80899f8185d706f6e7 -> 
  custom:scripting/monoscript/fileName/Cube.cs: c3f6b4862c91a0182d5e14a1ddeb8a06 -> 1e2bad7c218970a055fec33866548983
  custom:scripting/monoscript/fileName/CubeSpawner.cs: d34e3497e39b17fe77f76726270f8e44 -> 
  custom:video-encoder-webm-vp8: eb34c28f22e8b96e1ab97ce403110664 -> 
  custom:audio-decoder-ogg-vorbis: bf7c407c2cedff20999df2af8eb42d56 -> 
  custom:scripting/monoscript/fileName/TransparencyChanger.cs: 337ebccdf974de34744ebc700fc86598 -> 346eaf3f3b1de1a18cd8b4e2321d4487
  custom:audio-encoder-webm-vorbis: bf7c407c2cedff20999df2af8eb42d56 -> 
  custom:scripting/precompiled-assembly-types:Assembly-CSharp: 7024468a13a043acf36ad06efaeb2176 -> e480a03165d01833ca99ad568e1bb9c9
========================================================================
Received Prepare
Caller must complete domain reload
Begin MonoManager ReloadAssembly
- Loaded All Assemblies, in  0.503 seconds
Native extension for WindowsStandalone target not found
Mono: successfully reloaded assembly
- Finished resetting the current domain, in  0.970 seconds
Domain Reload Profiling: 1473ms
	BeginReloadAssembly (181ms)
		ExecutionOrderSort (0ms)
		DisableScriptedObjects (6ms)
		BackupInstance (0ms)
		ReleaseScriptingObjects (0ms)
		CreateAndSetChildDomain (31ms)
	RebuildCommonClasses (37ms)
	RebuildNativeTypeToScriptingClass (13ms)
	initialDomainReloadingComplete (28ms)
	LoadAllAssembliesAndSetupDomain (244ms)
		LoadAssemblies (326ms)
		RebuildTransferFunctionScriptingTraits (0ms)
		AnalyzeDomain (32ms)
			TypeCache.Refresh (13ms)
				TypeCache.ScanAssembly (1ms)
			ScanForSourceGeneratedMonoScriptInfo (8ms)
			ResolveRequiredComponents (9ms)
	FinalizeReload (970ms)
		ReleaseScriptCaches (0ms)
		RebuildScriptCaches (0ms)
		SetupLoadedEditorAssemblies (461ms)
			LogAssemblyErrors (0ms)
			InitializePlatformSupportModulesInManaged (8ms)
			SetLoadedEditorAssemblies (4ms)
			RefreshPlugins (0ms)
			BeforeProcessingInitializeOnLoad (73ms)
			ProcessInitializeOnLoadAttributes (351ms)
			ProcessInitializeOnLoadMethodAttributes (21ms)
			AfterProcessingInitializeOnLoad (3ms)
			EditorAssembliesLoaded (0ms)
		ExecutionOrderSort2 (0ms)
		AwakeInstancesAfterBackupRestoration (9ms)
Refreshing native plugins compatible for Editor in 2.74 ms, found 3 plugins.
Preloading 0 native plugins for Editor in 0.00 ms.
Unloading 3133 Unused Serialized files (Serialized files now loaded: 0)
Unloading 14 unused Assets / (28.6 KB). Loaded Objects now: 3699.
Memory consumption went from 118.0 MB to 118.0 MB.
Total: 3.983000 ms (FindLiveObjects: 0.278700 ms CreateObjectMapping: 0.211500 ms MarkObjects: 3.441800 ms  DeleteObjects: 0.050000 ms)

Prepare: number of updated asset objects reloaded= 0
AssetImportParameters requested are different than current active one (requested -> active):
  custom:scripting/monoscript/fileName/Spawner.cs: dfbd8e0bda67e8bd0e84e508fc63ee86 -> 7de732fab2c49f3068a483eb669d8d17
  custom:container-demuxer-ogg: 62fdf1f143b41e24485cea50d1cbac27 -> 
  custom:video-decoder-ogg-theora: a1e56fd34408186e4bbccfd4996cb3dc -> 
  custom:framework-win-MediaFoundation: 216162199b28c13a410421893ffa2e32 -> 
  custom:scripting/monoscript/fileName/BombSpawner.cs: 211b1e4229560b0e0ed20ed122fb08dd -> 
  custom:scripting/monoscript/fileName/ColorChanger.cs: d31a0d7fb05c5d47ec43ba26017e80fc -> f6c371260d842df543789961567bd0a7
  custom:scripting/monoscript/fileName/Bomb.cs: bfd944eb6528774f7c1cc3d00ac64a63 -> 62fbfe76f5286165743d61555377be05
  custom:CustomObjectIndexerAttribute: 9a22284fe3817be447336de3de66b15e -> 
  custom:scripting/monoscript/fileName/Exploder.cs: 9b0152466039c1b0e2a05b2b202f333e -> e17c7e89857fc4f731933d24c8502a85
  custom:scripting/monoscript/fileName/Platform.cs: 9ea6822636207a672fe419a3f121e641 -> 2a197b573da14efe1ad853123be22cde
  custom:container-demuxer-webm: 4f35f7cbe854078d1ac9338744f61a02 -> 
  custom:container-muxer-webm: aa71ff27fc2769a1b78a27578f13a17b -> 
  custom:video-decoder-webm-vp8: 9c59270c3fd7afecdb556c50c9e8de78 -> 
  custom:SearchIndexIgnoredProperties: e643bd26f0fe6173181afceb89e7c659 -> 
  custom:AudioImporter_EditorPlatform: d09bf68614088b80899f8185d706f6e7 -> 
  custom:scripting/monoscript/fileName/Cube.cs: c3f6b4862c91a0182d5e14a1ddeb8a06 -> 1e2bad7c218970a055fec33866548983
  custom:scripting/monoscript/fileName/CubeSpawner.cs: d34e3497e39b17fe77f76726270f8e44 -> 
  custom:video-encoder-webm-vp8: eb34c28f22e8b96e1ab97ce403110664 -> 
  custom:audio-decoder-ogg-vorbis: bf7c407c2cedff20999df2af8eb42d56 -> 
  custom:scripting/monoscript/fileName/TransparencyChanger.cs: 337ebccdf974de34744ebc700fc86598 -> 346eaf3f3b1de1a18cd8b4e2321d4487
  custom:audio-encoder-webm-vorbis: bf7c407c2cedff20999df2af8eb42d56 -> 
  custom:scripting/precompiled-assembly-types:Assembly-CSharp: 7024468a13a043acf36ad06efaeb2176 -> e480a03165d01833ca99ad568e1bb9c9
========================================================================
Received Prepare
Caller must complete domain reload
Begin MonoManager ReloadAssembly
- Loaded All Assemblies, in  0.541 seconds
Native extension for WindowsStandalone target not found
Mono: successfully reloaded assembly
- Finished resetting the current domain, in  1.008 seconds
Domain Reload Profiling: 1549ms
	BeginReloadAssembly (225ms)
		ExecutionOrderSort (0ms)
		DisableScriptedObjects (6ms)
		BackupInstance (0ms)
		ReleaseScriptingObjects (0ms)
		CreateAndSetChildDomain (32ms)
	RebuildCommonClasses (57ms)
	RebuildNativeTypeToScriptingClass (12ms)
	initialDomainReloadingComplete (26ms)
	LoadAllAssembliesAndSetupDomain (220ms)
		LoadAssemblies (345ms)
		RebuildTransferFunctionScriptingTraits (0ms)
		AnalyzeDomain (24ms)
			TypeCache.Refresh (9ms)
				TypeCache.ScanAssembly (0ms)
			ScanForSourceGeneratedMonoScriptInfo (8ms)
			ResolveRequiredComponents (6ms)
	FinalizeReload (1009ms)
		ReleaseScriptCaches (0ms)
		RebuildScriptCaches (0ms)
		SetupLoadedEditorAssemblies (492ms)
			LogAssemblyErrors (0ms)
			InitializePlatformSupportModulesInManaged (7ms)
			SetLoadedEditorAssemblies (5ms)
			RefreshPlugins (0ms)
			BeforeProcessingInitializeOnLoad (80ms)
			ProcessInitializeOnLoadAttributes (372ms)
			ProcessInitializeOnLoadMethodAttributes (24ms)
			AfterProcessingInitializeOnLoad (4ms)
			EditorAssembliesLoaded (0ms)
		ExecutionOrderSort2 (0ms)
		AwakeInstancesAfterBackupRestoration (10ms)
Refreshing native plugins compatible for Editor in 4.56 ms, found 3 plugins.
Preloading 0 native plugins for Editor in 0.00 ms.
Unloading 3133 Unused Serialized files (Serialized files now loaded: 0)
Unloading 14 unused Assets / (28.5 KB). Loaded Objects now: 3702.
Memory consumption went from 118.0 MB to 118.0 MB.
Total: 4.016500 ms (FindLiveObjects: 0.262600 ms CreateObjectMapping: 0.179100 ms MarkObjects: 3.521600 ms  DeleteObjects: 0.052300 ms)

Prepare: number of updated asset objects reloaded= 0
AssetImportParameters requested are different than current active one (requested -> active):
  custom:scripting/monoscript/fileName/Spawner.cs: dfbd8e0bda67e8bd0e84e508fc63ee86 -> 7de732fab2c49f3068a483eb669d8d17
  custom:container-demuxer-ogg: 62fdf1f143b41e24485cea50d1cbac27 -> 
  custom:video-decoder-ogg-theora: a1e56fd34408186e4bbccfd4996cb3dc -> 
  custom:framework-win-MediaFoundation: 216162199b28c13a410421893ffa2e32 -> 
  custom:scripting/monoscript/fileName/BombSpawner.cs: 211b1e4229560b0e0ed20ed122fb08dd -> 
  custom:scripting/monoscript/fileName/ColorChanger.cs: d31a0d7fb05c5d47ec43ba26017e80fc -> f6c371260d842df543789961567bd0a7
  custom:scripting/monoscript/fileName/Bomb.cs: bfd944eb6528774f7c1cc3d00ac64a63 -> 62fbfe76f5286165743d61555377be05
  custom:CustomObjectIndexerAttribute: 9a22284fe3817be447336de3de66b15e -> 
  custom:scripting/monoscript/fileName/Exploder.cs: 9b0152466039c1b0e2a05b2b202f333e -> e17c7e89857fc4f731933d24c8502a85
  custom:scripting/monoscript/fileName/Platform.cs: 9ea6822636207a672fe419a3f121e641 -> 2a197b573da14efe1ad853123be22cde
  custom:container-demuxer-webm: 4f35f7cbe854078d1ac9338744f61a02 -> 
  custom:container-muxer-webm: aa71ff27fc2769a1b78a27578f13a17b -> 
  custom:video-decoder-webm-vp8: 9c59270c3fd7afecdb556c50c9e8de78 -> 
  custom:SearchIndexIgnoredProperties: e643bd26f0fe6173181afceb89e7c659 -> 
  custom:AudioImporter_EditorPlatform: d09bf68614088b80899f8185d706f6e7 -> 
  custom:scripting/monoscript/fileName/Cube.cs: c3f6b4862c91a0182d5e14a1ddeb8a06 -> 1e2bad7c218970a055fec33866548983
  custom:scripting/monoscript/fileName/CubeSpawner.cs: d34e3497e39b17fe77f76726270f8e44 -> 
  custom:video-encoder-webm-vp8: eb34c28f22e8b96e1ab97ce403110664 -> 
  custom:audio-decoder-ogg-vorbis: bf7c407c2cedff20999df2af8eb42d56 -> 
  custom:scripting/monoscript/fileName/TransparencyChanger.cs: 337ebccdf974de34744ebc700fc86598 -> 346eaf3f3b1de1a18cd8b4e2321d4487
  custom:audio-encoder-webm-vorbis: bf7c407c2cedff20999df2af8eb42d56 -> 
  custom:scripting/precompiled-assembly-types:Assembly-CSharp: 7024468a13a043acf36ad06efaeb2176 -> e480a03165d01833ca99ad568e1bb9c9
========================================================================
Received Prepare
Caller must complete domain reload
Begin MonoManager ReloadAssembly
- Loaded All Assemblies, in  0.486 seconds
Native extension for WindowsStandalone target not found
Mono: successfully reloaded assembly
- Finished resetting the current domain, in  1.113 seconds
Domain Reload Profiling: 1599ms
	BeginReloadAssembly (177ms)
		ExecutionOrderSort (0ms)
		DisableScriptedObjects (7ms)
		BackupInstance (0ms)
		ReleaseScriptingObjects (0ms)
		CreateAndSetChildDomain (30ms)
	RebuildCommonClasses (51ms)
	RebuildNativeTypeToScriptingClass (14ms)
	initialDomainReloadingComplete (27ms)
	LoadAllAssembliesAndSetupDomain (216ms)
		LoadAssemblies (295ms)
		RebuildTransferFunctionScriptingTraits (0ms)
		AnalyzeDomain (30ms)
			TypeCache.Refresh (11ms)
				TypeCache.ScanAssembly (0ms)
			ScanForSourceGeneratedMonoScriptInfo (11ms)
			ResolveRequiredComponents (7ms)
	FinalizeReload (1114ms)
		ReleaseScriptCaches (0ms)
		RebuildScriptCaches (0ms)
		SetupLoadedEditorAssemblies (403ms)
			LogAssemblyErrors (0ms)
			InitializePlatformSupportModulesInManaged (5ms)
			SetLoadedEditorAssemblies (3ms)
			RefreshPlugins (0ms)
			BeforeProcessingInitializeOnLoad (60ms)
			ProcessInitializeOnLoadAttributes (308ms)
			ProcessInitializeOnLoadMethodAttributes (23ms)
			AfterProcessingInitializeOnLoad (3ms)
			EditorAssembliesLoaded (0ms)
		ExecutionOrderSort2 (0ms)
		AwakeInstancesAfterBackupRestoration (8ms)
Refreshing native plugins compatible for Editor in 3.31 ms, found 3 plugins.
Preloading 0 native plugins for Editor in 0.00 ms.
Unloading 3133 Unused Serialized files (Serialized files now loaded: 0)
Unloading 14 unused Assets / (28.5 KB). Loaded Objects now: 3705.
Memory consumption went from 118.0 MB to 118.0 MB.
Total: 3.892200 ms (FindLiveObjects: 0.282000 ms CreateObjectMapping: 0.201500 ms MarkObjects: 3.355100 ms  DeleteObjects: 0.052500 ms)

Prepare: number of updated asset objects reloaded= 0
AssetImportParameters requested are different than current active one (requested -> active):
  custom:scripting/monoscript/fileName/Spawner.cs: dfbd8e0bda67e8bd0e84e508fc63ee86 -> 7de732fab2c49f3068a483eb669d8d17
  custom:container-demuxer-ogg: 62fdf1f143b41e24485cea50d1cbac27 -> 
  custom:video-decoder-ogg-theora: a1e56fd34408186e4bbccfd4996cb3dc -> 
  custom:framework-win-MediaFoundation: 216162199b28c13a410421893ffa2e32 -> 
  custom:scripting/monoscript/fileName/BombSpawner.cs: 211b1e4229560b0e0ed20ed122fb08dd -> 
  custom:scripting/monoscript/fileName/ColorChanger.cs: d31a0d7fb05c5d47ec43ba26017e80fc -> f6c371260d842df543789961567bd0a7
  custom:scripting/monoscript/fileName/Bomb.cs: bfd944eb6528774f7c1cc3d00ac64a63 -> 62fbfe76f5286165743d61555377be05
  custom:CustomObjectIndexerAttribute: 9a22284fe3817be447336de3de66b15e -> 
  custom:scripting/monoscript/fileName/Exploder.cs: 9b0152466039c1b0e2a05b2b202f333e -> e17c7e89857fc4f731933d24c8502a85
  custom:scripting/monoscript/fileName/Platform.cs: 9ea6822636207a672fe419a3f121e641 -> 2a197b573da14efe1ad853123be22cde
  custom:container-demuxer-webm: 4f35f7cbe854078d1ac9338744f61a02 -> 
  custom:container-muxer-webm: aa71ff27fc2769a1b78a27578f13a17b -> 
  custom:video-decoder-webm-vp8: 9c59270c3fd7afecdb556c50c9e8de78 -> 
  custom:SearchIndexIgnoredProperties: e643bd26f0fe6173181afceb89e7c659 -> 
  custom:AudioImporter_EditorPlatform: d09bf68614088b80899f8185d706f6e7 -> 
  custom:scripting/monoscript/fileName/Cube.cs: c3f6b4862c91a0182d5e14a1ddeb8a06 -> 1e2bad7c218970a055fec33866548983
  custom:scripting/monoscript/fileName/CubeSpawner.cs: d34e3497e39b17fe77f76726270f8e44 -> 
  custom:video-encoder-webm-vp8: eb34c28f22e8b96e1ab97ce403110664 -> 
  custom:audio-decoder-ogg-vorbis: bf7c407c2cedff20999df2af8eb42d56 -> 
  custom:scripting/monoscript/fileName/TransparencyChanger.cs: 337ebccdf974de34744ebc700fc86598 -> 346eaf3f3b1de1a18cd8b4e2321d4487
  custom:audio-encoder-webm-vorbis: bf7c407c2cedff20999df2af8eb42d56 -> 
  custom:scripting/precompiled-assembly-types:Assembly-CSharp: 7024468a13a043acf36ad06efaeb2176 -> e480a03165d01833ca99ad568e1bb9c9
========================================================================
Received Prepare
Caller must complete domain reload
Begin MonoManager ReloadAssembly
- Loaded All Assemblies, in  0.465 seconds
Native extension for WindowsStandalone target not found
Mono: successfully reloaded assembly
- Finished resetting the current domain, in  1.013 seconds
Domain Reload Profiling: 1477ms
	BeginReloadAssembly (174ms)
		ExecutionOrderSort (0ms)
		DisableScriptedObjects (6ms)
		BackupInstance (0ms)
		ReleaseScriptingObjects (0ms)
		CreateAndSetChildDomain (34ms)
	RebuildCommonClasses (42ms)
	RebuildNativeTypeToScriptingClass (14ms)
	initialDomainReloadingComplete (31ms)
	LoadAllAssembliesAndSetupDomain (202ms)
		LoadAssemblies (292ms)
		RebuildTransferFunctionScriptingTraits (0ms)
		AnalyzeDomain (15ms)
			TypeCache.Refresh (7ms)
				TypeCache.ScanAssembly (0ms)
			ScanForSourceGeneratedMonoScriptInfo (0ms)
			ResolveRequiredComponents (7ms)
	FinalizeReload (1013ms)
		ReleaseScriptCaches (0ms)
		RebuildScriptCaches (0ms)
		SetupLoadedEditorAssemblies (548ms)
			LogAssemblyErrors (0ms)
			InitializePlatformSupportModulesInManaged (7ms)
			SetLoadedEditorAssemblies (7ms)
			RefreshPlugins (0ms)
			BeforeProcessingInitializeOnLoad (83ms)
			ProcessInitializeOnLoadAttributes (418ms)
			ProcessInitializeOnLoadMethodAttributes (28ms)
			AfterProcessingInitializeOnLoad (4ms)
			EditorAssembliesLoaded (0ms)
		ExecutionOrderSort2 (0ms)
		AwakeInstancesAfterBackupRestoration (12ms)
Refreshing native plugins compatible for Editor in 2.65 ms, found 3 plugins.
Preloading 0 native plugins for Editor in 0.00 ms.
Unloading 3133 Unused Serialized files (Serialized files now loaded: 0)
Unloading 14 unused Assets / (28.5 KB). Loaded Objects now: 3708.
Memory consumption went from 118.1 MB to 118.0 MB.
Total: 3.820200 ms (FindLiveObjects: 0.309500 ms CreateObjectMapping: 0.231400 ms MarkObjects: 3.230900 ms  DeleteObjects: 0.047500 ms)

Prepare: number of updated asset objects reloaded= 0
AssetImportParameters requested are different than current active one (requested -> active):
  custom:scripting/monoscript/fileName/Spawner.cs: dfbd8e0bda67e8bd0e84e508fc63ee86 -> 7de732fab2c49f3068a483eb669d8d17
  custom:container-demuxer-ogg: 62fdf1f143b41e24485cea50d1cbac27 -> 
  custom:video-decoder-ogg-theora: a1e56fd34408186e4bbccfd4996cb3dc -> 
  custom:framework-win-MediaFoundation: 216162199b28c13a410421893ffa2e32 -> 
  custom:scripting/monoscript/fileName/BombSpawner.cs: 211b1e4229560b0e0ed20ed122fb08dd -> 
  custom:scripting/monoscript/fileName/ColorChanger.cs: d31a0d7fb05c5d47ec43ba26017e80fc -> f6c371260d842df543789961567bd0a7
  custom:scripting/monoscript/fileName/Bomb.cs: bfd944eb6528774f7c1cc3d00ac64a63 -> 62fbfe76f5286165743d61555377be05
  custom:CustomObjectIndexerAttribute: 9a22284fe3817be447336de3de66b15e -> 
  custom:scripting/monoscript/fileName/Exploder.cs: 9b0152466039c1b0e2a05b2b202f333e -> e17c7e89857fc4f731933d24c8502a85
  custom:scripting/monoscript/fileName/Platform.cs: 9ea6822636207a672fe419a3f121e641 -> 2a197b573da14efe1ad853123be22cde
  custom:container-demuxer-webm: 4f35f7cbe854078d1ac9338744f61a02 -> 
  custom:container-muxer-webm: aa71ff27fc2769a1b78a27578f13a17b -> 
  custom:video-decoder-webm-vp8: 9c59270c3fd7afecdb556c50c9e8de78 -> 
  custom:SearchIndexIgnoredProperties: e643bd26f0fe6173181afceb89e7c659 -> 
  custom:AudioImporter_EditorPlatform: d09bf68614088b80899f8185d706f6e7 -> 
  custom:scripting/monoscript/fileName/Cube.cs: c3f6b4862c91a0182d5e14a1ddeb8a06 -> 1e2bad7c218970a055fec33866548983
  custom:scripting/monoscript/fileName/CubeSpawner.cs: d34e3497e39b17fe77f76726270f8e44 -> 
  custom:video-encoder-webm-vp8: eb34c28f22e8b96e1ab97ce403110664 -> 
  custom:audio-decoder-ogg-vorbis: bf7c407c2cedff20999df2af8eb42d56 -> 
  custom:scripting/monoscript/fileName/TransparencyChanger.cs: 337ebccdf974de34744ebc700fc86598 -> 346eaf3f3b1de1a18cd8b4e2321d4487
  custom:audio-encoder-webm-vorbis: bf7c407c2cedff20999df2af8eb42d56 -> 
  custom:scripting/precompiled-assembly-types:Assembly-CSharp: 7024468a13a043acf36ad06efaeb2176 -> e480a03165d01833ca99ad568e1bb9c9
========================================================================
Received Prepare
Caller must complete domain reload
Begin MonoManager ReloadAssembly
- Loaded All Assemblies, in  0.480 seconds
Native extension for WindowsStandalone target not found
Mono: successfully reloaded assembly
- Finished resetting the current domain, in  0.953 seconds
Domain Reload Profiling: 1432ms
	BeginReloadAssembly (173ms)
		ExecutionOrderSort (0ms)
		DisableScriptedObjects (6ms)
		BackupInstance (0ms)
		ReleaseScriptingObjects (0ms)
		CreateAndSetChildDomain (34ms)
	RebuildCommonClasses (39ms)
	RebuildNativeTypeToScriptingClass (14ms)
	initialDomainReloadingComplete (26ms)
	LoadAllAssembliesAndSetupDomain (227ms)
		LoadAssemblies (292ms)
		RebuildTransferFunctionScriptingTraits (0ms)
		AnalyzeDomain (39ms)
			TypeCache.Refresh (10ms)
				TypeCache.ScanAssembly (0ms)
			ScanForSourceGeneratedMonoScriptInfo (12ms)
			ResolveRequiredComponents (14ms)
	FinalizeReload (953ms)
		ReleaseScriptCaches (0ms)
		RebuildScriptCaches (0ms)
		SetupLoadedEditorAssemblies (429ms)
			LogAssemblyErrors (0ms)
			InitializePlatformSupportModulesInManaged (5ms)
			SetLoadedEditorAssemblies (3ms)
			RefreshPlugins (0ms)
			BeforeProcessingInitializeOnLoad (65ms)
			ProcessInitializeOnLoadAttributes (330ms)
			ProcessInitializeOnLoadMethodAttributes (22ms)
			AfterProcessingInitializeOnLoad (3ms)
			EditorAssembliesLoaded (0ms)
		ExecutionOrderSort2 (0ms)
		AwakeInstancesAfterBackupRestoration (9ms)
Refreshing native plugins compatible for Editor in 2.33 ms, found 3 plugins.
Preloading 0 native plugins for Editor in 0.00 ms.
Unloading 3133 Unused Serialized files (Serialized files now loaded: 0)
Unloading 14 unused Assets / (28.5 KB). Loaded Objects now: 3711.
Memory consumption went from 118.1 MB to 118.0 MB.
Total: 4.016000 ms (FindLiveObjects: 0.285900 ms CreateObjectMapping: 0.183900 ms MarkObjects: 3.493400 ms  DeleteObjects: 0.051900 ms)

Prepare: number of updated asset objects reloaded= 0
AssetImportParameters requested are different than current active one (requested -> active):
  custom:scripting/monoscript/fileName/Spawner.cs: dfbd8e0bda67e8bd0e84e508fc63ee86 -> 7de732fab2c49f3068a483eb669d8d17
  custom:container-demuxer-ogg: 62fdf1f143b41e24485cea50d1cbac27 -> 
  custom:video-decoder-ogg-theora: a1e56fd34408186e4bbccfd4996cb3dc -> 
  custom:framework-win-MediaFoundation: 216162199b28c13a410421893ffa2e32 -> 
  custom:scripting/monoscript/fileName/BombSpawner.cs: 211b1e4229560b0e0ed20ed122fb08dd -> 
  custom:scripting/monoscript/fileName/ColorChanger.cs: d31a0d7fb05c5d47ec43ba26017e80fc -> f6c371260d842df543789961567bd0a7
  custom:scripting/monoscript/fileName/Bomb.cs: bfd944eb6528774f7c1cc3d00ac64a63 -> 62fbfe76f5286165743d61555377be05
  custom:CustomObjectIndexerAttribute: 9a22284fe3817be447336de3de66b15e -> 
  custom:scripting/monoscript/fileName/Exploder.cs: 9b0152466039c1b0e2a05b2b202f333e -> e17c7e89857fc4f731933d24c8502a85
  custom:scripting/monoscript/fileName/Platform.cs: 9ea6822636207a672fe419a3f121e641 -> 2a197b573da14efe1ad853123be22cde
  custom:container-demuxer-webm: 4f35f7cbe854078d1ac9338744f61a02 -> 
  custom:container-muxer-webm: aa71ff27fc2769a1b78a27578f13a17b -> 
  custom:video-decoder-webm-vp8: 9c59270c3fd7afecdb556c50c9e8de78 -> 
  custom:SearchIndexIgnoredProperties: e643bd26f0fe6173181afceb89e7c659 -> 
  custom:AudioImporter_EditorPlatform: d09bf68614088b80899f8185d706f6e7 -> 
  custom:scripting/monoscript/fileName/Cube.cs: c3f6b4862c91a0182d5e14a1ddeb8a06 -> 1e2bad7c218970a055fec33866548983
  custom:scripting/monoscript/fileName/CubeSpawner.cs: d34e3497e39b17fe77f76726270f8e44 -> 
  custom:video-encoder-webm-vp8: eb34c28f22e8b96e1ab97ce403110664 -> 
  custom:audio-decoder-ogg-vorbis: bf7c407c2cedff20999df2af8eb42d56 -> 
  custom:scripting/monoscript/fileName/TransparencyChanger.cs: 337ebccdf974de34744ebc700fc86598 -> 346eaf3f3b1de1a18cd8b4e2321d4487
  custom:audio-encoder-webm-vorbis: bf7c407c2cedff20999df2af8eb42d56 -> 
  custom:scripting/precompiled-assembly-types:Assembly-CSharp: 7024468a13a043acf36ad06efaeb2176 -> e480a03165d01833ca99ad568e1bb9c9
========================================================================
Received Prepare
Caller must complete domain reload
Begin MonoManager ReloadAssembly
- Loaded All Assemblies, in  0.501 seconds
Native extension for WindowsStandalone target not found
Mono: successfully reloaded assembly
- Finished resetting the current domain, in  0.999 seconds
Domain Reload Profiling: 1500ms
	BeginReloadAssembly (177ms)
		ExecutionOrderSort (0ms)
		DisableScriptedObjects (6ms)
		BackupInstance (0ms)
		ReleaseScriptingObjects (0ms)
		CreateAndSetChildDomain (32ms)
	RebuildCommonClasses (38ms)
	RebuildNativeTypeToScriptingClass (13ms)
	initialDomainReloadingComplete (33ms)
	LoadAllAssembliesAndSetupDomain (240ms)
		LoadAssemblies (333ms)
		RebuildTransferFunctionScriptingTraits (0ms)
		AnalyzeDomain (15ms)
			TypeCache.Refresh (7ms)
				TypeCache.ScanAssembly (0ms)
			ScanForSourceGeneratedMonoScriptInfo (0ms)
			ResolveRequiredComponents (6ms)
	FinalizeReload (1000ms)
		ReleaseScriptCaches (0ms)
		RebuildScriptCaches (0ms)
		SetupLoadedEditorAssemblies (514ms)
			LogAssemblyErrors (0ms)
			InitializePlatformSupportModulesInManaged (7ms)
			SetLoadedEditorAssemblies (7ms)
			RefreshPlugins (0ms)
			BeforeProcessingInitializeOnLoad (75ms)
			ProcessInitializeOnLoadAttributes (395ms)
			ProcessInitializeOnLoadMethodAttributes (28ms)
			AfterProcessingInitializeOnLoad (4ms)
			EditorAssembliesLoaded (0ms)
		ExecutionOrderSort2 (0ms)
		AwakeInstancesAfterBackupRestoration (11ms)
Refreshing native plugins compatible for Editor in 3.10 ms, found 3 plugins.
Preloading 0 native plugins for Editor in 0.00 ms.
Unloading 3133 Unused Serialized files (Serialized files now loaded: 0)
Unloading 14 unused Assets / (28.5 KB). Loaded Objects now: 3714.
Memory consumption went from 118.1 MB to 118.0 MB.
Total: 4.135900 ms (FindLiveObjects: 0.388600 ms CreateObjectMapping: 0.289600 ms MarkObjects: 3.412400 ms  DeleteObjects: 0.044000 ms)

Prepare: number of updated asset objects reloaded= 0
AssetImportParameters requested are different than current active one (requested -> active):
  custom:scripting/monoscript/fileName/Spawner.cs: dfbd8e0bda67e8bd0e84e508fc63ee86 -> 7de732fab2c49f3068a483eb669d8d17
  custom:container-demuxer-ogg: 62fdf1f143b41e24485cea50d1cbac27 -> 
  custom:video-decoder-ogg-theora: a1e56fd34408186e4bbccfd4996cb3dc -> 
  custom:framework-win-MediaFoundation: 216162199b28c13a410421893ffa2e32 -> 
  custom:scripting/monoscript/fileName/BombSpawner.cs: 211b1e4229560b0e0ed20ed122fb08dd -> 
  custom:scripting/monoscript/fileName/ColorChanger.cs: d31a0d7fb05c5d47ec43ba26017e80fc -> f6c371260d842df543789961567bd0a7
  custom:scripting/monoscript/fileName/Bomb.cs: bfd944eb6528774f7c1cc3d00ac64a63 -> 62fbfe76f5286165743d61555377be05
  custom:CustomObjectIndexerAttribute: 9a22284fe3817be447336de3de66b15e -> 
  custom:scripting/monoscript/fileName/Exploder.cs: 9b0152466039c1b0e2a05b2b202f333e -> e17c7e89857fc4f731933d24c8502a85
  custom:scripting/monoscript/fileName/Platform.cs: 9ea6822636207a672fe419a3f121e641 -> 2a197b573da14efe1ad853123be22cde
  custom:container-demuxer-webm: 4f35f7cbe854078d1ac9338744f61a02 -> 
  custom:container-muxer-webm: aa71ff27fc2769a1b78a27578f13a17b -> 
  custom:video-decoder-webm-vp8: 9c59270c3fd7afecdb556c50c9e8de78 -> 
  custom:SearchIndexIgnoredProperties: e643bd26f0fe6173181afceb89e7c659 -> 
  custom:AudioImporter_EditorPlatform: d09bf68614088b80899f8185d706f6e7 -> 
  custom:scripting/monoscript/fileName/Cube.cs: c3f6b4862c91a0182d5e14a1ddeb8a06 -> 1e2bad7c218970a055fec33866548983
  custom:scripting/monoscript/fileName/CubeSpawner.cs: d34e3497e39b17fe77f76726270f8e44 -> 
  custom:video-encoder-webm-vp8: eb34c28f22e8b96e1ab97ce403110664 -> 
  custom:audio-decoder-ogg-vorbis: bf7c407c2cedff20999df2af8eb42d56 -> 
  custom:scripting/monoscript/fileName/TransparencyChanger.cs: 337ebccdf974de34744ebc700fc86598 -> 346eaf3f3b1de1a18cd8b4e2321d4487
  custom:audio-encoder-webm-vorbis: bf7c407c2cedff20999df2af8eb42d56 -> 
  custom:scripting/precompiled-assembly-types:Assembly-CSharp: 7024468a13a043acf36ad06efaeb2176 -> e480a03165d01833ca99ad568e1bb9c9
========================================================================
Received Prepare
Caller must complete domain reload
Begin MonoManager ReloadAssembly
- Loaded All Assemblies, in  0.467 seconds
Native extension for WindowsStandalone target not found
Mono: successfully reloaded assembly
- Finished resetting the current domain, in  1.023 seconds
Domain Reload Profiling: 1490ms
	BeginReloadAssembly (171ms)
		ExecutionOrderSort (0ms)
		DisableScriptedObjects (6ms)
		BackupInstance (0ms)
		ReleaseScriptingObjects (0ms)
		CreateAndSetChildDomain (34ms)
	RebuildCommonClasses (37ms)
	RebuildNativeTypeToScriptingClass (17ms)
	initialDomainReloadingComplete (34ms)
	LoadAllAssembliesAndSetupDomain (208ms)
		LoadAssemblies (293ms)
		RebuildTransferFunctionScriptingTraits (0ms)
		AnalyzeDomain (15ms)
			TypeCache.Refresh (6ms)
				TypeCache.ScanAssembly (0ms)
			ScanForSourceGeneratedMonoScriptInfo (0ms)
			ResolveRequiredComponents (7ms)
	FinalizeReload (1024ms)
		ReleaseScriptCaches (0ms)
		RebuildScriptCaches (0ms)
		SetupLoadedEditorAssemblies (525ms)
			LogAssemblyErrors (0ms)
			InitializePlatformSupportModulesInManaged (8ms)
			SetLoadedEditorAssemblies (5ms)
			RefreshPlugins (0ms)
			BeforeProcessingInitializeOnLoad (78ms)
			ProcessInitializeOnLoadAttributes (401ms)
			ProcessInitializeOnLoadMethodAttributes (30ms)
			AfterProcessingInitializeOnLoad (4ms)
			EditorAssembliesLoaded (0ms)
		ExecutionOrderSort2 (0ms)
		AwakeInstancesAfterBackupRestoration (11ms)
Refreshing native plugins compatible for Editor in 2.79 ms, found 3 plugins.
Preloading 0 native plugins for Editor in 0.00 ms.
Unloading 3133 Unused Serialized files (Serialized files now loaded: 0)
Unloading 14 unused Assets / (28.5 KB). Loaded Objects now: 3717.
Memory consumption went from 118.1 MB to 118.0 MB.
Total: 4.029300 ms (FindLiveObjects: 0.289600 ms CreateObjectMapping: 0.250900 ms MarkObjects: 3.443000 ms  DeleteObjects: 0.044300 ms)

Prepare: number of updated asset objects reloaded= 0
AssetImportParameters requested are different than current active one (requested -> active):
  custom:scripting/monoscript/fileName/Spawner.cs: dfbd8e0bda67e8bd0e84e508fc63ee86 -> 7de732fab2c49f3068a483eb669d8d17
  custom:container-demuxer-ogg: 62fdf1f143b41e24485cea50d1cbac27 -> 
  custom:video-decoder-ogg-theora: a1e56fd34408186e4bbccfd4996cb3dc -> 
  custom:framework-win-MediaFoundation: 216162199b28c13a410421893ffa2e32 -> 
  custom:scripting/monoscript/fileName/BombSpawner.cs: 211b1e4229560b0e0ed20ed122fb08dd -> 
  custom:scripting/monoscript/fileName/ColorChanger.cs: d31a0d7fb05c5d47ec43ba26017e80fc -> f6c371260d842df543789961567bd0a7
  custom:scripting/monoscript/fileName/Bomb.cs: bfd944eb6528774f7c1cc3d00ac64a63 -> 62fbfe76f5286165743d61555377be05
  custom:CustomObjectIndexerAttribute: 9a22284fe3817be447336de3de66b15e -> 
  custom:scripting/monoscript/fileName/Exploder.cs: 9b0152466039c1b0e2a05b2b202f333e -> e17c7e89857fc4f731933d24c8502a85
  custom:scripting/monoscript/fileName/Platform.cs: 9ea6822636207a672fe419a3f121e641 -> 2a197b573da14efe1ad853123be22cde
  custom:container-demuxer-webm: 4f35f7cbe854078d1ac9338744f61a02 -> 
  custom:container-muxer-webm: aa71ff27fc2769a1b78a27578f13a17b -> 
  custom:video-decoder-webm-vp8: 9c59270c3fd7afecdb556c50c9e8de78 -> 
  custom:SearchIndexIgnoredProperties: e643bd26f0fe6173181afceb89e7c659 -> 
  custom:AudioImporter_EditorPlatform: d09bf68614088b80899f8185d706f6e7 -> 
  custom:scripting/monoscript/fileName/Cube.cs: c3f6b4862c91a0182d5e14a1ddeb8a06 -> 1e2bad7c218970a055fec33866548983
  custom:scripting/monoscript/fileName/CubeSpawner.cs: d34e3497e39b17fe77f76726270f8e44 -> 
  custom:video-encoder-webm-vp8: eb34c28f22e8b96e1ab97ce403110664 -> 
  custom:audio-decoder-ogg-vorbis: bf7c407c2cedff20999df2af8eb42d56 -> 
  custom:scripting/monoscript/fileName/TransparencyChanger.cs: 337ebccdf974de34744ebc700fc86598 -> 346eaf3f3b1de1a18cd8b4e2321d4487
  custom:audio-encoder-webm-vorbis: bf7c407c2cedff20999df2af8eb42d56 -> 
  custom:scripting/precompiled-assembly-types:Assembly-CSharp: 7024468a13a043acf36ad06efaeb2176 -> e480a03165d01833ca99ad568e1bb9c9
========================================================================
Received Prepare
Caller must complete domain reload
Begin MonoManager ReloadAssembly
- Loaded All Assemblies, in  0.617 seconds
Native extension for WindowsStandalone target not found
Mono: successfully reloaded assembly
- Finished resetting the current domain, in  0.991 seconds
Domain Reload Profiling: 1608ms
	BeginReloadAssembly (211ms)
		ExecutionOrderSort (0ms)
		DisableScriptedObjects (8ms)
		BackupInstance (0ms)
		ReleaseScriptingObjects (0ms)
		CreateAndSetChildDomain (38ms)
	RebuildCommonClasses (84ms)
	RebuildNativeTypeToScriptingClass (16ms)
	initialDomainReloadingComplete (39ms)
	LoadAllAssembliesAndSetupDomain (267ms)
		LoadAssemblies (362ms)
		RebuildTransferFunctionScriptingTraits (0ms)
		AnalyzeDomain (33ms)
			TypeCache.Refresh (11ms)
				TypeCache.ScanAssembly (0ms)
			ScanForSourceGeneratedMonoScriptInfo (12ms)
			ResolveRequiredComponents (8ms)
	FinalizeReload (992ms)
		ReleaseScriptCaches (0ms)
		RebuildScriptCaches (0ms)
		SetupLoadedEditorAssemblies (431ms)
			LogAssemblyErrors (0ms)
			InitializePlatformSupportModulesInManaged (6ms)
			SetLoadedEditorAssemblies (3ms)
			RefreshPlugins (0ms)
			BeforeProcessingInitializeOnLoad (65ms)
			ProcessInitializeOnLoadAttributes (326ms)
			ProcessInitializeOnLoadMethodAttributes (26ms)
			AfterProcessingInitializeOnLoad (4ms)
			EditorAssembliesLoaded (0ms)
		ExecutionOrderSort2 (0ms)
		AwakeInstancesAfterBackupRestoration (8ms)
Refreshing native plugins compatible for Editor in 2.87 ms, found 3 plugins.
Preloading 0 native plugins for Editor in 0.00 ms.
Unloading 3133 Unused Serialized files (Serialized files now loaded: 0)
Unloading 14 unused Assets / (28.5 KB). Loaded Objects now: 3720.
Memory consumption went from 118.1 MB to 118.0 MB.
Total: 4.303800 ms (FindLiveObjects: 0.307700 ms CreateObjectMapping: 0.224700 ms MarkObjects: 3.708700 ms  DeleteObjects: 0.061900 ms)

Prepare: number of updated asset objects reloaded= 0
AssetImportParameters requested are different than current active one (requested -> active):
  custom:scripting/monoscript/fileName/Spawner.cs: dfbd8e0bda67e8bd0e84e508fc63ee86 -> 7de732fab2c49f3068a483eb669d8d17
  custom:container-demuxer-ogg: 62fdf1f143b41e24485cea50d1cbac27 -> 
  custom:video-decoder-ogg-theora: a1e56fd34408186e4bbccfd4996cb3dc -> 
  custom:framework-win-MediaFoundation: 216162199b28c13a410421893ffa2e32 -> 
  custom:scripting/monoscript/fileName/BombSpawner.cs: 211b1e4229560b0e0ed20ed122fb08dd -> 
  custom:scripting/monoscript/fileName/ColorChanger.cs: d31a0d7fb05c5d47ec43ba26017e80fc -> f6c371260d842df543789961567bd0a7
  custom:scripting/monoscript/fileName/Bomb.cs: bfd944eb6528774f7c1cc3d00ac64a63 -> 62fbfe76f5286165743d61555377be05
  custom:CustomObjectIndexerAttribute: 9a22284fe3817be447336de3de66b15e -> 
  custom:scripting/monoscript/fileName/Exploder.cs: 9b0152466039c1b0e2a05b2b202f333e -> e17c7e89857fc4f731933d24c8502a85
  custom:scripting/monoscript/fileName/Platform.cs: 9ea6822636207a672fe419a3f121e641 -> 2a197b573da14efe1ad853123be22cde
  custom:container-demuxer-webm: 4f35f7cbe854078d1ac9338744f61a02 -> 
  custom:container-muxer-webm: aa71ff27fc2769a1b78a27578f13a17b -> 
  custom:video-decoder-webm-vp8: 9c59270c3fd7afecdb556c50c9e8de78 -> 
  custom:SearchIndexIgnoredProperties: e643bd26f0fe6173181afceb89e7c659 -> 
  custom:AudioImporter_EditorPlatform: d09bf68614088b80899f8185d706f6e7 -> 
  custom:scripting/monoscript/fileName/Cube.cs: c3f6b4862c91a0182d5e14a1ddeb8a06 -> 1e2bad7c218970a055fec33866548983
  custom:scripting/monoscript/fileName/CubeSpawner.cs: d34e3497e39b17fe77f76726270f8e44 -> 
  custom:video-encoder-webm-vp8: eb34c28f22e8b96e1ab97ce403110664 -> 
  custom:audio-decoder-ogg-vorbis: bf7c407c2cedff20999df2af8eb42d56 -> 
  custom:scripting/monoscript/fileName/TransparencyChanger.cs: 337ebccdf974de34744ebc700fc86598 -> 346eaf3f3b1de1a18cd8b4e2321d4487
  custom:audio-encoder-webm-vorbis: bf7c407c2cedff20999df2af8eb42d56 -> 
  custom:scripting/precompiled-assembly-types:Assembly-CSharp: 160c8b18ab06f8b69931cdd09c9ab869 -> e480a03165d01833ca99ad568e1bb9c9
========================================================================
Received Prepare
Caller must complete domain reload
Begin MonoManager ReloadAssembly
- Loaded All Assemblies, in  0.504 seconds
Native extension for WindowsStandalone target not found
Mono: successfully reloaded assembly
- Finished resetting the current domain, in  0.946 seconds
Domain Reload Profiling: 1450ms
	BeginReloadAssembly (177ms)
		ExecutionOrderSort (0ms)
		DisableScriptedObjects (6ms)
		BackupInstance (0ms)
		ReleaseScriptingObjects (0ms)
		CreateAndSetChildDomain (31ms)
	RebuildCommonClasses (45ms)
	RebuildNativeTypeToScriptingClass (13ms)
	initialDomainReloadingComplete (28ms)
	LoadAllAssembliesAndSetupDomain (241ms)
		LoadAssemblies (310ms)
		RebuildTransferFunctionScriptingTraits (0ms)
		AnalyzeDomain (39ms)
			TypeCache.Refresh (10ms)
				TypeCache.ScanAssembly (0ms)
			ScanForSourceGeneratedMonoScriptInfo (13ms)
			ResolveRequiredComponents (9ms)
	FinalizeReload (947ms)
		ReleaseScriptCaches (0ms)
		RebuildScriptCaches (0ms)
		SetupLoadedEditorAssemblies (412ms)
			LogAssemblyErrors (0ms)
			InitializePlatformSupportModulesInManaged (5ms)
			SetLoadedEditorAssemblies (4ms)
			RefreshPlugins (0ms)
			BeforeProcessingInitializeOnLoad (58ms)
			ProcessInitializeOnLoadAttributes (319ms)
			ProcessInitializeOnLoadMethodAttributes (23ms)
			AfterProcessingInitializeOnLoad (3ms)
			EditorAssembliesLoaded (0ms)
		ExecutionOrderSort2 (0ms)
		AwakeInstancesAfterBackupRestoration (8ms)
Refreshing native plugins compatible for Editor in 2.66 ms, found 3 plugins.
Preloading 0 native plugins for Editor in 0.00 ms.
Unloading 3133 Unused Serialized files (Serialized files now loaded: 0)
Unloading 14 unused Assets / (28.5 KB). Loaded Objects now: 3723.
Memory consumption went from 118.1 MB to 118.0 MB.
Total: 4.316600 ms (FindLiveObjects: 0.294100 ms CreateObjectMapping: 0.216400 ms MarkObjects: 3.747500 ms  DeleteObjects: 0.057600 ms)

Prepare: number of updated asset objects reloaded= 0
AssetImportParameters requested are different than current active one (requested -> active):
  custom:scripting/monoscript/fileName/Spawner.cs: dfbd8e0bda67e8bd0e84e508fc63ee86 -> 7de732fab2c49f3068a483eb669d8d17
  custom:container-demuxer-ogg: 62fdf1f143b41e24485cea50d1cbac27 -> 
  custom:video-decoder-ogg-theora: a1e56fd34408186e4bbccfd4996cb3dc -> 
  custom:framework-win-MediaFoundation: 216162199b28c13a410421893ffa2e32 -> 
  custom:scripting/monoscript/fileName/BombSpawner.cs: 211b1e4229560b0e0ed20ed122fb08dd -> 
  custom:scripting/monoscript/fileName/ColorChanger.cs: d31a0d7fb05c5d47ec43ba26017e80fc -> f6c371260d842df543789961567bd0a7
  custom:scripting/monoscript/fileName/Bomb.cs: bfd944eb6528774f7c1cc3d00ac64a63 -> 62fbfe76f5286165743d61555377be05
  custom:CustomObjectIndexerAttribute: 9a22284fe3817be447336de3de66b15e -> 
  custom:scripting/monoscript/fileName/Exploder.cs: 9b0152466039c1b0e2a05b2b202f333e -> e17c7e89857fc4f731933d24c8502a85
  custom:scripting/monoscript/fileName/Platform.cs: 9ea6822636207a672fe419a3f121e641 -> 2a197b573da14efe1ad853123be22cde
  custom:container-demuxer-webm: 4f35f7cbe854078d1ac9338744f61a02 -> 
  custom:container-muxer-webm: aa71ff27fc2769a1b78a27578f13a17b -> 
  custom:video-decoder-webm-vp8: 9c59270c3fd7afecdb556c50c9e8de78 -> 
  custom:SearchIndexIgnoredProperties: e643bd26f0fe6173181afceb89e7c659 -> 
  custom:AudioImporter_EditorPlatform: d09bf68614088b80899f8185d706f6e7 -> 
  custom:scripting/monoscript/fileName/Cube.cs: c3f6b4862c91a0182d5e14a1ddeb8a06 -> 1e2bad7c218970a055fec33866548983
  custom:scripting/monoscript/fileName/CubeSpawner.cs: d34e3497e39b17fe77f76726270f8e44 -> 
  custom:video-encoder-webm-vp8: eb34c28f22e8b96e1ab97ce403110664 -> 
  custom:audio-decoder-ogg-vorbis: bf7c407c2cedff20999df2af8eb42d56 -> 
  custom:scripting/monoscript/fileName/TransparencyChanger.cs: 337ebccdf974de34744ebc700fc86598 -> 346eaf3f3b1de1a18cd8b4e2321d4487
  custom:audio-encoder-webm-vorbis: bf7c407c2cedff20999df2af8eb42d56 -> 
  custom:scripting/precompiled-assembly-types:Assembly-CSharp: 160c8b18ab06f8b69931cdd09c9ab869 -> e480a03165d01833ca99ad568e1bb9c9
========================================================================
Received Import Request.
  Time since last request: 1264.092036 seconds.
  path: Assets/Prefabs/Cube.prefab
  artifactKey: Guid(93350987874cadf418c07ca3543c067f) Importer(815301076,1909f56bfc062723c751e8b465ee728b)
Start importing Assets/Prefabs/Cube.prefab using Guid(93350987874cadf418c07ca3543c067f) Importer(815301076,1909f56bfc062723c751e8b465ee728b) [PhysX] Initialized MultithreadedTaskDispatcher with 8 workers.
 -> (artifact id: '823d2838166e162459828dcb7bec3ee2') in 0.004856 seconds
Number of updated asset objects reloaded before import = 0
Number of asset objects unloaded after import = 0
========================================================================
Received Prepare
Caller must complete domain reload
Begin MonoManager ReloadAssembly
- Loaded All Assemblies, in  0.488 seconds
Native extension for WindowsStandalone target not found
Mono: successfully reloaded assembly
- Finished resetting the current domain, in  1.037 seconds
Domain Reload Profiling: 1524ms
	BeginReloadAssembly (175ms)
		ExecutionOrderSort (0ms)
		DisableScriptedObjects (6ms)
		BackupInstance (0ms)
		ReleaseScriptingObjects (0ms)
		CreateAndSetChildDomain (38ms)
	RebuildCommonClasses (48ms)
	RebuildNativeTypeToScriptingClass (16ms)
	initialDomainReloadingComplete (27ms)
	LoadAllAssembliesAndSetupDomain (222ms)
		LoadAssemblies (303ms)
		RebuildTransferFunctionScriptingTraits (0ms)
		AnalyzeDomain (19ms)
			TypeCache.Refresh (8ms)
				TypeCache.ScanAssembly (0ms)
			ScanForSourceGeneratedMonoScriptInfo (0ms)
			ResolveRequiredComponents (8ms)
	FinalizeReload (1037ms)
		ReleaseScriptCaches (0ms)
		RebuildScriptCaches (0ms)
		SetupLoadedEditorAssemblies (521ms)
			LogAssemblyErrors (0ms)
			InitializePlatformSupportModulesInManaged (8ms)
			SetLoadedEditorAssemblies (5ms)
			RefreshPlugins (0ms)
			BeforeProcessingInitializeOnLoad (72ms)
			ProcessInitializeOnLoadAttributes (405ms)
			ProcessInitializeOnLoadMethodAttributes (26ms)
			AfterProcessingInitializeOnLoad (4ms)
			EditorAssembliesLoaded (0ms)
		ExecutionOrderSort2 (0ms)
		AwakeInstancesAfterBackupRestoration (10ms)
Refreshing native plugins compatible for Editor in 3.22 ms, found 3 plugins.
Preloading 0 native plugins for Editor in 0.00 ms.
Unloading 3132 Unused Serialized files (Serialized files now loaded: 0)
Unloading 14 unused Assets / (28.6 KB). Loaded Objects now: 3726.
Memory consumption went from 117.8 MB to 117.8 MB.
Total: 4.349700 ms (FindLiveObjects: 0.290100 ms CreateObjectMapping: 0.214100 ms MarkObjects: 3.788000 ms  DeleteObjects: 0.055800 ms)

Prepare: number of updated asset objects reloaded= 0
AssetImportParameters requested are different than current active one (requested -> active):
  custom:scripting/monoscript/fileName/Spawner.cs: dfbd8e0bda67e8bd0e84e508fc63ee86 -> 7de732fab2c49f3068a483eb669d8d17
  custom:container-demuxer-ogg: 62fdf1f143b41e24485cea50d1cbac27 -> 
  custom:video-decoder-ogg-theora: a1e56fd34408186e4bbccfd4996cb3dc -> 
  custom:framework-win-MediaFoundation: 216162199b28c13a410421893ffa2e32 -> 
  custom:scripting/monoscript/fileName/BombSpawner.cs: 211b1e4229560b0e0ed20ed122fb08dd -> 
  custom:scripting/monoscript/fileName/ColorChanger.cs: d31a0d7fb05c5d47ec43ba26017e80fc -> f6c371260d842df543789961567bd0a7
  custom:scripting/monoscript/fileName/Bomb.cs: bfd944eb6528774f7c1cc3d00ac64a63 -> 62fbfe76f5286165743d61555377be05
  custom:CustomObjectIndexerAttribute: 9a22284fe3817be447336de3de66b15e -> 
  custom:scripting/monoscript/fileName/Exploder.cs: 9b0152466039c1b0e2a05b2b202f333e -> e17c7e89857fc4f731933d24c8502a85
  custom:scripting/monoscript/fileName/Platform.cs: 9ea6822636207a672fe419a3f121e641 -> 2a197b573da14efe1ad853123be22cde
  custom:container-demuxer-webm: 4f35f7cbe854078d1ac9338744f61a02 -> 
  custom:container-muxer-webm: aa71ff27fc2769a1b78a27578f13a17b -> 
  custom:video-decoder-webm-vp8: 9c59270c3fd7afecdb556c50c9e8de78 -> 
  custom:SearchIndexIgnoredProperties: e643bd26f0fe6173181afceb89e7c659 -> 
  custom:AudioImporter_EditorPlatform: d09bf68614088b80899f8185d706f6e7 -> 
  custom:scripting/monoscript/fileName/Cube.cs: c3f6b4862c91a0182d5e14a1ddeb8a06 -> 1e2bad7c218970a055fec33866548983
  custom:scripting/monoscript/fileName/CubeSpawner.cs: d34e3497e39b17fe77f76726270f8e44 -> 
  custom:video-encoder-webm-vp8: eb34c28f22e8b96e1ab97ce403110664 -> 
  custom:audio-decoder-ogg-vorbis: bf7c407c2cedff20999df2af8eb42d56 -> 
  custom:scripting/monoscript/fileName/TransparencyChanger.cs: 337ebccdf974de34744ebc700fc86598 -> 346eaf3f3b1de1a18cd8b4e2321d4487
  custom:audio-encoder-webm-vorbis: bf7c407c2cedff20999df2af8eb42d56 -> 
  custom:scripting/precompiled-assembly-types:Assembly-CSharp: 160c8b18ab06f8b69931cdd09c9ab869 -> e480a03165d01833ca99ad568e1bb9c9
========================================================================
Received Prepare
Caller must complete domain reload
Begin MonoManager ReloadAssembly
- Loaded All Assemblies, in  0.467 seconds
Native extension for WindowsStandalone target not found
Mono: successfully reloaded assembly
- Finished resetting the current domain, in  1.006 seconds
Domain Reload Profiling: 1473ms
	BeginReloadAssembly (178ms)
		ExecutionOrderSort (0ms)
		DisableScriptedObjects (6ms)
		BackupInstance (0ms)
		ReleaseScriptingObjects (0ms)
		CreateAndSetChildDomain (34ms)
	RebuildCommonClasses (36ms)
	RebuildNativeTypeToScriptingClass (13ms)
	initialDomainReloadingComplete (32ms)
	LoadAllAssembliesAndSetupDomain (208ms)
		LoadAssemblies (293ms)
		RebuildTransferFunctionScriptingTraits (0ms)
		AnalyzeDomain (15ms)
			TypeCache.Refresh (7ms)
				TypeCache.ScanAssembly (0ms)
			ScanForSourceGeneratedMonoScriptInfo (0ms)
			ResolveRequiredComponents (6ms)
	FinalizeReload (1007ms)
		ReleaseScriptCaches (0ms)
		RebuildScriptCaches (0ms)
		SetupLoadedEditorAssemblies (535ms)
			LogAssemblyErrors (0ms)
			InitializePlatformSupportModulesInManaged (7ms)
			SetLoadedEditorAssemblies (7ms)
			RefreshPlugins (0ms)
			BeforeProcessingInitializeOnLoad (79ms)
			ProcessInitializeOnLoadAttributes (410ms)
			ProcessInitializeOnLoadMethodAttributes (29ms)
			AfterProcessingInitializeOnLoad (4ms)
			EditorAssembliesLoaded (0ms)
		ExecutionOrderSort2 (0ms)
		AwakeInstancesAfterBackupRestoration (10ms)
Refreshing native plugins compatible for Editor in 3.47 ms, found 3 plugins.
Preloading 0 native plugins for Editor in 0.00 ms.
Unloading 3133 Unused Serialized files (Serialized files now loaded: 0)
Unloading 14 unused Assets / (28.6 KB). Loaded Objects now: 3729.
Memory consumption went from 118.1 MB to 118.0 MB.
Total: 4.216400 ms (FindLiveObjects: 0.288800 ms CreateObjectMapping: 0.213100 ms MarkObjects: 3.668200 ms  DeleteObjects: 0.045000 ms)

Prepare: number of updated asset objects reloaded= 0
AssetImportParameters requested are different than current active one (requested -> active):
  custom:scripting/monoscript/fileName/Spawner.cs: dfbd8e0bda67e8bd0e84e508fc63ee86 -> 7de732fab2c49f3068a483eb669d8d17
  custom:container-demuxer-ogg: 62fdf1f143b41e24485cea50d1cbac27 -> 
  custom:video-decoder-ogg-theora: a1e56fd34408186e4bbccfd4996cb3dc -> 
  custom:framework-win-MediaFoundation: 216162199b28c13a410421893ffa2e32 -> 
  custom:scripting/monoscript/fileName/BombSpawner.cs: 211b1e4229560b0e0ed20ed122fb08dd -> 
  custom:scripting/monoscript/fileName/ColorChanger.cs: d31a0d7fb05c5d47ec43ba26017e80fc -> f6c371260d842df543789961567bd0a7
  custom:scripting/monoscript/fileName/Bomb.cs: bfd944eb6528774f7c1cc3d00ac64a63 -> 62fbfe76f5286165743d61555377be05
  custom:CustomObjectIndexerAttribute: 9a22284fe3817be447336de3de66b15e -> 
  custom:scripting/monoscript/fileName/Exploder.cs: 9b0152466039c1b0e2a05b2b202f333e -> e17c7e89857fc4f731933d24c8502a85
  custom:scripting/monoscript/fileName/Platform.cs: 9ea6822636207a672fe419a3f121e641 -> 2a197b573da14efe1ad853123be22cde
  custom:container-demuxer-webm: 4f35f7cbe854078d1ac9338744f61a02 -> 
  custom:container-muxer-webm: aa71ff27fc2769a1b78a27578f13a17b -> 
  custom:video-decoder-webm-vp8: 9c59270c3fd7afecdb556c50c9e8de78 -> 
  custom:SearchIndexIgnoredProperties: e643bd26f0fe6173181afceb89e7c659 -> 
  custom:AudioImporter_EditorPlatform: d09bf68614088b80899f8185d706f6e7 -> 
  custom:scripting/monoscript/fileName/Cube.cs: c3f6b4862c91a0182d5e14a1ddeb8a06 -> 1e2bad7c218970a055fec33866548983
  custom:scripting/monoscript/fileName/CubeSpawner.cs: d34e3497e39b17fe77f76726270f8e44 -> 
  custom:video-encoder-webm-vp8: eb34c28f22e8b96e1ab97ce403110664 -> 
  custom:audio-decoder-ogg-vorbis: bf7c407c2cedff20999df2af8eb42d56 -> 
  custom:scripting/monoscript/fileName/TransparencyChanger.cs: 337ebccdf974de34744ebc700fc86598 -> 346eaf3f3b1de1a18cd8b4e2321d4487
  custom:audio-encoder-webm-vorbis: bf7c407c2cedff20999df2af8eb42d56 -> 
  custom:scripting/precompiled-assembly-types:Assembly-CSharp: 160c8b18ab06f8b69931cdd09c9ab869 -> e480a03165d01833ca99ad568e1bb9c9
========================================================================
Received Prepare
Caller must complete domain reload
Begin MonoManager ReloadAssembly
- Loaded All Assemblies, in  0.466 seconds
Native extension for WindowsStandalone target not found
Mono: successfully reloaded assembly
- Finished resetting the current domain, in  0.984 seconds
Domain Reload Profiling: 1450ms
	BeginReloadAssembly (172ms)
		ExecutionOrderSort (0ms)
		DisableScriptedObjects (6ms)
		BackupInstance (0ms)
		ReleaseScriptingObjects (0ms)
		CreateAndSetChildDomain (34ms)
	RebuildCommonClasses (47ms)
	RebuildNativeTypeToScriptingClass (13ms)
	initialDomainReloadingComplete (27ms)
	LoadAllAssembliesAndSetupDomain (206ms)
		LoadAssemblies (290ms)
		RebuildTransferFunctionScriptingTraits (0ms)
		AnalyzeDomain (18ms)
			TypeCache.Refresh (6ms)
				TypeCache.ScanAssembly (0ms)
			ScanForSourceGeneratedMonoScriptInfo (0ms)
			ResolveRequiredComponents (9ms)
	FinalizeReload (985ms)
		ReleaseScriptCaches (0ms)
		RebuildScriptCaches (0ms)
		SetupLoadedEditorAssemblies (503ms)
			LogAssemblyErrors (0ms)
			InitializePlatformSupportModulesInManaged (7ms)
			SetLoadedEditorAssemblies (4ms)
			RefreshPlugins (0ms)
			BeforeProcessingInitializeOnLoad (75ms)
			ProcessInitializeOnLoadAttributes (383ms)
			ProcessInitializeOnLoadMethodAttributes (29ms)
			AfterProcessingInitializeOnLoad (4ms)
			EditorAssembliesLoaded (0ms)
		ExecutionOrderSort2 (0ms)
		AwakeInstancesAfterBackupRestoration (11ms)
Refreshing native plugins compatible for Editor in 2.78 ms, found 3 plugins.
Preloading 0 native plugins for Editor in 0.00 ms.
Unloading 3133 Unused Serialized files (Serialized files now loaded: 0)
Unloading 14 unused Assets / (28.6 KB). Loaded Objects now: 3732.
Memory consumption went from 118.1 MB to 118.0 MB.
Total: 4.450000 ms (FindLiveObjects: 0.315300 ms CreateObjectMapping: 0.239900 ms MarkObjects: 3.855100 ms  DeleteObjects: 0.038700 ms)

Prepare: number of updated asset objects reloaded= 0
AssetImportParameters requested are different than current active one (requested -> active):
  custom:scripting/monoscript/fileName/Spawner.cs: dfbd8e0bda67e8bd0e84e508fc63ee86 -> 7de732fab2c49f3068a483eb669d8d17
  custom:container-demuxer-ogg: 62fdf1f143b41e24485cea50d1cbac27 -> 
  custom:video-decoder-ogg-theora: a1e56fd34408186e4bbccfd4996cb3dc -> 
  custom:framework-win-MediaFoundation: 216162199b28c13a410421893ffa2e32 -> 
  custom:scripting/monoscript/fileName/BombSpawner.cs: 211b1e4229560b0e0ed20ed122fb08dd -> 
  custom:scripting/monoscript/fileName/ColorChanger.cs: d31a0d7fb05c5d47ec43ba26017e80fc -> f6c371260d842df543789961567bd0a7
  custom:scripting/monoscript/fileName/Bomb.cs: bfd944eb6528774f7c1cc3d00ac64a63 -> 62fbfe76f5286165743d61555377be05
  custom:CustomObjectIndexerAttribute: 9a22284fe3817be447336de3de66b15e -> 
  custom:scripting/monoscript/fileName/Exploder.cs: 9b0152466039c1b0e2a05b2b202f333e -> e17c7e89857fc4f731933d24c8502a85
  custom:scripting/monoscript/fileName/Platform.cs: 9ea6822636207a672fe419a3f121e641 -> 2a197b573da14efe1ad853123be22cde
  custom:container-demuxer-webm: 4f35f7cbe854078d1ac9338744f61a02 -> 
  custom:container-muxer-webm: aa71ff27fc2769a1b78a27578f13a17b -> 
  custom:video-decoder-webm-vp8: 9c59270c3fd7afecdb556c50c9e8de78 -> 
  custom:SearchIndexIgnoredProperties: e643bd26f0fe6173181afceb89e7c659 -> 
  custom:AudioImporter_EditorPlatform: d09bf68614088b80899f8185d706f6e7 -> 
  custom:scripting/monoscript/fileName/Cube.cs: c3f6b4862c91a0182d5e14a1ddeb8a06 -> 1e2bad7c218970a055fec33866548983
  custom:scripting/monoscript/fileName/CubeSpawner.cs: d34e3497e39b17fe77f76726270f8e44 -> 
  custom:video-encoder-webm-vp8: eb34c28f22e8b96e1ab97ce403110664 -> 
  custom:audio-decoder-ogg-vorbis: bf7c407c2cedff20999df2af8eb42d56 -> 
  custom:scripting/monoscript/fileName/TransparencyChanger.cs: 337ebccdf974de34744ebc700fc86598 -> 346eaf3f3b1de1a18cd8b4e2321d4487
  custom:audio-encoder-webm-vorbis: bf7c407c2cedff20999df2af8eb42d56 -> 
  custom:scripting/precompiled-assembly-types:Assembly-CSharp: 160c8b18ab06f8b69931cdd09c9ab869 -> e480a03165d01833ca99ad568e1bb9c9
========================================================================
Received Prepare
Caller must complete domain reload
Begin MonoManager ReloadAssembly
- Loaded All Assemblies, in  0.462 seconds
Native extension for WindowsStandalone target not found
Mono: successfully reloaded assembly
- Finished resetting the current domain, in  1.061 seconds
Domain Reload Profiling: 1523ms
	BeginReloadAssembly (171ms)
		ExecutionOrderSort (0ms)
		DisableScriptedObjects (8ms)
		BackupInstance (0ms)
		ReleaseScriptingObjects (0ms)
		CreateAndSetChildDomain (32ms)
	RebuildCommonClasses (37ms)
	RebuildNativeTypeToScriptingClass (12ms)
	initialDomainReloadingComplete (28ms)
	LoadAllAssembliesAndSetupDomain (212ms)
		LoadAssemblies (296ms)
		RebuildTransferFunctionScriptingTraits (0ms)
		AnalyzeDomain (14ms)
			TypeCache.Refresh (6ms)
				TypeCache.ScanAssembly (0ms)
			ScanForSourceGeneratedMonoScriptInfo (0ms)
			ResolveRequiredComponents (6ms)
	FinalizeReload (1062ms)
		ReleaseScriptCaches (0ms)
		RebuildScriptCaches (0ms)
		SetupLoadedEditorAssemblies (543ms)
			LogAssemblyErrors (0ms)
			InitializePlatformSupportModulesInManaged (8ms)
			SetLoadedEditorAssemblies (5ms)
			RefreshPlugins (0ms)
			BeforeProcessingInitializeOnLoad (80ms)
			ProcessInitializeOnLoadAttributes (417ms)
			ProcessInitializeOnLoadMethodAttributes (29ms)
			AfterProcessingInitializeOnLoad (4ms)
			EditorAssembliesLoaded (0ms)
		ExecutionOrderSort2 (0ms)
		AwakeInstancesAfterBackupRestoration (16ms)
Refreshing native plugins compatible for Editor in 3.17 ms, found 3 plugins.
Preloading 0 native plugins for Editor in 0.00 ms.
Unloading 3133 Unused Serialized files (Serialized files now loaded: 0)
Unloading 14 unused Assets / (28.5 KB). Loaded Objects now: 3735.
Memory consumption went from 118.1 MB to 118.0 MB.
Total: 4.772200 ms (FindLiveObjects: 0.379900 ms CreateObjectMapping: 0.305300 ms MarkObjects: 3.995600 ms  DeleteObjects: 0.090100 ms)

Prepare: number of updated asset objects reloaded= 0
AssetImportParameters requested are different than current active one (requested -> active):
  custom:scripting/monoscript/fileName/Spawner.cs: dfbd8e0bda67e8bd0e84e508fc63ee86 -> 7de732fab2c49f3068a483eb669d8d17
  custom:container-demuxer-ogg: 62fdf1f143b41e24485cea50d1cbac27 -> 
  custom:video-decoder-ogg-theora: a1e56fd34408186e4bbccfd4996cb3dc -> 
  custom:framework-win-MediaFoundation: 216162199b28c13a410421893ffa2e32 -> 
  custom:scripting/monoscript/fileName/BombSpawner.cs: 211b1e4229560b0e0ed20ed122fb08dd -> 
  custom:scripting/monoscript/fileName/ColorChanger.cs: d31a0d7fb05c5d47ec43ba26017e80fc -> f6c371260d842df543789961567bd0a7
  custom:scripting/monoscript/fileName/Bomb.cs: bfd944eb6528774f7c1cc3d00ac64a63 -> 62fbfe76f5286165743d61555377be05
  custom:CustomObjectIndexerAttribute: 9a22284fe3817be447336de3de66b15e -> 
  custom:scripting/monoscript/fileName/Exploder.cs: 9b0152466039c1b0e2a05b2b202f333e -> e17c7e89857fc4f731933d24c8502a85
  custom:scripting/monoscript/fileName/Platform.cs: 9ea6822636207a672fe419a3f121e641 -> 2a197b573da14efe1ad853123be22cde
  custom:container-demuxer-webm: 4f35f7cbe854078d1ac9338744f61a02 -> 
  custom:container-muxer-webm: aa71ff27fc2769a1b78a27578f13a17b -> 
  custom:video-decoder-webm-vp8: 9c59270c3fd7afecdb556c50c9e8de78 -> 
  custom:SearchIndexIgnoredProperties: e643bd26f0fe6173181afceb89e7c659 -> 
  custom:AudioImporter_EditorPlatform: d09bf68614088b80899f8185d706f6e7 -> 
  custom:scripting/monoscript/fileName/Cube.cs: c3f6b4862c91a0182d5e14a1ddeb8a06 -> 1e2bad7c218970a055fec33866548983
  custom:scripting/monoscript/fileName/CubeSpawner.cs: d34e3497e39b17fe77f76726270f8e44 -> 
  custom:video-encoder-webm-vp8: eb34c28f22e8b96e1ab97ce403110664 -> 
  custom:audio-decoder-ogg-vorbis: bf7c407c2cedff20999df2af8eb42d56 -> 
  custom:scripting/monoscript/fileName/TransparencyChanger.cs: 337ebccdf974de34744ebc700fc86598 -> 346eaf3f3b1de1a18cd8b4e2321d4487
  custom:audio-encoder-webm-vorbis: bf7c407c2cedff20999df2af8eb42d56 -> 
  custom:scripting/precompiled-assembly-types:Assembly-CSharp: 160c8b18ab06f8b69931cdd09c9ab869 -> e480a03165d01833ca99ad568e1bb9c9
========================================================================
Received Prepare
Caller must complete domain reload
Begin MonoManager ReloadAssembly
- Loaded All Assemblies, in  0.482 seconds
Native extension for WindowsStandalone target not found
Mono: successfully reloaded assembly
- Finished resetting the current domain, in  0.977 seconds
Domain Reload Profiling: 1459ms
	BeginReloadAssembly (172ms)
		ExecutionOrderSort (0ms)
		DisableScriptedObjects (7ms)
		BackupInstance (0ms)
		ReleaseScriptingObjects (0ms)
		CreateAndSetChildDomain (33ms)
	RebuildCommonClasses (46ms)
	RebuildNativeTypeToScriptingClass (14ms)
	initialDomainReloadingComplete (26ms)
	LoadAllAssembliesAndSetupDomain (223ms)
		LoadAssemblies (301ms)
		RebuildTransferFunctionScriptingTraits (0ms)
		AnalyzeDomain (24ms)
			TypeCache.Refresh (9ms)
				TypeCache.ScanAssembly (0ms)
			ScanForSourceGeneratedMonoScriptInfo (7ms)
			ResolveRequiredComponents (6ms)
	FinalizeReload (978ms)
		ReleaseScriptCaches (0ms)
		RebuildScriptCaches (0ms)
		SetupLoadedEditorAssemblies (519ms)
			LogAssemblyErrors (0ms)
			InitializePlatformSupportModulesInManaged (6ms)
			SetLoadedEditorAssemblies (4ms)
			RefreshPlugins (0ms)
			BeforeProcessingInitializeOnLoad (73ms)
			ProcessInitializeOnLoadAttributes (399ms)
			ProcessInitializeOnLoadMethodAttributes (34ms)
			AfterProcessingInitializeOnLoad (3ms)
			EditorAssembliesLoaded (0ms)
		ExecutionOrderSort2 (0ms)
		AwakeInstancesAfterBackupRestoration (9ms)
Refreshing native plugins compatible for Editor in 3.09 ms, found 3 plugins.
Preloading 0 native plugins for Editor in 0.00 ms.
Unloading 3133 Unused Serialized files (Serialized files now loaded: 0)
Unloading 14 unused Assets / (28.6 KB). Loaded Objects now: 3738.
Memory consumption went from 118.1 MB to 118.0 MB.
Total: 4.125200 ms (FindLiveObjects: 0.284700 ms CreateObjectMapping: 0.242900 ms MarkObjects: 3.550300 ms  DeleteObjects: 0.046100 ms)

Prepare: number of updated asset objects reloaded= 0
AssetImportParameters requested are different than current active one (requested -> active):
  custom:scripting/monoscript/fileName/Spawner.cs: dfbd8e0bda67e8bd0e84e508fc63ee86 -> 7de732fab2c49f3068a483eb669d8d17
  custom:container-demuxer-ogg: 62fdf1f143b41e24485cea50d1cbac27 -> 
  custom:video-decoder-ogg-theora: a1e56fd34408186e4bbccfd4996cb3dc -> 
  custom:framework-win-MediaFoundation: 216162199b28c13a410421893ffa2e32 -> 
  custom:scripting/monoscript/fileName/BombSpawner.cs: 211b1e4229560b0e0ed20ed122fb08dd -> 
  custom:scripting/monoscript/fileName/ColorChanger.cs: d31a0d7fb05c5d47ec43ba26017e80fc -> f6c371260d842df543789961567bd0a7
  custom:scripting/monoscript/fileName/Bomb.cs: bfd944eb6528774f7c1cc3d00ac64a63 -> 62fbfe76f5286165743d61555377be05
  custom:CustomObjectIndexerAttribute: 9a22284fe3817be447336de3de66b15e -> 
  custom:scripting/monoscript/fileName/Exploder.cs: 9b0152466039c1b0e2a05b2b202f333e -> e17c7e89857fc4f731933d24c8502a85
  custom:scripting/monoscript/fileName/Platform.cs: 9ea6822636207a672fe419a3f121e641 -> 2a197b573da14efe1ad853123be22cde
  custom:container-demuxer-webm: 4f35f7cbe854078d1ac9338744f61a02 -> 
  custom:container-muxer-webm: aa71ff27fc2769a1b78a27578f13a17b -> 
  custom:video-decoder-webm-vp8: 9c59270c3fd7afecdb556c50c9e8de78 -> 
  custom:SearchIndexIgnoredProperties: e643bd26f0fe6173181afceb89e7c659 -> 
  custom:AudioImporter_EditorPlatform: d09bf68614088b80899f8185d706f6e7 -> 
  custom:scripting/monoscript/fileName/Cube.cs: c3f6b4862c91a0182d5e14a1ddeb8a06 -> 1e2bad7c218970a055fec33866548983
  custom:scripting/monoscript/fileName/CubeSpawner.cs: d34e3497e39b17fe77f76726270f8e44 -> 
  custom:video-encoder-webm-vp8: eb34c28f22e8b96e1ab97ce403110664 -> 
  custom:audio-decoder-ogg-vorbis: bf7c407c2cedff20999df2af8eb42d56 -> 
  custom:scripting/monoscript/fileName/TransparencyChanger.cs: 337ebccdf974de34744ebc700fc86598 -> 346eaf3f3b1de1a18cd8b4e2321d4487
  custom:audio-encoder-webm-vorbis: bf7c407c2cedff20999df2af8eb42d56 -> 
  custom:scripting/precompiled-assembly-types:Assembly-CSharp: 160c8b18ab06f8b69931cdd09c9ab869 -> e480a03165d01833ca99ad568e1bb9c9
========================================================================
Received Prepare
Caller must complete domain reload
Begin MonoManager ReloadAssembly
- Loaded All Assemblies, in  0.479 seconds
Native extension for WindowsStandalone target not found
Mono: successfully reloaded assembly
- Finished resetting the current domain, in  0.973 seconds
Domain Reload Profiling: 1452ms
	BeginReloadAssembly (184ms)
		ExecutionOrderSort (0ms)
		DisableScriptedObjects (6ms)
		BackupInstance (0ms)
		ReleaseScriptingObjects (0ms)
		CreateAndSetChildDomain (37ms)
	RebuildCommonClasses (42ms)
	RebuildNativeTypeToScriptingClass (13ms)
	initialDomainReloadingComplete (27ms)
	LoadAllAssembliesAndSetupDomain (212ms)
		LoadAssemblies (301ms)
		RebuildTransferFunctionScriptingTraits (0ms)
		AnalyzeDomain (18ms)
			TypeCache.Refresh (7ms)
				TypeCache.ScanAssembly (0ms)
			ScanForSourceGeneratedMonoScriptInfo (0ms)
			ResolveRequiredComponents (9ms)
	FinalizeReload (974ms)
		ReleaseScriptCaches (0ms)
		RebuildScriptCaches (0ms)
		SetupLoadedEditorAssemblies (510ms)
			LogAssemblyErrors (0ms)
			InitializePlatformSupportModulesInManaged (7ms)
			SetLoadedEditorAssemblies (5ms)
			RefreshPlugins (0ms)
			BeforeProcessingInitializeOnLoad (77ms)
			ProcessInitializeOnLoadAttributes (385ms)
			ProcessInitializeOnLoadMethodAttributes (31ms)
			AfterProcessingInitializeOnLoad (5ms)
			EditorAssembliesLoaded (0ms)
		ExecutionOrderSort2 (0ms)
		AwakeInstancesAfterBackupRestoration (11ms)
Refreshing native plugins compatible for Editor in 2.51 ms, found 3 plugins.
Preloading 0 native plugins for Editor in 0.00 ms.
Unloading 3133 Unused Serialized files (Serialized files now loaded: 0)
Unloading 14 unused Assets / (28.5 KB). Loaded Objects now: 3741.
Memory consumption went from 118.1 MB to 118.0 MB.
Total: 4.052100 ms (FindLiveObjects: 0.300900 ms CreateObjectMapping: 0.220200 ms MarkObjects: 3.482200 ms  DeleteObjects: 0.047800 ms)

Prepare: number of updated asset objects reloaded= 0
AssetImportParameters requested are different than current active one (requested -> active):
  custom:scripting/monoscript/fileName/Spawner.cs: dfbd8e0bda67e8bd0e84e508fc63ee86 -> 7de732fab2c49f3068a483eb669d8d17
  custom:container-demuxer-ogg: 62fdf1f143b41e24485cea50d1cbac27 -> 
  custom:video-decoder-ogg-theora: a1e56fd34408186e4bbccfd4996cb3dc -> 
  custom:framework-win-MediaFoundation: 216162199b28c13a410421893ffa2e32 -> 
  custom:scripting/monoscript/fileName/BombSpawner.cs: 211b1e4229560b0e0ed20ed122fb08dd -> 
  custom:scripting/monoscript/fileName/ColorChanger.cs: d31a0d7fb05c5d47ec43ba26017e80fc -> f6c371260d842df543789961567bd0a7
  custom:scripting/monoscript/fileName/Bomb.cs: bfd944eb6528774f7c1cc3d00ac64a63 -> 62fbfe76f5286165743d61555377be05
  custom:CustomObjectIndexerAttribute: 9a22284fe3817be447336de3de66b15e -> 
  custom:scripting/monoscript/fileName/Exploder.cs: 9b0152466039c1b0e2a05b2b202f333e -> e17c7e89857fc4f731933d24c8502a85
  custom:scripting/monoscript/fileName/Platform.cs: 9ea6822636207a672fe419a3f121e641 -> 2a197b573da14efe1ad853123be22cde
  custom:container-demuxer-webm: 4f35f7cbe854078d1ac9338744f61a02 -> 
  custom:container-muxer-webm: aa71ff27fc2769a1b78a27578f13a17b -> 
  custom:video-decoder-webm-vp8: 9c59270c3fd7afecdb556c50c9e8de78 -> 
  custom:SearchIndexIgnoredProperties: e643bd26f0fe6173181afceb89e7c659 -> 
  custom:AudioImporter_EditorPlatform: d09bf68614088b80899f8185d706f6e7 -> 
  custom:scripting/monoscript/fileName/Cube.cs: c3f6b4862c91a0182d5e14a1ddeb8a06 -> 1e2bad7c218970a055fec33866548983
  custom:scripting/monoscript/fileName/CubeSpawner.cs: d34e3497e39b17fe77f76726270f8e44 -> 
  custom:video-encoder-webm-vp8: eb34c28f22e8b96e1ab97ce403110664 -> 
  custom:audio-decoder-ogg-vorbis: bf7c407c2cedff20999df2af8eb42d56 -> 
  custom:scripting/monoscript/fileName/TransparencyChanger.cs: 337ebccdf974de34744ebc700fc86598 -> 346eaf3f3b1de1a18cd8b4e2321d4487
  custom:audio-encoder-webm-vorbis: bf7c407c2cedff20999df2af8eb42d56 -> 
  custom:scripting/precompiled-assembly-types:Assembly-CSharp: 160c8b18ab06f8b69931cdd09c9ab869 -> e480a03165d01833ca99ad568e1bb9c9
========================================================================
Received Prepare
Caller must complete domain reload
Begin MonoManager ReloadAssembly
- Loaded All Assemblies, in  0.492 seconds
Native extension for WindowsStandalone target not found
Mono: successfully reloaded assembly
- Finished resetting the current domain, in  1.006 seconds
Domain Reload Profiling: 1498ms
	BeginReloadAssembly (188ms)
		ExecutionOrderSort (0ms)
		DisableScriptedObjects (7ms)
		BackupInstance (0ms)
		ReleaseScriptingObjects (0ms)
		CreateAndSetChildDomain (39ms)
	RebuildCommonClasses (39ms)
	RebuildNativeTypeToScriptingClass (13ms)
	initialDomainReloadingComplete (30ms)
	LoadAllAssembliesAndSetupDomain (220ms)
		LoadAssemblies (311ms)
		RebuildTransferFunctionScriptingTraits (0ms)
		AnalyzeDomain (15ms)
			TypeCache.Refresh (7ms)
				TypeCache.ScanAssembly (0ms)
			ScanForSourceGeneratedMonoScriptInfo (0ms)
			ResolveRequiredComponents (6ms)
	FinalizeReload (1007ms)
		ReleaseScriptCaches (0ms)
		RebuildScriptCaches (0ms)
		SetupLoadedEditorAssemblies (532ms)
			LogAssemblyErrors (0ms)
			InitializePlatformSupportModulesInManaged (7ms)
			SetLoadedEditorAssemblies (8ms)
			RefreshPlugins (0ms)
			BeforeProcessingInitializeOnLoad (77ms)
			ProcessInitializeOnLoadAttributes (405ms)
			ProcessInitializeOnLoadMethodAttributes (29ms)
			AfterProcessingInitializeOnLoad (5ms)
			EditorAssembliesLoaded (0ms)
		ExecutionOrderSort2 (0ms)
		AwakeInstancesAfterBackupRestoration (10ms)
Refreshing native plugins compatible for Editor in 3.29 ms, found 3 plugins.
Preloading 0 native plugins for Editor in 0.00 ms.
Unloading 3133 Unused Serialized files (Serialized files now loaded: 0)
Unloading 14 unused Assets / (28.5 KB). Loaded Objects now: 3744.
Memory consumption went from 118.1 MB to 118.0 MB.
Total: 4.141900 ms (FindLiveObjects: 0.290800 ms CreateObjectMapping: 0.227000 ms MarkObjects: 3.569600 ms  DeleteObjects: 0.053500 ms)

Prepare: number of updated asset objects reloaded= 0
AssetImportParameters requested are different than current active one (requested -> active):
  custom:scripting/monoscript/fileName/Spawner.cs: dfbd8e0bda67e8bd0e84e508fc63ee86 -> 7de732fab2c49f3068a483eb669d8d17
  custom:container-demuxer-ogg: 62fdf1f143b41e24485cea50d1cbac27 -> 
  custom:video-decoder-ogg-theora: a1e56fd34408186e4bbccfd4996cb3dc -> 
  custom:framework-win-MediaFoundation: 216162199b28c13a410421893ffa2e32 -> 
  custom:scripting/monoscript/fileName/BombSpawner.cs: 211b1e4229560b0e0ed20ed122fb08dd -> 
  custom:scripting/monoscript/fileName/ColorChanger.cs: d31a0d7fb05c5d47ec43ba26017e80fc -> f6c371260d842df543789961567bd0a7
  custom:scripting/monoscript/fileName/Bomb.cs: bfd944eb6528774f7c1cc3d00ac64a63 -> 62fbfe76f5286165743d61555377be05
  custom:CustomObjectIndexerAttribute: 9a22284fe3817be447336de3de66b15e -> 
  custom:scripting/monoscript/fileName/Exploder.cs: 9b0152466039c1b0e2a05b2b202f333e -> e17c7e89857fc4f731933d24c8502a85
  custom:scripting/monoscript/fileName/Platform.cs: 9ea6822636207a672fe419a3f121e641 -> 2a197b573da14efe1ad853123be22cde
  custom:container-demuxer-webm: 4f35f7cbe854078d1ac9338744f61a02 -> 
  custom:container-muxer-webm: aa71ff27fc2769a1b78a27578f13a17b -> 
  custom:video-decoder-webm-vp8: 9c59270c3fd7afecdb556c50c9e8de78 -> 
  custom:SearchIndexIgnoredProperties: e643bd26f0fe6173181afceb89e7c659 -> 
  custom:AudioImporter_EditorPlatform: d09bf68614088b80899f8185d706f6e7 -> 
  custom:scripting/monoscript/fileName/Cube.cs: c3f6b4862c91a0182d5e14a1ddeb8a06 -> 1e2bad7c218970a055fec33866548983
  custom:scripting/monoscript/fileName/CubeSpawner.cs: d34e3497e39b17fe77f76726270f8e44 -> 
  custom:video-encoder-webm-vp8: eb34c28f22e8b96e1ab97ce403110664 -> 
  custom:audio-decoder-ogg-vorbis: bf7c407c2cedff20999df2af8eb42d56 -> 
  custom:scripting/monoscript/fileName/TransparencyChanger.cs: 337ebccdf974de34744ebc700fc86598 -> 346eaf3f3b1de1a18cd8b4e2321d4487
  custom:audio-encoder-webm-vorbis: bf7c407c2cedff20999df2af8eb42d56 -> 
  custom:scripting/precompiled-assembly-types:Assembly-CSharp: 160c8b18ab06f8b69931cdd09c9ab869 -> e480a03165d01833ca99ad568e1bb9c9
========================================================================
Received Prepare
Caller must complete domain reload
Begin MonoManager ReloadAssembly
- Loaded All Assemblies, in  0.476 seconds
Native extension for WindowsStandalone target not found
Mono: successfully reloaded assembly
- Finished resetting the current domain, in  1.040 seconds
Domain Reload Profiling: 1515ms
	BeginReloadAssembly (176ms)
		ExecutionOrderSort (0ms)
		DisableScriptedObjects (6ms)
		BackupInstance (0ms)
		ReleaseScriptingObjects (0ms)
		CreateAndSetChildDomain (35ms)
	RebuildCommonClasses (37ms)
	RebuildNativeTypeToScriptingClass (13ms)
	initialDomainReloadingComplete (27ms)
	LoadAllAssembliesAndSetupDomain (223ms)
		LoadAssemblies (300ms)
		RebuildTransferFunctionScriptingTraits (0ms)
		AnalyzeDomain (26ms)
			TypeCache.Refresh (11ms)
				TypeCache.ScanAssembly (0ms)
			ScanForSourceGeneratedMonoScriptInfo (7ms)
			ResolveRequiredComponents (6ms)
	FinalizeReload (1040ms)
		ReleaseScriptCaches (0ms)
		RebuildScriptCaches (0ms)
		SetupLoadedEditorAssemblies (517ms)
			LogAssemblyErrors (0ms)
			InitializePlatformSupportModulesInManaged (6ms)
			SetLoadedEditorAssemblies (5ms)
			RefreshPlugins (0ms)
			BeforeProcessingInitializeOnLoad (80ms)
			ProcessInitializeOnLoadAttributes (392ms)
			ProcessInitializeOnLoadMethodAttributes (29ms)
			AfterProcessingInitializeOnLoad (4ms)
			EditorAssembliesLoaded (0ms)
		ExecutionOrderSort2 (0ms)
		AwakeInstancesAfterBackupRestoration (12ms)
Refreshing native plugins compatible for Editor in 2.06 ms, found 3 plugins.
Preloading 0 native plugins for Editor in 0.00 ms.
Unloading 3133 Unused Serialized files (Serialized files now loaded: 0)
Unloading 14 unused Assets / (28.5 KB). Loaded Objects now: 3747.
Memory consumption went from 118.1 MB to 118.0 MB.
Total: 3.749700 ms (FindLiveObjects: 0.277400 ms CreateObjectMapping: 0.218700 ms MarkObjects: 3.214700 ms  DeleteObjects: 0.037600 ms)

Prepare: number of updated asset objects reloaded= 0
AssetImportParameters requested are different than current active one (requested -> active):
  custom:scripting/monoscript/fileName/Spawner.cs: dfbd8e0bda67e8bd0e84e508fc63ee86 -> 7de732fab2c49f3068a483eb669d8d17
  custom:container-demuxer-ogg: 62fdf1f143b41e24485cea50d1cbac27 -> 
  custom:video-decoder-ogg-theora: a1e56fd34408186e4bbccfd4996cb3dc -> 
  custom:framework-win-MediaFoundation: 216162199b28c13a410421893ffa2e32 -> 
  custom:scripting/monoscript/fileName/BombSpawner.cs: 211b1e4229560b0e0ed20ed122fb08dd -> 
  custom:scripting/monoscript/fileName/ColorChanger.cs: d31a0d7fb05c5d47ec43ba26017e80fc -> f6c371260d842df543789961567bd0a7
  custom:scripting/monoscript/fileName/Bomb.cs: bfd944eb6528774f7c1cc3d00ac64a63 -> 62fbfe76f5286165743d61555377be05
  custom:CustomObjectIndexerAttribute: 9a22284fe3817be447336de3de66b15e -> 
  custom:scripting/monoscript/fileName/Exploder.cs: 9b0152466039c1b0e2a05b2b202f333e -> e17c7e89857fc4f731933d24c8502a85
  custom:scripting/monoscript/fileName/Platform.cs: 9ea6822636207a672fe419a3f121e641 -> 2a197b573da14efe1ad853123be22cde
  custom:container-demuxer-webm: 4f35f7cbe854078d1ac9338744f61a02 -> 
  custom:container-muxer-webm: aa71ff27fc2769a1b78a27578f13a17b -> 
  custom:video-decoder-webm-vp8: 9c59270c3fd7afecdb556c50c9e8de78 -> 
  custom:SearchIndexIgnoredProperties: e643bd26f0fe6173181afceb89e7c659 -> 
  custom:AudioImporter_EditorPlatform: d09bf68614088b80899f8185d706f6e7 -> 
  custom:scripting/monoscript/fileName/Cube.cs: c3f6b4862c91a0182d5e14a1ddeb8a06 -> 1e2bad7c218970a055fec33866548983
  custom:scripting/monoscript/fileName/CubeSpawner.cs: d34e3497e39b17fe77f76726270f8e44 -> 
  custom:video-encoder-webm-vp8: eb34c28f22e8b96e1ab97ce403110664 -> 
  custom:audio-decoder-ogg-vorbis: bf7c407c2cedff20999df2af8eb42d56 -> 
  custom:scripting/monoscript/fileName/TransparencyChanger.cs: 337ebccdf974de34744ebc700fc86598 -> 346eaf3f3b1de1a18cd8b4e2321d4487
  custom:audio-encoder-webm-vorbis: bf7c407c2cedff20999df2af8eb42d56 -> 
  custom:scripting/precompiled-assembly-types:Assembly-CSharp: c2dbae10c6a82a73fa27cd2fc7e711ef -> e480a03165d01833ca99ad568e1bb9c9
========================================================================
Received Prepare
Caller must complete domain reload
Begin MonoManager ReloadAssembly
- Loaded All Assemblies, in  0.469 seconds
Native extension for WindowsStandalone target not found
Mono: successfully reloaded assembly
- Finished resetting the current domain, in  1.049 seconds
Domain Reload Profiling: 1518ms
	BeginReloadAssembly (172ms)
		ExecutionOrderSort (0ms)
		DisableScriptedObjects (6ms)
		BackupInstance (0ms)
		ReleaseScriptingObjects (0ms)
		CreateAndSetChildDomain (30ms)
	RebuildCommonClasses (37ms)
	RebuildNativeTypeToScriptingClass (13ms)
	initialDomainReloadingComplete (28ms)
	LoadAllAssembliesAndSetupDomain (218ms)
		LoadAssemblies (304ms)
		RebuildTransferFunctionScriptingTraits (0ms)
		AnalyzeDomain (14ms)
			TypeCache.Refresh (6ms)
				TypeCache.ScanAssembly (0ms)
			ScanForSourceGeneratedMonoScriptInfo (0ms)
			ResolveRequiredComponents (6ms)
	FinalizeReload (1050ms)
		ReleaseScriptCaches (0ms)
		RebuildScriptCaches (0ms)
		SetupLoadedEditorAssemblies (529ms)
			LogAssemblyErrors (0ms)
			InitializePlatformSupportModulesInManaged (7ms)
			SetLoadedEditorAssemblies (4ms)
			RefreshPlugins (0ms)
			BeforeProcessingInitializeOnLoad (81ms)
			ProcessInitializeOnLoadAttributes (404ms)
			ProcessInitializeOnLoadMethodAttributes (29ms)
			AfterProcessingInitializeOnLoad (4ms)
			EditorAssembliesLoaded (0ms)
		ExecutionOrderSort2 (0ms)
		AwakeInstancesAfterBackupRestoration (11ms)
Refreshing native plugins compatible for Editor in 2.55 ms, found 3 plugins.
Preloading 0 native plugins for Editor in 0.00 ms.
Unloading 3133 Unused Serialized files (Serialized files now loaded: 0)
Unloading 14 unused Assets / (28.5 KB). Loaded Objects now: 3750.
Memory consumption went from 118.1 MB to 118.0 MB.
Total: 4.576100 ms (FindLiveObjects: 0.467900 ms CreateObjectMapping: 0.346500 ms MarkObjects: 3.715100 ms  DeleteObjects: 0.045600 ms)

Prepare: number of updated asset objects reloaded= 0
AssetImportParameters requested are different than current active one (requested -> active):
  custom:scripting/monoscript/fileName/Spawner.cs: dfbd8e0bda67e8bd0e84e508fc63ee86 -> 7de732fab2c49f3068a483eb669d8d17
  custom:container-demuxer-ogg: 62fdf1f143b41e24485cea50d1cbac27 -> 
  custom:video-decoder-ogg-theora: a1e56fd34408186e4bbccfd4996cb3dc -> 
  custom:framework-win-MediaFoundation: 216162199b28c13a410421893ffa2e32 -> 
  custom:scripting/monoscript/fileName/BombSpawner.cs: 211b1e4229560b0e0ed20ed122fb08dd -> 
  custom:scripting/monoscript/fileName/ColorChanger.cs: d31a0d7fb05c5d47ec43ba26017e80fc -> f6c371260d842df543789961567bd0a7
  custom:scripting/monoscript/fileName/Bomb.cs: bfd944eb6528774f7c1cc3d00ac64a63 -> 62fbfe76f5286165743d61555377be05
  custom:CustomObjectIndexerAttribute: 9a22284fe3817be447336de3de66b15e -> 
  custom:scripting/monoscript/fileName/Exploder.cs: 9b0152466039c1b0e2a05b2b202f333e -> e17c7e89857fc4f731933d24c8502a85
  custom:scripting/monoscript/fileName/Platform.cs: 9ea6822636207a672fe419a3f121e641 -> 2a197b573da14efe1ad853123be22cde
  custom:container-demuxer-webm: 4f35f7cbe854078d1ac9338744f61a02 -> 
  custom:container-muxer-webm: aa71ff27fc2769a1b78a27578f13a17b -> 
  custom:video-decoder-webm-vp8: 9c59270c3fd7afecdb556c50c9e8de78 -> 
  custom:SearchIndexIgnoredProperties: e643bd26f0fe6173181afceb89e7c659 -> 
  custom:AudioImporter_EditorPlatform: d09bf68614088b80899f8185d706f6e7 -> 
  custom:scripting/monoscript/fileName/Cube.cs: c3f6b4862c91a0182d5e14a1ddeb8a06 -> 1e2bad7c218970a055fec33866548983
  custom:scripting/monoscript/fileName/CubeSpawner.cs: d34e3497e39b17fe77f76726270f8e44 -> 
  custom:video-encoder-webm-vp8: eb34c28f22e8b96e1ab97ce403110664 -> 
  custom:audio-decoder-ogg-vorbis: bf7c407c2cedff20999df2af8eb42d56 -> 
  custom:scripting/monoscript/fileName/TransparencyChanger.cs: 337ebccdf974de34744ebc700fc86598 -> 346eaf3f3b1de1a18cd8b4e2321d4487
  custom:audio-encoder-webm-vorbis: bf7c407c2cedff20999df2af8eb42d56 -> 
  custom:scripting/precompiled-assembly-types:Assembly-CSharp: c2dbae10c6a82a73fa27cd2fc7e711ef -> e480a03165d01833ca99ad568e1bb9c9
========================================================================
Received Prepare
Caller must complete domain reload
Begin MonoManager ReloadAssembly
- Loaded All Assemblies, in  0.482 seconds
Native extension for WindowsStandalone target not found
Mono: successfully reloaded assembly
- Finished resetting the current domain, in  1.042 seconds
Domain Reload Profiling: 1525ms
	BeginReloadAssembly (186ms)
		ExecutionOrderSort (0ms)
		DisableScriptedObjects (9ms)
		BackupInstance (0ms)
		ReleaseScriptingObjects (0ms)
		CreateAndSetChildDomain (35ms)
	RebuildCommonClasses (36ms)
	RebuildNativeTypeToScriptingClass (12ms)
	initialDomainReloadingComplete (28ms)
	LoadAllAssembliesAndSetupDomain (218ms)
		LoadAssemblies (294ms)
		RebuildTransferFunctionScriptingTraits (0ms)
		AnalyzeDomain (29ms)
			TypeCache.Refresh (10ms)
				TypeCache.ScanAssembly (0ms)
			ScanForSourceGeneratedMonoScriptInfo (8ms)
			ResolveRequiredComponents (9ms)
	FinalizeReload (1043ms)
		ReleaseScriptCaches (0ms)
		RebuildScriptCaches (0ms)
		SetupLoadedEditorAssemblies (507ms)
			LogAssemblyErrors (0ms)
			InitializePlatformSupportModulesInManaged (7ms)
			SetLoadedEditorAssemblies (4ms)
			RefreshPlugins (0ms)
			BeforeProcessingInitializeOnLoad (78ms)
			ProcessInitializeOnLoadAttributes (390ms)
			ProcessInitializeOnLoadMethodAttributes (24ms)
			AfterProcessingInitializeOnLoad (3ms)
			EditorAssembliesLoaded (0ms)
		ExecutionOrderSort2 (0ms)
		AwakeInstancesAfterBackupRestoration (9ms)
Refreshing native plugins compatible for Editor in 3.01 ms, found 3 plugins.
Preloading 0 native plugins for Editor in 0.00 ms.
Unloading 3133 Unused Serialized files (Serialized files now loaded: 0)
Unloading 14 unused Assets / (28.5 KB). Loaded Objects now: 3753.
Memory consumption went from 118.1 MB to 118.0 MB.
Total: 3.922200 ms (FindLiveObjects: 0.295600 ms CreateObjectMapping: 0.242800 ms MarkObjects: 3.315900 ms  DeleteObjects: 0.066800 ms)

Prepare: number of updated asset objects reloaded= 0
AssetImportParameters requested are different than current active one (requested -> active):
  custom:scripting/monoscript/fileName/Spawner.cs: dfbd8e0bda67e8bd0e84e508fc63ee86 -> 7de732fab2c49f3068a483eb669d8d17
  custom:container-demuxer-ogg: 62fdf1f143b41e24485cea50d1cbac27 -> 
  custom:video-decoder-ogg-theora: a1e56fd34408186e4bbccfd4996cb3dc -> 
  custom:framework-win-MediaFoundation: 216162199b28c13a410421893ffa2e32 -> 
  custom:scripting/monoscript/fileName/BombSpawner.cs: 211b1e4229560b0e0ed20ed122fb08dd -> 
  custom:scripting/monoscript/fileName/ColorChanger.cs: d31a0d7fb05c5d47ec43ba26017e80fc -> f6c371260d842df543789961567bd0a7
  custom:scripting/monoscript/fileName/Bomb.cs: bfd944eb6528774f7c1cc3d00ac64a63 -> 62fbfe76f5286165743d61555377be05
  custom:CustomObjectIndexerAttribute: 9a22284fe3817be447336de3de66b15e -> 
  custom:scripting/monoscript/fileName/Exploder.cs: 9b0152466039c1b0e2a05b2b202f333e -> e17c7e89857fc4f731933d24c8502a85
  custom:scripting/monoscript/fileName/Platform.cs: 9ea6822636207a672fe419a3f121e641 -> 2a197b573da14efe1ad853123be22cde
  custom:container-demuxer-webm: 4f35f7cbe854078d1ac9338744f61a02 -> 
  custom:container-muxer-webm: aa71ff27fc2769a1b78a27578f13a17b -> 
  custom:video-decoder-webm-vp8: 9c59270c3fd7afecdb556c50c9e8de78 -> 
  custom:SearchIndexIgnoredProperties: e643bd26f0fe6173181afceb89e7c659 -> 
  custom:AudioImporter_EditorPlatform: d09bf68614088b80899f8185d706f6e7 -> 
  custom:scripting/monoscript/fileName/Cube.cs: c3f6b4862c91a0182d5e14a1ddeb8a06 -> 1e2bad7c218970a055fec33866548983
  custom:scripting/monoscript/fileName/CubeSpawner.cs: d34e3497e39b17fe77f76726270f8e44 -> 
  custom:video-encoder-webm-vp8: eb34c28f22e8b96e1ab97ce403110664 -> 
  custom:audio-decoder-ogg-vorbis: bf7c407c2cedff20999df2af8eb42d56 -> 
  custom:scripting/monoscript/fileName/TransparencyChanger.cs: 337ebccdf974de34744ebc700fc86598 -> 346eaf3f3b1de1a18cd8b4e2321d4487
  custom:audio-encoder-webm-vorbis: bf7c407c2cedff20999df2af8eb42d56 -> 
  custom:scripting/precompiled-assembly-types:Assembly-CSharp: c2dbae10c6a82a73fa27cd2fc7e711ef -> e480a03165d01833ca99ad568e1bb9c9
========================================================================
Received Prepare
Caller must complete domain reload
Begin MonoManager ReloadAssembly
- Loaded All Assemblies, in  0.508 seconds
Native extension for WindowsStandalone target not found
Mono: successfully reloaded assembly
- Finished resetting the current domain, in  0.996 seconds
Domain Reload Profiling: 1504ms
	BeginReloadAssembly (209ms)
		ExecutionOrderSort (0ms)
		DisableScriptedObjects (6ms)
		BackupInstance (0ms)
		ReleaseScriptingObjects (0ms)
		CreateAndSetChildDomain (55ms)
	RebuildCommonClasses (42ms)
	RebuildNativeTypeToScriptingClass (14ms)
	initialDomainReloadingComplete (27ms)
	LoadAllAssembliesAndSetupDomain (216ms)
		LoadAssemblies (298ms)
		RebuildTransferFunctionScriptingTraits (0ms)
		AnalyzeDomain (25ms)
			TypeCache.Refresh (9ms)
				TypeCache.ScanAssembly (0ms)
			ScanForSourceGeneratedMonoScriptInfo (7ms)
			ResolveRequiredComponents (7ms)
	FinalizeReload (997ms)
		ReleaseScriptCaches (0ms)
		RebuildScriptCaches (0ms)
		SetupLoadedEditorAssemblies (485ms)
			LogAssemblyErrors (0ms)
			InitializePlatformSupportModulesInManaged (6ms)
			SetLoadedEditorAssemblies (4ms)
			RefreshPlugins (0ms)
			BeforeProcessingInitializeOnLoad (73ms)
			ProcessInitializeOnLoadAttributes (374ms)
			ProcessInitializeOnLoadMethodAttributes (25ms)
			AfterProcessingInitializeOnLoad (4ms)
			EditorAssembliesLoaded (0ms)
		ExecutionOrderSort2 (0ms)
		AwakeInstancesAfterBackupRestoration (9ms)
Refreshing native plugins compatible for Editor in 2.97 ms, found 3 plugins.
Preloading 0 native plugins for Editor in 0.00 ms.
Unloading 3134 Unused Serialized files (Serialized files now loaded: 0)
Unloading 14 unused Assets / (28.5 KB). Loaded Objects now: 3757.
Memory consumption went from 118.1 MB to 118.1 MB.
Total: 4.507100 ms (FindLiveObjects: 0.281400 ms CreateObjectMapping: 0.221700 ms MarkObjects: 3.956800 ms  DeleteObjects: 0.046100 ms)

Prepare: number of updated asset objects reloaded= 0
AssetImportParameters requested are different than current active one (requested -> active):
  custom:scripting/monoscript/fileName/Spawner.cs: dfbd8e0bda67e8bd0e84e508fc63ee86 -> 7de732fab2c49f3068a483eb669d8d17
  custom:container-demuxer-ogg: 62fdf1f143b41e24485cea50d1cbac27 -> 
  custom:video-decoder-ogg-theora: a1e56fd34408186e4bbccfd4996cb3dc -> 
  custom:framework-win-MediaFoundation: 216162199b28c13a410421893ffa2e32 -> 
  custom:scripting/monoscript/fileName/BombSpawner.cs: 211b1e4229560b0e0ed20ed122fb08dd -> 
  custom:scripting/monoscript/fileName/ColorChanger.cs: d31a0d7fb05c5d47ec43ba26017e80fc -> f6c371260d842df543789961567bd0a7
  custom:scripting/monoscript/fileName/Bomb.cs: bfd944eb6528774f7c1cc3d00ac64a63 -> 62fbfe76f5286165743d61555377be05
  custom:scripting/monoscript/fileName/PoolableObject.cs: 8d092a881df5fcdfaf09232738ef1b42 -> 
  custom:CustomObjectIndexerAttribute: 9a22284fe3817be447336de3de66b15e -> 
  custom:scripting/monoscript/fileName/Exploder.cs: 9b0152466039c1b0e2a05b2b202f333e -> e17c7e89857fc4f731933d24c8502a85
  custom:scripting/monoscript/fileName/Platform.cs: 9ea6822636207a672fe419a3f121e641 -> 2a197b573da14efe1ad853123be22cde
  custom:container-demuxer-webm: 4f35f7cbe854078d1ac9338744f61a02 -> 
  custom:container-muxer-webm: aa71ff27fc2769a1b78a27578f13a17b -> 
  custom:video-decoder-webm-vp8: 9c59270c3fd7afecdb556c50c9e8de78 -> 
  custom:SearchIndexIgnoredProperties: e643bd26f0fe6173181afceb89e7c659 -> 
  custom:AudioImporter_EditorPlatform: d09bf68614088b80899f8185d706f6e7 -> 
  custom:scripting/monoscript/fileName/Cube.cs: c3f6b4862c91a0182d5e14a1ddeb8a06 -> 1e2bad7c218970a055fec33866548983
  custom:scripting/monoscript/fileName/CubeSpawner.cs: d34e3497e39b17fe77f76726270f8e44 -> 
  custom:video-encoder-webm-vp8: eb34c28f22e8b96e1ab97ce403110664 -> 
  custom:audio-decoder-ogg-vorbis: bf7c407c2cedff20999df2af8eb42d56 -> 
  custom:scripting/monoscript/fileName/TransparencyChanger.cs: 337ebccdf974de34744ebc700fc86598 -> 346eaf3f3b1de1a18cd8b4e2321d4487
  custom:audio-encoder-webm-vorbis: bf7c407c2cedff20999df2af8eb42d56 -> 
  custom:scripting/precompiled-assembly-types:Assembly-CSharp: a0658715e24bc8f4c33b4181ce0079fe -> e480a03165d01833ca99ad568e1bb9c9
========================================================================
Received Prepare
Caller must complete domain reload
Begin MonoManager ReloadAssembly
- Loaded All Assemblies, in  0.475 seconds
Native extension for WindowsStandalone target not found
Mono: successfully reloaded assembly
- Finished resetting the current domain, in  0.928 seconds
Domain Reload Profiling: 1402ms
	BeginReloadAssembly (167ms)
		ExecutionOrderSort (0ms)
		DisableScriptedObjects (6ms)
		BackupInstance (0ms)
		ReleaseScriptingObjects (0ms)
		CreateAndSetChildDomain (36ms)
	RebuildCommonClasses (42ms)
	RebuildNativeTypeToScriptingClass (12ms)
	initialDomainReloadingComplete (33ms)
	LoadAllAssembliesAndSetupDomain (220ms)
		LoadAssemblies (287ms)
		RebuildTransferFunctionScriptingTraits (0ms)
		AnalyzeDomain (27ms)
			TypeCache.Refresh (8ms)
				TypeCache.ScanAssembly (0ms)
			ScanForSourceGeneratedMonoScriptInfo (8ms)
			ResolveRequiredComponents (9ms)
	FinalizeReload (928ms)
		ReleaseScriptCaches (0ms)
		RebuildScriptCaches (0ms)
		SetupLoadedEditorAssemblies (463ms)
			LogAssemblyErrors (0ms)
			InitializePlatformSupportModulesInManaged (7ms)
			SetLoadedEditorAssemblies (4ms)
			RefreshPlugins (0ms)
			BeforeProcessingInitializeOnLoad (73ms)
			ProcessInitializeOnLoadAttributes (353ms)
			ProcessInitializeOnLoadMethodAttributes (24ms)
			AfterProcessingInitializeOnLoad (3ms)
			EditorAssembliesLoaded (0ms)
		ExecutionOrderSort2 (0ms)
		AwakeInstancesAfterBackupRestoration (9ms)
Refreshing native plugins compatible for Editor in 2.37 ms, found 3 plugins.
Preloading 0 native plugins for Editor in 0.00 ms.
Unloading 3134 Unused Serialized files (Serialized files now loaded: 0)
Unloading 14 unused Assets / (28.5 KB). Loaded Objects now: 3760.
Memory consumption went from 118.1 MB to 118.1 MB.
Total: 3.941600 ms (FindLiveObjects: 0.282600 ms CreateObjectMapping: 0.206800 ms MarkObjects: 3.405700 ms  DeleteObjects: 0.045500 ms)

Prepare: number of updated asset objects reloaded= 0
AssetImportParameters requested are different than current active one (requested -> active):
  custom:scripting/monoscript/fileName/Spawner.cs: dfbd8e0bda67e8bd0e84e508fc63ee86 -> 7de732fab2c49f3068a483eb669d8d17
  custom:container-demuxer-ogg: 62fdf1f143b41e24485cea50d1cbac27 -> 
  custom:video-decoder-ogg-theora: a1e56fd34408186e4bbccfd4996cb3dc -> 
  custom:framework-win-MediaFoundation: 216162199b28c13a410421893ffa2e32 -> 
  custom:scripting/monoscript/fileName/BombSpawner.cs: 211b1e4229560b0e0ed20ed122fb08dd -> 
  custom:scripting/monoscript/fileName/ColorChanger.cs: d31a0d7fb05c5d47ec43ba26017e80fc -> f6c371260d842df543789961567bd0a7
  custom:scripting/monoscript/fileName/Bomb.cs: bfd944eb6528774f7c1cc3d00ac64a63 -> 62fbfe76f5286165743d61555377be05
  custom:scripting/monoscript/fileName/PoolableObject.cs: 8d092a881df5fcdfaf09232738ef1b42 -> 
  custom:CustomObjectIndexerAttribute: 9a22284fe3817be447336de3de66b15e -> 
  custom:scripting/monoscript/fileName/Exploder.cs: 9b0152466039c1b0e2a05b2b202f333e -> e17c7e89857fc4f731933d24c8502a85
  custom:scripting/monoscript/fileName/Platform.cs: 9ea6822636207a672fe419a3f121e641 -> 2a197b573da14efe1ad853123be22cde
  custom:container-demuxer-webm: 4f35f7cbe854078d1ac9338744f61a02 -> 
  custom:container-muxer-webm: aa71ff27fc2769a1b78a27578f13a17b -> 
  custom:video-decoder-webm-vp8: 9c59270c3fd7afecdb556c50c9e8de78 -> 
  custom:SearchIndexIgnoredProperties: e643bd26f0fe6173181afceb89e7c659 -> 
  custom:AudioImporter_EditorPlatform: d09bf68614088b80899f8185d706f6e7 -> 
  custom:scripting/monoscript/fileName/Cube.cs: c3f6b4862c91a0182d5e14a1ddeb8a06 -> 1e2bad7c218970a055fec33866548983
  custom:scripting/monoscript/fileName/CubeSpawner.cs: d34e3497e39b17fe77f76726270f8e44 -> 
  custom:video-encoder-webm-vp8: eb34c28f22e8b96e1ab97ce403110664 -> 
  custom:audio-decoder-ogg-vorbis: bf7c407c2cedff20999df2af8eb42d56 -> 
  custom:scripting/monoscript/fileName/TransparencyChanger.cs: 337ebccdf974de34744ebc700fc86598 -> 346eaf3f3b1de1a18cd8b4e2321d4487
  custom:audio-encoder-webm-vorbis: bf7c407c2cedff20999df2af8eb42d56 -> 
  custom:scripting/precompiled-assembly-types:Assembly-CSharp: b826e25ff48cf8b1ee9d2abb82490bae -> e480a03165d01833ca99ad568e1bb9c9
========================================================================
Received Prepare
Caller must complete domain reload
Begin MonoManager ReloadAssembly
- Loaded All Assemblies, in  0.487 seconds
Native extension for WindowsStandalone target not found
Mono: successfully reloaded assembly
- Finished resetting the current domain, in  0.998 seconds
Domain Reload Profiling: 1484ms
	BeginReloadAssembly (177ms)
		ExecutionOrderSort (0ms)
		DisableScriptedObjects (6ms)
		BackupInstance (0ms)
		ReleaseScriptingObjects (0ms)
		CreateAndSetChildDomain (37ms)
	RebuildCommonClasses (43ms)
	RebuildNativeTypeToScriptingClass (16ms)
	initialDomainReloadingComplete (30ms)
	LoadAllAssembliesAndSetupDomain (219ms)
		LoadAssemblies (308ms)
		RebuildTransferFunctionScriptingTraits (0ms)
		AnalyzeDomain (14ms)
			TypeCache.Refresh (6ms)
				TypeCache.ScanAssembly (0ms)
			ScanForSourceGeneratedMonoScriptInfo (0ms)
			ResolveRequiredComponents (6ms)
	FinalizeReload (999ms)
		ReleaseScriptCaches (0ms)
		RebuildScriptCaches (0ms)
		SetupLoadedEditorAssemblies (503ms)
			LogAssemblyErrors (0ms)
			InitializePlatformSupportModulesInManaged (7ms)
			SetLoadedEditorAssemblies (4ms)
			RefreshPlugins (0ms)
			BeforeProcessingInitializeOnLoad (75ms)
			ProcessInitializeOnLoadAttributes (382ms)
			ProcessInitializeOnLoadMethodAttributes (30ms)
			AfterProcessingInitializeOnLoad (4ms)
			EditorAssembliesLoaded (0ms)
		ExecutionOrderSort2 (0ms)
		AwakeInstancesAfterBackupRestoration (10ms)
Refreshing native plugins compatible for Editor in 3.38 ms, found 3 plugins.
Preloading 0 native plugins for Editor in 0.00 ms.
Unloading 3134 Unused Serialized files (Serialized files now loaded: 0)
Unloading 14 unused Assets / (28.5 KB). Loaded Objects now: 3763.
Memory consumption went from 118.1 MB to 118.1 MB.
Total: 4.164300 ms (FindLiveObjects: 0.323800 ms CreateObjectMapping: 0.253900 ms MarkObjects: 3.530500 ms  DeleteObjects: 0.054900 ms)

Prepare: number of updated asset objects reloaded= 0
AssetImportParameters requested are different than current active one (requested -> active):
  custom:scripting/monoscript/fileName/Spawner.cs: dfbd8e0bda67e8bd0e84e508fc63ee86 -> 7de732fab2c49f3068a483eb669d8d17
  custom:container-demuxer-ogg: 62fdf1f143b41e24485cea50d1cbac27 -> 
  custom:video-decoder-ogg-theora: a1e56fd34408186e4bbccfd4996cb3dc -> 
  custom:framework-win-MediaFoundation: 216162199b28c13a410421893ffa2e32 -> 
  custom:scripting/monoscript/fileName/BombSpawner.cs: 211b1e4229560b0e0ed20ed122fb08dd -> 
  custom:scripting/monoscript/fileName/ColorChanger.cs: d31a0d7fb05c5d47ec43ba26017e80fc -> f6c371260d842df543789961567bd0a7
  custom:scripting/monoscript/fileName/Bomb.cs: bfd944eb6528774f7c1cc3d00ac64a63 -> 62fbfe76f5286165743d61555377be05
  custom:scripting/monoscript/fileName/PoolableObject.cs: 8d092a881df5fcdfaf09232738ef1b42 -> 
  custom:CustomObjectIndexerAttribute: 9a22284fe3817be447336de3de66b15e -> 
  custom:scripting/monoscript/fileName/Exploder.cs: 9b0152466039c1b0e2a05b2b202f333e -> e17c7e89857fc4f731933d24c8502a85
  custom:scripting/monoscript/fileName/Platform.cs: 9ea6822636207a672fe419a3f121e641 -> 2a197b573da14efe1ad853123be22cde
  custom:container-demuxer-webm: 4f35f7cbe854078d1ac9338744f61a02 -> 
  custom:container-muxer-webm: aa71ff27fc2769a1b78a27578f13a17b -> 
  custom:video-decoder-webm-vp8: 9c59270c3fd7afecdb556c50c9e8de78 -> 
  custom:SearchIndexIgnoredProperties: e643bd26f0fe6173181afceb89e7c659 -> 
  custom:AudioImporter_EditorPlatform: d09bf68614088b80899f8185d706f6e7 -> 
  custom:scripting/monoscript/fileName/Cube.cs: c3f6b4862c91a0182d5e14a1ddeb8a06 -> 1e2bad7c218970a055fec33866548983
  custom:scripting/monoscript/fileName/CubeSpawner.cs: d34e3497e39b17fe77f76726270f8e44 -> 
  custom:video-encoder-webm-vp8: eb34c28f22e8b96e1ab97ce403110664 -> 
  custom:audio-decoder-ogg-vorbis: bf7c407c2cedff20999df2af8eb42d56 -> 
  custom:scripting/monoscript/fileName/TransparencyChanger.cs: 337ebccdf974de34744ebc700fc86598 -> 346eaf3f3b1de1a18cd8b4e2321d4487
  custom:audio-encoder-webm-vorbis: bf7c407c2cedff20999df2af8eb42d56 -> 
  custom:scripting/precompiled-assembly-types:Assembly-CSharp: b826e25ff48cf8b1ee9d2abb82490bae -> e480a03165d01833ca99ad568e1bb9c9
========================================================================
Received Prepare
Caller must complete domain reload
Begin MonoManager ReloadAssembly
- Loaded All Assemblies, in  0.559 seconds
Native extension for WindowsStandalone target not found
Mono: successfully reloaded assembly
- Finished resetting the current domain, in  1.034 seconds
Domain Reload Profiling: 1593ms
	BeginReloadAssembly (192ms)
		ExecutionOrderSort (0ms)
		DisableScriptedObjects (9ms)
		BackupInstance (0ms)
		ReleaseScriptingObjects (0ms)
		CreateAndSetChildDomain (36ms)
	RebuildCommonClasses (42ms)
	RebuildNativeTypeToScriptingClass (20ms)
	initialDomainReloadingComplete (36ms)
	LoadAllAssembliesAndSetupDomain (268ms)
		LoadAssemblies (358ms)
		RebuildTransferFunctionScriptingTraits (0ms)
		AnalyzeDomain (26ms)
			TypeCache.Refresh (10ms)
				TypeCache.ScanAssembly (0ms)
			ScanForSourceGeneratedMonoScriptInfo (8ms)
			ResolveRequiredComponents (7ms)
	FinalizeReload (1035ms)
		ReleaseScriptCaches (0ms)
		RebuildScriptCaches (0ms)
		SetupLoadedEditorAssemblies (476ms)
			LogAssemblyErrors (0ms)
			InitializePlatformSupportModulesInManaged (6ms)
			SetLoadedEditorAssemblies (4ms)
			RefreshPlugins (0ms)
			BeforeProcessingInitializeOnLoad (64ms)
			ProcessInitializeOnLoadAttributes (371ms)
			ProcessInitializeOnLoadMethodAttributes (28ms)
			AfterProcessingInitializeOnLoad (3ms)
			EditorAssembliesLoaded (0ms)
		ExecutionOrderSort2 (0ms)
		AwakeInstancesAfterBackupRestoration (10ms)
Refreshing native plugins compatible for Editor in 2.68 ms, found 3 plugins.
Preloading 0 native plugins for Editor in 0.00 ms.
Unloading 3134 Unused Serialized files (Serialized files now loaded: 0)
Unloading 14 unused Assets / (28.5 KB). Loaded Objects now: 3766.
Memory consumption went from 118.1 MB to 118.1 MB.
Total: 5.174700 ms (FindLiveObjects: 0.418100 ms CreateObjectMapping: 0.244500 ms MarkObjects: 4.460500 ms  DeleteObjects: 0.050200 ms)

Prepare: number of updated asset objects reloaded= 0
AssetImportParameters requested are different than current active one (requested -> active):
  custom:scripting/monoscript/fileName/Spawner.cs: dfbd8e0bda67e8bd0e84e508fc63ee86 -> 7de732fab2c49f3068a483eb669d8d17
  custom:container-demuxer-ogg: 62fdf1f143b41e24485cea50d1cbac27 -> 
  custom:video-decoder-ogg-theora: a1e56fd34408186e4bbccfd4996cb3dc -> 
  custom:framework-win-MediaFoundation: 216162199b28c13a410421893ffa2e32 -> 
  custom:scripting/monoscript/fileName/BombSpawner.cs: 211b1e4229560b0e0ed20ed122fb08dd -> 
  custom:scripting/monoscript/fileName/ColorChanger.cs: d31a0d7fb05c5d47ec43ba26017e80fc -> f6c371260d842df543789961567bd0a7
  custom:scripting/monoscript/fileName/Bomb.cs: bfd944eb6528774f7c1cc3d00ac64a63 -> 62fbfe76f5286165743d61555377be05
  custom:scripting/monoscript/fileName/PoolableObject.cs: 8d092a881df5fcdfaf09232738ef1b42 -> 
  custom:CustomObjectIndexerAttribute: 9a22284fe3817be447336de3de66b15e -> 
  custom:scripting/monoscript/fileName/Exploder.cs: 9b0152466039c1b0e2a05b2b202f333e -> e17c7e89857fc4f731933d24c8502a85
  custom:scripting/monoscript/fileName/Platform.cs: 9ea6822636207a672fe419a3f121e641 -> 2a197b573da14efe1ad853123be22cde
  custom:container-demuxer-webm: 4f35f7cbe854078d1ac9338744f61a02 -> 
  custom:container-muxer-webm: aa71ff27fc2769a1b78a27578f13a17b -> 
  custom:video-decoder-webm-vp8: 9c59270c3fd7afecdb556c50c9e8de78 -> 
  custom:SearchIndexIgnoredProperties: e643bd26f0fe6173181afceb89e7c659 -> 
  custom:AudioImporter_EditorPlatform: d09bf68614088b80899f8185d706f6e7 -> 
  custom:scripting/monoscript/fileName/Cube.cs: c3f6b4862c91a0182d5e14a1ddeb8a06 -> 1e2bad7c218970a055fec33866548983
  custom:scripting/monoscript/fileName/CubeSpawner.cs: d34e3497e39b17fe77f76726270f8e44 -> 
  custom:video-encoder-webm-vp8: eb34c28f22e8b96e1ab97ce403110664 -> 
  custom:audio-decoder-ogg-vorbis: bf7c407c2cedff20999df2af8eb42d56 -> 
  custom:scripting/monoscript/fileName/TransparencyChanger.cs: 337ebccdf974de34744ebc700fc86598 -> 346eaf3f3b1de1a18cd8b4e2321d4487
  custom:audio-encoder-webm-vorbis: bf7c407c2cedff20999df2af8eb42d56 -> 
  custom:scripting/precompiled-assembly-types:Assembly-CSharp: b826e25ff48cf8b1ee9d2abb82490bae -> e480a03165d01833ca99ad568e1bb9c9
========================================================================
Received Prepare
Caller must complete domain reload
Begin MonoManager ReloadAssembly
- Loaded All Assemblies, in  0.464 seconds
Native extension for WindowsStandalone target not found
Mono: successfully reloaded assembly
- Finished resetting the current domain, in  1.113 seconds
Domain Reload Profiling: 1577ms
	BeginReloadAssembly (176ms)
		ExecutionOrderSort (0ms)
		DisableScriptedObjects (6ms)
		BackupInstance (0ms)
		ReleaseScriptingObjects (0ms)
		CreateAndSetChildDomain (32ms)
	RebuildCommonClasses (41ms)
	RebuildNativeTypeToScriptingClass (14ms)
	initialDomainReloadingComplete (28ms)
	LoadAllAssembliesAndSetupDomain (204ms)
		LoadAssemblies (298ms)
		RebuildTransferFunctionScriptingTraits (0ms)
		AnalyzeDomain (14ms)
			TypeCache.Refresh (6ms)
				TypeCache.ScanAssembly (0ms)
			ScanForSourceGeneratedMonoScriptInfo (0ms)
			ResolveRequiredComponents (7ms)
	FinalizeReload (1114ms)
		ReleaseScriptCaches (0ms)
		RebuildScriptCaches (0ms)
		SetupLoadedEditorAssemblies (534ms)
			LogAssemblyErrors (0ms)
			InitializePlatformSupportModulesInManaged (8ms)
			SetLoadedEditorAssemblies (5ms)
			RefreshPlugins (0ms)
			BeforeProcessingInitializeOnLoad (87ms)
			ProcessInitializeOnLoadAttributes (401ms)
			ProcessInitializeOnLoadMethodAttributes (29ms)
			AfterProcessingInitializeOnLoad (4ms)
			EditorAssembliesLoaded (0ms)
		ExecutionOrderSort2 (0ms)
		AwakeInstancesAfterBackupRestoration (11ms)
Refreshing native plugins compatible for Editor in 3.04 ms, found 3 plugins.
Preloading 0 native plugins for Editor in 0.00 ms.
Unloading 3134 Unused Serialized files (Serialized files now loaded: 0)
Unloading 14 unused Assets / (28.5 KB). Loaded Objects now: 3769.
Memory consumption went from 118.1 MB to 118.1 MB.
Total: 4.221300 ms (FindLiveObjects: 0.281400 ms CreateObjectMapping: 0.246000 ms MarkObjects: 3.649100 ms  DeleteObjects: 0.043800 ms)

Prepare: number of updated asset objects reloaded= 0
AssetImportParameters requested are different than current active one (requested -> active):
  custom:scripting/monoscript/fileName/Spawner.cs: dfbd8e0bda67e8bd0e84e508fc63ee86 -> 7de732fab2c49f3068a483eb669d8d17
  custom:container-demuxer-ogg: 62fdf1f143b41e24485cea50d1cbac27 -> 
  custom:video-decoder-ogg-theora: a1e56fd34408186e4bbccfd4996cb3dc -> 
  custom:framework-win-MediaFoundation: 216162199b28c13a410421893ffa2e32 -> 
  custom:scripting/monoscript/fileName/BombSpawner.cs: 211b1e4229560b0e0ed20ed122fb08dd -> 
  custom:scripting/monoscript/fileName/ColorChanger.cs: d31a0d7fb05c5d47ec43ba26017e80fc -> f6c371260d842df543789961567bd0a7
  custom:scripting/monoscript/fileName/Bomb.cs: bfd944eb6528774f7c1cc3d00ac64a63 -> 62fbfe76f5286165743d61555377be05
  custom:scripting/monoscript/fileName/PoolableObject.cs: 8d092a881df5fcdfaf09232738ef1b42 -> 
  custom:CustomObjectIndexerAttribute: 9a22284fe3817be447336de3de66b15e -> 
  custom:scripting/monoscript/fileName/Exploder.cs: 9b0152466039c1b0e2a05b2b202f333e -> e17c7e89857fc4f731933d24c8502a85
  custom:scripting/monoscript/fileName/Platform.cs: 9ea6822636207a672fe419a3f121e641 -> 2a197b573da14efe1ad853123be22cde
  custom:container-demuxer-webm: 4f35f7cbe854078d1ac9338744f61a02 -> 
  custom:container-muxer-webm: aa71ff27fc2769a1b78a27578f13a17b -> 
  custom:video-decoder-webm-vp8: 9c59270c3fd7afecdb556c50c9e8de78 -> 
  custom:SearchIndexIgnoredProperties: e643bd26f0fe6173181afceb89e7c659 -> 
  custom:AudioImporter_EditorPlatform: d09bf68614088b80899f8185d706f6e7 -> 
  custom:scripting/monoscript/fileName/Cube.cs: c3f6b4862c91a0182d5e14a1ddeb8a06 -> 1e2bad7c218970a055fec33866548983
  custom:scripting/monoscript/fileName/CubeSpawner.cs: d34e3497e39b17fe77f76726270f8e44 -> 
  custom:video-encoder-webm-vp8: eb34c28f22e8b96e1ab97ce403110664 -> 
  custom:audio-decoder-ogg-vorbis: bf7c407c2cedff20999df2af8eb42d56 -> 
  custom:scripting/monoscript/fileName/TransparencyChanger.cs: 337ebccdf974de34744ebc700fc86598 -> 346eaf3f3b1de1a18cd8b4e2321d4487
  custom:audio-encoder-webm-vorbis: bf7c407c2cedff20999df2af8eb42d56 -> 
  custom:scripting/precompiled-assembly-types:Assembly-CSharp: b826e25ff48cf8b1ee9d2abb82490bae -> e480a03165d01833ca99ad568e1bb9c9
========================================================================
Received Prepare
Caller must complete domain reload
Begin MonoManager ReloadAssembly
- Loaded All Assemblies, in  0.510 seconds
Native extension for WindowsStandalone target not found
Mono: successfully reloaded assembly
- Finished resetting the current domain, in  0.979 seconds
Domain Reload Profiling: 1488ms
	BeginReloadAssembly (175ms)
		ExecutionOrderSort (0ms)
		DisableScriptedObjects (6ms)
		BackupInstance (0ms)
		ReleaseScriptingObjects (0ms)
		CreateAndSetChildDomain (31ms)
	RebuildCommonClasses (39ms)
	RebuildNativeTypeToScriptingClass (13ms)
	initialDomainReloadingComplete (40ms)
	LoadAllAssembliesAndSetupDomain (241ms)
		LoadAssemblies (316ms)
		RebuildTransferFunctionScriptingTraits (0ms)
		AnalyzeDomain (30ms)
			TypeCache.Refresh (10ms)
				TypeCache.ScanAssembly (0ms)
			ScanForSourceGeneratedMonoScriptInfo (11ms)
			ResolveRequiredComponents (7ms)
	FinalizeReload (980ms)
		ReleaseScriptCaches (0ms)
		RebuildScriptCaches (0ms)
		SetupLoadedEditorAssemblies (423ms)
			LogAssemblyErrors (0ms)
			InitializePlatformSupportModulesInManaged (5ms)
			SetLoadedEditorAssemblies (3ms)
			RefreshPlugins (0ms)
			BeforeProcessingInitializeOnLoad (59ms)
			ProcessInitializeOnLoadAttributes (329ms)
			ProcessInitializeOnLoadMethodAttributes (23ms)
			AfterProcessingInitializeOnLoad (3ms)
			EditorAssembliesLoaded (0ms)
		ExecutionOrderSort2 (0ms)
		AwakeInstancesAfterBackupRestoration (10ms)
Refreshing native plugins compatible for Editor in 2.10 ms, found 3 plugins.
Preloading 0 native plugins for Editor in 0.00 ms.
Unloading 3134 Unused Serialized files (Serialized files now loaded: 0)
Unloading 14 unused Assets / (28.5 KB). Loaded Objects now: 3772.
Memory consumption went from 118.1 MB to 118.1 MB.
Total: 4.182100 ms (FindLiveObjects: 0.263400 ms CreateObjectMapping: 0.144800 ms MarkObjects: 3.726000 ms  DeleteObjects: 0.047000 ms)

Prepare: number of updated asset objects reloaded= 0
AssetImportParameters requested are different than current active one (requested -> active):
  custom:scripting/monoscript/fileName/Spawner.cs: dfbd8e0bda67e8bd0e84e508fc63ee86 -> 7de732fab2c49f3068a483eb669d8d17
  custom:container-demuxer-ogg: 62fdf1f143b41e24485cea50d1cbac27 -> 
  custom:video-decoder-ogg-theora: a1e56fd34408186e4bbccfd4996cb3dc -> 
  custom:framework-win-MediaFoundation: 216162199b28c13a410421893ffa2e32 -> 
  custom:scripting/monoscript/fileName/BombSpawner.cs: 211b1e4229560b0e0ed20ed122fb08dd -> 
  custom:scripting/monoscript/fileName/ColorChanger.cs: d31a0d7fb05c5d47ec43ba26017e80fc -> f6c371260d842df543789961567bd0a7
  custom:scripting/monoscript/fileName/Bomb.cs: bfd944eb6528774f7c1cc3d00ac64a63 -> 62fbfe76f5286165743d61555377be05
  custom:scripting/monoscript/fileName/PoolableObject.cs: 8d092a881df5fcdfaf09232738ef1b42 -> 
  custom:CustomObjectIndexerAttribute: 9a22284fe3817be447336de3de66b15e -> 
  custom:scripting/monoscript/fileName/Exploder.cs: 9b0152466039c1b0e2a05b2b202f333e -> e17c7e89857fc4f731933d24c8502a85
  custom:scripting/monoscript/fileName/Platform.cs: 9ea6822636207a672fe419a3f121e641 -> 2a197b573da14efe1ad853123be22cde
  custom:container-demuxer-webm: 4f35f7cbe854078d1ac9338744f61a02 -> 
  custom:container-muxer-webm: aa71ff27fc2769a1b78a27578f13a17b -> 
  custom:video-decoder-webm-vp8: 9c59270c3fd7afecdb556c50c9e8de78 -> 
  custom:SearchIndexIgnoredProperties: e643bd26f0fe6173181afceb89e7c659 -> 
  custom:AudioImporter_EditorPlatform: d09bf68614088b80899f8185d706f6e7 -> 
  custom:scripting/monoscript/fileName/Cube.cs: c3f6b4862c91a0182d5e14a1ddeb8a06 -> 1e2bad7c218970a055fec33866548983
  custom:scripting/monoscript/fileName/CubeSpawner.cs: d34e3497e39b17fe77f76726270f8e44 -> 
  custom:video-encoder-webm-vp8: eb34c28f22e8b96e1ab97ce403110664 -> 
  custom:audio-decoder-ogg-vorbis: bf7c407c2cedff20999df2af8eb42d56 -> 
  custom:scripting/monoscript/fileName/TransparencyChanger.cs: 337ebccdf974de34744ebc700fc86598 -> 346eaf3f3b1de1a18cd8b4e2321d4487
  custom:audio-encoder-webm-vorbis: bf7c407c2cedff20999df2af8eb42d56 -> 
  custom:scripting/precompiled-assembly-types:Assembly-CSharp: b826e25ff48cf8b1ee9d2abb82490bae -> e480a03165d01833ca99ad568e1bb9c9
========================================================================
Received Prepare
Caller must complete domain reload
Begin MonoManager ReloadAssembly
- Loaded All Assemblies, in  0.490 seconds
Native extension for WindowsStandalone target not found
Mono: successfully reloaded assembly
- Finished resetting the current domain, in  1.036 seconds
Domain Reload Profiling: 1526ms
	BeginReloadAssembly (181ms)
		ExecutionOrderSort (0ms)
		DisableScriptedObjects (7ms)
		BackupInstance (0ms)
		ReleaseScriptingObjects (0ms)
		CreateAndSetChildDomain (35ms)
	RebuildCommonClasses (37ms)
	RebuildNativeTypeToScriptingClass (13ms)
	initialDomainReloadingComplete (27ms)
	LoadAllAssembliesAndSetupDomain (232ms)
		LoadAssemblies (316ms)
		RebuildTransferFunctionScriptingTraits (0ms)
		AnalyzeDomain (24ms)
			TypeCache.Refresh (8ms)
				TypeCache.ScanAssembly (0ms)
			ScanForSourceGeneratedMonoScriptInfo (8ms)
			ResolveRequiredComponents (6ms)
	FinalizeReload (1036ms)
		ReleaseScriptCaches (0ms)
		RebuildScriptCaches (0ms)
		SetupLoadedEditorAssemblies (456ms)
			LogAssemblyErrors (0ms)
			InitializePlatformSupportModulesInManaged (7ms)
			SetLoadedEditorAssemblies (5ms)
			RefreshPlugins (0ms)
			BeforeProcessingInitializeOnLoad (62ms)
			ProcessInitializeOnLoadAttributes (336ms)
			ProcessInitializeOnLoadMethodAttributes (33ms)
			AfterProcessingInitializeOnLoad (13ms)
			EditorAssembliesLoaded (0ms)
		ExecutionOrderSort2 (0ms)
		AwakeInstancesAfterBackupRestoration (15ms)
Script is not up to date after domain reload: guid(4e6700d922bccb44d85b7fd2abd54410) path("Assets/Scripts/Spawners/Spawner.cs") state(2)
Refreshing native plugins compatible for Editor in 3.41 ms, found 3 plugins.
Preloading 0 native plugins for Editor in 0.00 ms.
Unloading 3134 Unused Serialized files (Serialized files now loaded: 0)
Unloading 14 unused Assets / (28.5 KB). Loaded Objects now: 3775.
Memory consumption went from 118.1 MB to 118.1 MB.
Total: 10.360200 ms (FindLiveObjects: 0.382300 ms CreateObjectMapping: 1.556500 ms MarkObjects: 8.340800 ms  DeleteObjects: 0.078800 ms)

Prepare: number of updated asset objects reloaded= 0
AssetImportParameters requested are different than current active one (requested -> active):
  custom:scripting/monoscript/fileName/Spawner.cs: dfbd8e0bda67e8bd0e84e508fc63ee86 -> 7de732fab2c49f3068a483eb669d8d17
  custom:container-demuxer-ogg: 62fdf1f143b41e24485cea50d1cbac27 -> 
  custom:video-decoder-ogg-theora: a1e56fd34408186e4bbccfd4996cb3dc -> 
  custom:framework-win-MediaFoundation: 216162199b28c13a410421893ffa2e32 -> 
  custom:scripting/monoscript/fileName/BombSpawner.cs: 211b1e4229560b0e0ed20ed122fb08dd -> 
  custom:scripting/monoscript/fileName/ColorChanger.cs: d31a0d7fb05c5d47ec43ba26017e80fc -> f6c371260d842df543789961567bd0a7
  custom:scripting/monoscript/fileName/Bomb.cs: bfd944eb6528774f7c1cc3d00ac64a63 -> 62fbfe76f5286165743d61555377be05
  custom:scripting/monoscript/fileName/PoolableObject.cs: 8d092a881df5fcdfaf09232738ef1b42 -> 
  custom:CustomObjectIndexerAttribute: 9a22284fe3817be447336de3de66b15e -> 
  custom:scripting/monoscript/fileName/Exploder.cs: 9b0152466039c1b0e2a05b2b202f333e -> e17c7e89857fc4f731933d24c8502a85
  custom:scripting/monoscript/fileName/Platform.cs: 9ea6822636207a672fe419a3f121e641 -> 2a197b573da14efe1ad853123be22cde
  custom:container-demuxer-webm: 4f35f7cbe854078d1ac9338744f61a02 -> 
  custom:container-muxer-webm: aa71ff27fc2769a1b78a27578f13a17b -> 
  custom:video-decoder-webm-vp8: 9c59270c3fd7afecdb556c50c9e8de78 -> 
  custom:SearchIndexIgnoredProperties: e643bd26f0fe6173181afceb89e7c659 -> 
  custom:AudioImporter_EditorPlatform: d09bf68614088b80899f8185d706f6e7 -> 
  custom:scripting/monoscript/fileName/Cube.cs: c3f6b4862c91a0182d5e14a1ddeb8a06 -> 1e2bad7c218970a055fec33866548983
  custom:scripting/monoscript/fileName/CubeSpawner.cs: d34e3497e39b17fe77f76726270f8e44 -> 
  custom:video-encoder-webm-vp8: eb34c28f22e8b96e1ab97ce403110664 -> 
  custom:audio-decoder-ogg-vorbis: bf7c407c2cedff20999df2af8eb42d56 -> 
  custom:scripting/monoscript/fileName/TransparencyChanger.cs: 337ebccdf974de34744ebc700fc86598 -> 346eaf3f3b1de1a18cd8b4e2321d4487
  custom:audio-encoder-webm-vorbis: bf7c407c2cedff20999df2af8eb42d56 -> 
  custom:scripting/precompiled-assembly-types:Assembly-CSharp: b826e25ff48cf8b1ee9d2abb82490bae -> e480a03165d01833ca99ad568e1bb9c9
========================================================================
Received Prepare
Caller must complete domain reload
Begin MonoManager ReloadAssembly
- Loaded All Assemblies, in  0.484 seconds
Native extension for WindowsStandalone target not found
Mono: successfully reloaded assembly
- Finished resetting the current domain, in  0.942 seconds
Domain Reload Profiling: 1425ms
	BeginReloadAssembly (174ms)
		ExecutionOrderSort (0ms)
		DisableScriptedObjects (6ms)
		BackupInstance (0ms)
		ReleaseScriptingObjects (0ms)
		CreateAndSetChildDomain (32ms)
	RebuildCommonClasses (44ms)
	RebuildNativeTypeToScriptingClass (12ms)
	initialDomainReloadingComplete (28ms)
	LoadAllAssembliesAndSetupDomain (225ms)
		LoadAssemblies (301ms)
		RebuildTransferFunctionScriptingTraits (0ms)
		AnalyzeDomain (30ms)
			TypeCache.Refresh (10ms)
				TypeCache.ScanAssembly (0ms)
			ScanForSourceGeneratedMonoScriptInfo (9ms)
			ResolveRequiredComponents (9ms)
	FinalizeReload (942ms)
		ReleaseScriptCaches (0ms)
		RebuildScriptCaches (0ms)
		SetupLoadedEditorAssemblies (403ms)
			LogAssemblyErrors (0ms)
			InitializePlatformSupportModulesInManaged (5ms)
			SetLoadedEditorAssemblies (3ms)
			RefreshPlugins (0ms)
			BeforeProcessingInitializeOnLoad (57ms)
			ProcessInitializeOnLoadAttributes (312ms)
			ProcessInitializeOnLoadMethodAttributes (22ms)
			AfterProcessingInitializeOnLoad (3ms)
			EditorAssembliesLoaded (0ms)
		ExecutionOrderSort2 (0ms)
		AwakeInstancesAfterBackupRestoration (9ms)
Refreshing native plugins compatible for Editor in 3.69 ms, found 3 plugins.
Preloading 0 native plugins for Editor in 0.00 ms.
Unloading 3134 Unused Serialized files (Serialized files now loaded: 0)
Unloading 14 unused Assets / (28.5 KB). Loaded Objects now: 3778.
Memory consumption went from 118.1 MB to 118.1 MB.
Total: 4.421900 ms (FindLiveObjects: 0.274300 ms CreateObjectMapping: 0.185000 ms MarkObjects: 3.906800 ms  DeleteObjects: 0.054800 ms)

Prepare: number of updated asset objects reloaded= 0
AssetImportParameters requested are different than current active one (requested -> active):
  custom:scripting/monoscript/fileName/Spawner.cs: dfbd8e0bda67e8bd0e84e508fc63ee86 -> 7de732fab2c49f3068a483eb669d8d17
  custom:container-demuxer-ogg: 62fdf1f143b41e24485cea50d1cbac27 -> 
  custom:video-decoder-ogg-theora: a1e56fd34408186e4bbccfd4996cb3dc -> 
  custom:framework-win-MediaFoundation: 216162199b28c13a410421893ffa2e32 -> 
  custom:scripting/monoscript/fileName/BombSpawner.cs: 211b1e4229560b0e0ed20ed122fb08dd -> 
  custom:scripting/monoscript/fileName/ColorChanger.cs: d31a0d7fb05c5d47ec43ba26017e80fc -> f6c371260d842df543789961567bd0a7
  custom:scripting/monoscript/fileName/Bomb.cs: bfd944eb6528774f7c1cc3d00ac64a63 -> 62fbfe76f5286165743d61555377be05
  custom:scripting/monoscript/fileName/PoolableObject.cs: 8d092a881df5fcdfaf09232738ef1b42 -> 
  custom:CustomObjectIndexerAttribute: 9a22284fe3817be447336de3de66b15e -> 
  custom:scripting/monoscript/fileName/Exploder.cs: 9b0152466039c1b0e2a05b2b202f333e -> e17c7e89857fc4f731933d24c8502a85
  custom:scripting/monoscript/fileName/Platform.cs: 9ea6822636207a672fe419a3f121e641 -> 2a197b573da14efe1ad853123be22cde
  custom:container-demuxer-webm: 4f35f7cbe854078d1ac9338744f61a02 -> 
  custom:container-muxer-webm: aa71ff27fc2769a1b78a27578f13a17b -> 
  custom:video-decoder-webm-vp8: 9c59270c3fd7afecdb556c50c9e8de78 -> 
  custom:SearchIndexIgnoredProperties: e643bd26f0fe6173181afceb89e7c659 -> 
  custom:AudioImporter_EditorPlatform: d09bf68614088b80899f8185d706f6e7 -> 
  custom:scripting/monoscript/fileName/Cube.cs: c3f6b4862c91a0182d5e14a1ddeb8a06 -> 1e2bad7c218970a055fec33866548983
  custom:scripting/monoscript/fileName/CubeSpawner.cs: d34e3497e39b17fe77f76726270f8e44 -> 
  custom:video-encoder-webm-vp8: eb34c28f22e8b96e1ab97ce403110664 -> 
  custom:audio-decoder-ogg-vorbis: bf7c407c2cedff20999df2af8eb42d56 -> 
  custom:scripting/monoscript/fileName/TransparencyChanger.cs: 337ebccdf974de34744ebc700fc86598 -> 346eaf3f3b1de1a18cd8b4e2321d4487
  custom:audio-encoder-webm-vorbis: bf7c407c2cedff20999df2af8eb42d56 -> 
  custom:scripting/precompiled-assembly-types:Assembly-CSharp: b826e25ff48cf8b1ee9d2abb82490bae -> e480a03165d01833ca99ad568e1bb9c9
========================================================================
Received Prepare
Caller must complete domain reload
Begin MonoManager ReloadAssembly
- Loaded All Assemblies, in  0.507 seconds
Native extension for WindowsStandalone target not found
Mono: successfully reloaded assembly
- Finished resetting the current domain, in  1.011 seconds
Domain Reload Profiling: 1516ms
	BeginReloadAssembly (183ms)
		ExecutionOrderSort (0ms)
		DisableScriptedObjects (7ms)
		BackupInstance (0ms)
		ReleaseScriptingObjects (0ms)
		CreateAndSetChildDomain (32ms)
	RebuildCommonClasses (48ms)
	RebuildNativeTypeToScriptingClass (15ms)
	initialDomainReloadingComplete (28ms)
	LoadAllAssembliesAndSetupDomain (231ms)
		LoadAssemblies (310ms)
		RebuildTransferFunctionScriptingTraits (0ms)
		AnalyzeDomain (33ms)
			TypeCache.Refresh (11ms)
				TypeCache.ScanAssembly (0ms)
			ScanForSourceGeneratedMonoScriptInfo (12ms)
			ResolveRequiredComponents (8ms)
	FinalizeReload (1011ms)
		ReleaseScriptCaches (0ms)
		RebuildScriptCaches (0ms)
		SetupLoadedEditorAssemblies (442ms)
			LogAssemblyErrors (0ms)
			InitializePlatformSupportModulesInManaged (6ms)
			SetLoadedEditorAssemblies (4ms)
			RefreshPlugins (0ms)
			BeforeProcessingInitializeOnLoad (64ms)
			ProcessInitializeOnLoadAttributes (343ms)
			ProcessInitializeOnLoadMethodAttributes (22ms)
			AfterProcessingInitializeOnLoad (3ms)
			EditorAssembliesLoaded (0ms)
		ExecutionOrderSort2 (0ms)
		AwakeInstancesAfterBackupRestoration (8ms)
Refreshing native plugins compatible for Editor in 2.07 ms, found 3 plugins.
Preloading 0 native plugins for Editor in 0.00 ms.
Unloading 3134 Unused Serialized files (Serialized files now loaded: 0)
Unloading 14 unused Assets / (28.5 KB). Loaded Objects now: 3781.
Memory consumption went from 118.1 MB to 118.1 MB.
Total: 4.595000 ms (FindLiveObjects: 0.303400 ms CreateObjectMapping: 0.224200 ms MarkObjects: 4.024100 ms  DeleteObjects: 0.042300 ms)

Prepare: number of updated asset objects reloaded= 0
AssetImportParameters requested are different than current active one (requested -> active):
  custom:scripting/monoscript/fileName/Spawner.cs: dfbd8e0bda67e8bd0e84e508fc63ee86 -> 7de732fab2c49f3068a483eb669d8d17
  custom:container-demuxer-ogg: 62fdf1f143b41e24485cea50d1cbac27 -> 
  custom:video-decoder-ogg-theora: a1e56fd34408186e4bbccfd4996cb3dc -> 
  custom:framework-win-MediaFoundation: 216162199b28c13a410421893ffa2e32 -> 
  custom:scripting/monoscript/fileName/BombSpawner.cs: 211b1e4229560b0e0ed20ed122fb08dd -> 
  custom:scripting/monoscript/fileName/ColorChanger.cs: d31a0d7fb05c5d47ec43ba26017e80fc -> f6c371260d842df543789961567bd0a7
  custom:scripting/monoscript/fileName/Bomb.cs: bfd944eb6528774f7c1cc3d00ac64a63 -> 62fbfe76f5286165743d61555377be05
  custom:scripting/monoscript/fileName/PoolableObject.cs: 8d092a881df5fcdfaf09232738ef1b42 -> 
  custom:CustomObjectIndexerAttribute: 9a22284fe3817be447336de3de66b15e -> 
  custom:scripting/monoscript/fileName/Exploder.cs: 9b0152466039c1b0e2a05b2b202f333e -> e17c7e89857fc4f731933d24c8502a85
  custom:scripting/monoscript/fileName/Platform.cs: 9ea6822636207a672fe419a3f121e641 -> 2a197b573da14efe1ad853123be22cde
  custom:container-demuxer-webm: 4f35f7cbe854078d1ac9338744f61a02 -> 
  custom:container-muxer-webm: aa71ff27fc2769a1b78a27578f13a17b -> 
  custom:video-decoder-webm-vp8: 9c59270c3fd7afecdb556c50c9e8de78 -> 
  custom:SearchIndexIgnoredProperties: e643bd26f0fe6173181afceb89e7c659 -> 
  custom:AudioImporter_EditorPlatform: d09bf68614088b80899f8185d706f6e7 -> 
  custom:scripting/monoscript/fileName/Cube.cs: c3f6b4862c91a0182d5e14a1ddeb8a06 -> 1e2bad7c218970a055fec33866548983
  custom:scripting/monoscript/fileName/CubeSpawner.cs: d34e3497e39b17fe77f76726270f8e44 -> 
  custom:video-encoder-webm-vp8: eb34c28f22e8b96e1ab97ce403110664 -> 
  custom:audio-decoder-ogg-vorbis: bf7c407c2cedff20999df2af8eb42d56 -> 
  custom:scripting/monoscript/fileName/TransparencyChanger.cs: 337ebccdf974de34744ebc700fc86598 -> 346eaf3f3b1de1a18cd8b4e2321d4487
  custom:audio-encoder-webm-vorbis: bf7c407c2cedff20999df2af8eb42d56 -> 
  custom:scripting/precompiled-assembly-types:Assembly-CSharp: b826e25ff48cf8b1ee9d2abb82490bae -> e480a03165d01833ca99ad568e1bb9c9
========================================================================
Received Prepare
Caller must complete domain reload
Begin MonoManager ReloadAssembly
- Loaded All Assemblies, in  0.495 seconds
Native extension for WindowsStandalone target not found
Mono: successfully reloaded assembly
- Finished resetting the current domain, in  1.007 seconds
Domain Reload Profiling: 1501ms
	BeginReloadAssembly (174ms)
		ExecutionOrderSort (0ms)
		DisableScriptedObjects (6ms)
		BackupInstance (0ms)
		ReleaseScriptingObjects (0ms)
		CreateAndSetChildDomain (31ms)
	RebuildCommonClasses (48ms)
	RebuildNativeTypeToScriptingClass (12ms)
	initialDomainReloadingComplete (29ms)
	LoadAllAssembliesAndSetupDomain (231ms)
		LoadAssemblies (309ms)
		RebuildTransferFunctionScriptingTraits (0ms)
		AnalyzeDomain (27ms)
			TypeCache.Refresh (8ms)
				TypeCache.ScanAssembly (0ms)
			ScanForSourceGeneratedMonoScriptInfo (7ms)
			ResolveRequiredComponents (9ms)
	FinalizeReload (1007ms)
		ReleaseScriptCaches (0ms)
		RebuildScriptCaches (0ms)
		SetupLoadedEditorAssemblies (493ms)
			LogAssemblyErrors (0ms)
			InitializePlatformSupportModulesInManaged (7ms)
			SetLoadedEditorAssemblies (4ms)
			RefreshPlugins (0ms)
			BeforeProcessingInitializeOnLoad (73ms)
			ProcessInitializeOnLoadAttributes (377ms)
			ProcessInitializeOnLoadMethodAttributes (28ms)
			AfterProcessingInitializeOnLoad (4ms)
			EditorAssembliesLoaded (0ms)
		ExecutionOrderSort2 (0ms)
		AwakeInstancesAfterBackupRestoration (9ms)
Refreshing native plugins compatible for Editor in 2.35 ms, found 3 plugins.
Preloading 0 native plugins for Editor in 0.00 ms.
Unloading 3135 Unused Serialized files (Serialized files now loaded: 0)
Unloading 14 unused Assets / (28.5 KB). Loaded Objects now: 3785.
Memory consumption went from 118.1 MB to 118.1 MB.
Total: 3.939300 ms (FindLiveObjects: 0.285200 ms CreateObjectMapping: 0.213300 ms MarkObjects: 3.398400 ms  DeleteObjects: 0.041200 ms)

Prepare: number of updated asset objects reloaded= 0
AssetImportParameters requested are different than current active one (requested -> active):
  custom:scripting/monoscript/fileName/CubeCounter.cs: 1c02473fa3597d63aaa8ec5e4a4b8699 -> 
  custom:scripting/monoscript/fileName/Spawner.cs: dfbd8e0bda67e8bd0e84e508fc63ee86 -> 7de732fab2c49f3068a483eb669d8d17
  custom:container-demuxer-ogg: 62fdf1f143b41e24485cea50d1cbac27 -> 
  custom:video-decoder-ogg-theora: a1e56fd34408186e4bbccfd4996cb3dc -> 
  custom:framework-win-MediaFoundation: 216162199b28c13a410421893ffa2e32 -> 
  custom:scripting/monoscript/fileName/BombSpawner.cs: 211b1e4229560b0e0ed20ed122fb08dd -> 
  custom:scripting/monoscript/fileName/ColorChanger.cs: d31a0d7fb05c5d47ec43ba26017e80fc -> f6c371260d842df543789961567bd0a7
  custom:scripting/monoscript/fileName/Bomb.cs: bfd944eb6528774f7c1cc3d00ac64a63 -> 62fbfe76f5286165743d61555377be05
  custom:scripting/monoscript/fileName/PoolableObject.cs: 8d092a881df5fcdfaf09232738ef1b42 -> 
  custom:CustomObjectIndexerAttribute: 9a22284fe3817be447336de3de66b15e -> 
  custom:scripting/monoscript/fileName/Exploder.cs: 9b0152466039c1b0e2a05b2b202f333e -> e17c7e89857fc4f731933d24c8502a85
  custom:scripting/monoscript/fileName/Platform.cs: 9ea6822636207a672fe419a3f121e641 -> 2a197b573da14efe1ad853123be22cde
  custom:container-demuxer-webm: 4f35f7cbe854078d1ac9338744f61a02 -> 
  custom:container-muxer-webm: aa71ff27fc2769a1b78a27578f13a17b -> 
  custom:video-decoder-webm-vp8: 9c59270c3fd7afecdb556c50c9e8de78 -> 
  custom:SearchIndexIgnoredProperties: e643bd26f0fe6173181afceb89e7c659 -> 
  custom:AudioImporter_EditorPlatform: d09bf68614088b80899f8185d706f6e7 -> 
  custom:scripting/monoscript/fileName/Cube.cs: c3f6b4862c91a0182d5e14a1ddeb8a06 -> 1e2bad7c218970a055fec33866548983
  custom:scripting/monoscript/fileName/CubeSpawner.cs: d34e3497e39b17fe77f76726270f8e44 -> 
  custom:video-encoder-webm-vp8: eb34c28f22e8b96e1ab97ce403110664 -> 
  custom:audio-decoder-ogg-vorbis: bf7c407c2cedff20999df2af8eb42d56 -> 
  custom:scripting/monoscript/fileName/TransparencyChanger.cs: 337ebccdf974de34744ebc700fc86598 -> 346eaf3f3b1de1a18cd8b4e2321d4487
  custom:audio-encoder-webm-vorbis: bf7c407c2cedff20999df2af8eb42d56 -> 
  custom:scripting/precompiled-assembly-types:Assembly-CSharp: e342b354d996004e026ea64bb26dae21 -> e480a03165d01833ca99ad568e1bb9c9
========================================================================
Received Import Request.
  Time since last request: 2859.305605 seconds.
  path: Assets/Scripts/Counters/CubeCounter.cs
  artifactKey: Guid(a12eff02f457b884080973e06b76c029) Importer(815301076,1909f56bfc062723c751e8b465ee728b)
Start importing Assets/Scripts/Counters/CubeCounter.cs using Guid(a12eff02f457b884080973e06b76c029) Importer(815301076,1909f56bfc062723c751e8b465ee728b) [PhysX] Initialized MultithreadedTaskDispatcher with 8 workers.
 -> (artifact id: 'a0ccf4b2520eb622b3243165e3116ecf') in 0.002350 seconds
Number of updated asset objects reloaded before import = 0
Number of asset objects unloaded after import = 0
========================================================================
Received Prepare
Caller must complete domain reload
Begin MonoManager ReloadAssembly
- Loaded All Assemblies, in  0.469 seconds
Native extension for WindowsStandalone target not found
Mono: successfully reloaded assembly
- Finished resetting the current domain, in  1.015 seconds
Domain Reload Profiling: 1484ms
	BeginReloadAssembly (180ms)
		ExecutionOrderSort (0ms)
		DisableScriptedObjects (6ms)
		BackupInstance (0ms)
		ReleaseScriptingObjects (0ms)
		CreateAndSetChildDomain (34ms)
	RebuildCommonClasses (39ms)
	RebuildNativeTypeToScriptingClass (12ms)
	initialDomainReloadingComplete (27ms)
	LoadAllAssembliesAndSetupDomain (210ms)
		LoadAssemblies (294ms)
		RebuildTransferFunctionScriptingTraits (0ms)
		AnalyzeDomain (23ms)
			TypeCache.Refresh (8ms)
				TypeCache.ScanAssembly (0ms)
			ScanForSourceGeneratedMonoScriptInfo (7ms)
			ResolveRequiredComponents (6ms)
	FinalizeReload (1015ms)
		ReleaseScriptCaches (0ms)
		RebuildScriptCaches (0ms)
		SetupLoadedEditorAssemblies (506ms)
			LogAssemblyErrors (0ms)
			InitializePlatformSupportModulesInManaged (6ms)
			SetLoadedEditorAssemblies (6ms)
			RefreshPlugins (0ms)
			BeforeProcessingInitializeOnLoad (74ms)
			ProcessInitializeOnLoadAttributes (388ms)
			ProcessInitializeOnLoadMethodAttributes (27ms)
			AfterProcessingInitializeOnLoad (4ms)
			EditorAssembliesLoaded (0ms)
		ExecutionOrderSort2 (0ms)
		AwakeInstancesAfterBackupRestoration (10ms)
Refreshing native plugins compatible for Editor in 2.07 ms, found 3 plugins.
Preloading 0 native plugins for Editor in 0.00 ms.
Unloading 3134 Unused Serialized files (Serialized files now loaded: 0)
Unloading 14 unused Assets / (28.5 KB). Loaded Objects now: 3788.
Memory consumption went from 117.9 MB to 117.9 MB.
Total: 3.705200 ms (FindLiveObjects: 0.276300 ms CreateObjectMapping: 0.208200 ms MarkObjects: 3.184500 ms  DeleteObjects: 0.035200 ms)

Prepare: number of updated asset objects reloaded= 0
AssetImportParameters requested are different than current active one (requested -> active):
  custom:scripting/monoscript/fileName/CubeCounter.cs: 1c02473fa3597d63aaa8ec5e4a4b8699 -> 
  custom:scripting/monoscript/fileName/Spawner.cs: dfbd8e0bda67e8bd0e84e508fc63ee86 -> 7de732fab2c49f3068a483eb669d8d17
  custom:container-demuxer-ogg: 62fdf1f143b41e24485cea50d1cbac27 -> 
  custom:video-decoder-ogg-theora: a1e56fd34408186e4bbccfd4996cb3dc -> 
  custom:framework-win-MediaFoundation: 216162199b28c13a410421893ffa2e32 -> 
  custom:scripting/monoscript/fileName/BombSpawner.cs: 211b1e4229560b0e0ed20ed122fb08dd -> 
  custom:scripting/monoscript/fileName/ColorChanger.cs: d31a0d7fb05c5d47ec43ba26017e80fc -> f6c371260d842df543789961567bd0a7
  custom:scripting/monoscript/fileName/Bomb.cs: bfd944eb6528774f7c1cc3d00ac64a63 -> 62fbfe76f5286165743d61555377be05
  custom:scripting/monoscript/fileName/PoolableObject.cs: 8d092a881df5fcdfaf09232738ef1b42 -> 
  custom:CustomObjectIndexerAttribute: 9a22284fe3817be447336de3de66b15e -> 
  custom:scripting/monoscript/fileName/Exploder.cs: 9b0152466039c1b0e2a05b2b202f333e -> e17c7e89857fc4f731933d24c8502a85
  custom:scripting/monoscript/fileName/Platform.cs: 9ea6822636207a672fe419a3f121e641 -> 2a197b573da14efe1ad853123be22cde
  custom:container-demuxer-webm: 4f35f7cbe854078d1ac9338744f61a02 -> 
  custom:container-muxer-webm: aa71ff27fc2769a1b78a27578f13a17b -> 
  custom:video-decoder-webm-vp8: 9c59270c3fd7afecdb556c50c9e8de78 -> 
  custom:SearchIndexIgnoredProperties: e643bd26f0fe6173181afceb89e7c659 -> 
  custom:AudioImporter_EditorPlatform: d09bf68614088b80899f8185d706f6e7 -> 
  custom:scripting/monoscript/fileName/Cube.cs: c3f6b4862c91a0182d5e14a1ddeb8a06 -> 1e2bad7c218970a055fec33866548983
  custom:scripting/monoscript/fileName/CubeSpawner.cs: d34e3497e39b17fe77f76726270f8e44 -> 
  custom:video-encoder-webm-vp8: eb34c28f22e8b96e1ab97ce403110664 -> 
  custom:audio-decoder-ogg-vorbis: bf7c407c2cedff20999df2af8eb42d56 -> 
  custom:scripting/monoscript/fileName/TransparencyChanger.cs: 337ebccdf974de34744ebc700fc86598 -> 346eaf3f3b1de1a18cd8b4e2321d4487
  custom:audio-encoder-webm-vorbis: bf7c407c2cedff20999df2af8eb42d56 -> 
  custom:scripting/precompiled-assembly-types:Assembly-CSharp: e342b354d996004e026ea64bb26dae21 -> e480a03165d01833ca99ad568e1bb9c9
========================================================================
Received Prepare
Caller must complete domain reload
Begin MonoManager ReloadAssembly
- Loaded All Assemblies, in  0.488 seconds
Native extension for WindowsStandalone target not found
Mono: successfully reloaded assembly
- Finished resetting the current domain, in  1.125 seconds
Domain Reload Profiling: 1613ms
	BeginReloadAssembly (175ms)
		ExecutionOrderSort (0ms)
		DisableScriptedObjects (6ms)
		BackupInstance (0ms)
		ReleaseScriptingObjects (0ms)
		CreateAndSetChildDomain (34ms)
	RebuildCommonClasses (44ms)
	RebuildNativeTypeToScriptingClass (18ms)
	initialDomainReloadingComplete (29ms)
	LoadAllAssembliesAndSetupDomain (221ms)
		LoadAssemblies (302ms)
		RebuildTransferFunctionScriptingTraits (0ms)
		AnalyzeDomain (24ms)
			TypeCache.Refresh (9ms)
				TypeCache.ScanAssembly (0ms)
			ScanForSourceGeneratedMonoScriptInfo (7ms)
			ResolveRequiredComponents (6ms)
	FinalizeReload (1126ms)
		ReleaseScriptCaches (0ms)
		RebuildScriptCaches (0ms)
		SetupLoadedEditorAssemblies (609ms)
			LogAssemblyErrors (0ms)
			InitializePlatformSupportModulesInManaged (6ms)
			SetLoadedEditorAssemblies (5ms)
			RefreshPlugins (0ms)
			BeforeProcessingInitializeOnLoad (74ms)
			ProcessInitializeOnLoadAttributes (481ms)
			ProcessInitializeOnLoadMethodAttributes (37ms)
			AfterProcessingInitializeOnLoad (5ms)
			EditorAssembliesLoaded (0ms)
		ExecutionOrderSort2 (0ms)
		AwakeInstancesAfterBackupRestoration (10ms)
Refreshing native plugins compatible for Editor in 3.18 ms, found 3 plugins.
Preloading 0 native plugins for Editor in 0.00 ms.
Unloading 3136 Unused Serialized files (Serialized files now loaded: 0)
Unloading 14 unused Assets / (28.5 KB). Loaded Objects now: 3792.
Memory consumption went from 118.2 MB to 118.1 MB.
Total: 4.986500 ms (FindLiveObjects: 0.315500 ms CreateObjectMapping: 0.266600 ms MarkObjects: 4.347700 ms  DeleteObjects: 0.055000 ms)

Prepare: number of updated asset objects reloaded= 0
AssetImportParameters requested are different than current active one (requested -> active):
  custom:scripting/monoscript/fileName/CubeCounter.cs: 1c02473fa3597d63aaa8ec5e4a4b8699 -> 
  custom:scripting/monoscript/fileName/Spawner.cs: dfbd8e0bda67e8bd0e84e508fc63ee86 -> 7de732fab2c49f3068a483eb669d8d17
  custom:container-demuxer-ogg: 62fdf1f143b41e24485cea50d1cbac27 -> 
  custom:video-decoder-ogg-theora: a1e56fd34408186e4bbccfd4996cb3dc -> 
  custom:framework-win-MediaFoundation: 216162199b28c13a410421893ffa2e32 -> 
  custom:scripting/monoscript/fileName/BombCounter.cs: bb1fd1d8635a2e61c2697811c886f511 -> 
  custom:scripting/monoscript/fileName/BombSpawner.cs: 211b1e4229560b0e0ed20ed122fb08dd -> 
  custom:scripting/monoscript/fileName/ColorChanger.cs: d31a0d7fb05c5d47ec43ba26017e80fc -> f6c371260d842df543789961567bd0a7
  custom:scripting/monoscript/fileName/Bomb.cs: bfd944eb6528774f7c1cc3d00ac64a63 -> 62fbfe76f5286165743d61555377be05
  custom:scripting/monoscript/fileName/PoolableObject.cs: 8d092a881df5fcdfaf09232738ef1b42 -> 
  custom:CustomObjectIndexerAttribute: 9a22284fe3817be447336de3de66b15e -> 
  custom:scripting/monoscript/fileName/Exploder.cs: 9b0152466039c1b0e2a05b2b202f333e -> e17c7e89857fc4f731933d24c8502a85
  custom:scripting/monoscript/fileName/Platform.cs: 9ea6822636207a672fe419a3f121e641 -> 2a197b573da14efe1ad853123be22cde
  custom:container-demuxer-webm: 4f35f7cbe854078d1ac9338744f61a02 -> 
  custom:container-muxer-webm: aa71ff27fc2769a1b78a27578f13a17b -> 
  custom:video-decoder-webm-vp8: 9c59270c3fd7afecdb556c50c9e8de78 -> 
  custom:SearchIndexIgnoredProperties: e643bd26f0fe6173181afceb89e7c659 -> 
  custom:AudioImporter_EditorPlatform: d09bf68614088b80899f8185d706f6e7 -> 
  custom:scripting/monoscript/fileName/Cube.cs: c3f6b4862c91a0182d5e14a1ddeb8a06 -> 1e2bad7c218970a055fec33866548983
  custom:scripting/monoscript/fileName/CubeSpawner.cs: d34e3497e39b17fe77f76726270f8e44 -> 
  custom:video-encoder-webm-vp8: eb34c28f22e8b96e1ab97ce403110664 -> 
  custom:audio-decoder-ogg-vorbis: bf7c407c2cedff20999df2af8eb42d56 -> 
  custom:scripting/monoscript/fileName/TransparencyChanger.cs: 337ebccdf974de34744ebc700fc86598 -> 346eaf3f3b1de1a18cd8b4e2321d4487
  custom:audio-encoder-webm-vorbis: bf7c407c2cedff20999df2af8eb42d56 -> 
  custom:scripting/precompiled-assembly-types:Assembly-CSharp: e5e8969bf66deb6d3abf552109f2a678 -> e480a03165d01833ca99ad568e1bb9c9
========================================================================
Received Import Request.
  Time since last request: 48.297364 seconds.
  path: Assets/Scripts/Counters/BombCounter.cs
  artifactKey: Guid(7761a62b19b84744eb4b8236067d19f5) Importer(815301076,1909f56bfc062723c751e8b465ee728b)
Start importing Assets/Scripts/Counters/BombCounter.cs using Guid(7761a62b19b84744eb4b8236067d19f5) Importer(815301076,1909f56bfc062723c751e8b465ee728b) [PhysX] Initialized MultithreadedTaskDispatcher with 8 workers.
 -> (artifact id: 'f2fdef817af50fd24baa1ed1baaec998') in 0.002121 seconds
Number of updated asset objects reloaded before import = 0
Number of asset objects unloaded after import = 0
========================================================================
Received Prepare
Caller must complete domain reload
Begin MonoManager ReloadAssembly
- Loaded All Assemblies, in  0.497 seconds
Native extension for WindowsStandalone target not found
Mono: successfully reloaded assembly
- Finished resetting the current domain, in  1.035 seconds
Domain Reload Profiling: 1531ms
	BeginReloadAssembly (189ms)
		ExecutionOrderSort (0ms)
		DisableScriptedObjects (6ms)
		BackupInstance (0ms)
		ReleaseScriptingObjects (0ms)
		CreateAndSetChildDomain (33ms)
	RebuildCommonClasses (49ms)
	RebuildNativeTypeToScriptingClass (13ms)
	initialDomainReloadingComplete (28ms)
	LoadAllAssembliesAndSetupDomain (217ms)
		LoadAssemblies (306ms)
		RebuildTransferFunctionScriptingTraits (0ms)
		AnalyzeDomain (26ms)
			TypeCache.Refresh (10ms)
				TypeCache.ScanAssembly (0ms)
			ScanForSourceGeneratedMonoScriptInfo (8ms)
			ResolveRequiredComponents (7ms)
	FinalizeReload (1035ms)
		ReleaseScriptCaches (0ms)
		RebuildScriptCaches (0ms)
		SetupLoadedEditorAssemblies (487ms)
			LogAssemblyErrors (0ms)
			InitializePlatformSupportModulesInManaged (7ms)
			SetLoadedEditorAssemblies (6ms)
			RefreshPlugins (0ms)
			BeforeProcessingInitializeOnLoad (77ms)
			ProcessInitializeOnLoadAttributes (365ms)
			ProcessInitializeOnLoadMethodAttributes (28ms)
			AfterProcessingInitializeOnLoad (3ms)
			EditorAssembliesLoaded (0ms)
		ExecutionOrderSort2 (0ms)
		AwakeInstancesAfterBackupRestoration (11ms)
Refreshing native plugins compatible for Editor in 2.67 ms, found 3 plugins.
Preloading 0 native plugins for Editor in 0.00 ms.
Unloading 3135 Unused Serialized files (Serialized files now loaded: 0)
Unloading 14 unused Assets / (28.5 KB). Loaded Objects now: 3795.
Memory consumption went from 117.9 MB to 117.9 MB.
Total: 4.329100 ms (FindLiveObjects: 0.280800 ms CreateObjectMapping: 0.195100 ms MarkObjects: 3.813400 ms  DeleteObjects: 0.038800 ms)

Prepare: number of updated asset objects reloaded= 0
AssetImportParameters requested are different than current active one (requested -> active):
  custom:scripting/monoscript/fileName/CubeCounter.cs: 1c02473fa3597d63aaa8ec5e4a4b8699 -> 
  custom:scripting/monoscript/fileName/Spawner.cs: dfbd8e0bda67e8bd0e84e508fc63ee86 -> 7de732fab2c49f3068a483eb669d8d17
  custom:container-demuxer-ogg: 62fdf1f143b41e24485cea50d1cbac27 -> 
  custom:video-decoder-ogg-theora: a1e56fd34408186e4bbccfd4996cb3dc -> 
  custom:framework-win-MediaFoundation: 216162199b28c13a410421893ffa2e32 -> 
  custom:scripting/monoscript/fileName/BombCounter.cs: bb1fd1d8635a2e61c2697811c886f511 -> 
  custom:scripting/monoscript/fileName/BombSpawner.cs: 211b1e4229560b0e0ed20ed122fb08dd -> 
  custom:scripting/monoscript/fileName/ColorChanger.cs: d31a0d7fb05c5d47ec43ba26017e80fc -> f6c371260d842df543789961567bd0a7
  custom:scripting/monoscript/fileName/Bomb.cs: bfd944eb6528774f7c1cc3d00ac64a63 -> 62fbfe76f5286165743d61555377be05
  custom:scripting/monoscript/fileName/PoolableObject.cs: 8d092a881df5fcdfaf09232738ef1b42 -> 
  custom:CustomObjectIndexerAttribute: 9a22284fe3817be447336de3de66b15e -> 
  custom:scripting/monoscript/fileName/Exploder.cs: 9b0152466039c1b0e2a05b2b202f333e -> e17c7e89857fc4f731933d24c8502a85
  custom:scripting/monoscript/fileName/Platform.cs: 9ea6822636207a672fe419a3f121e641 -> 2a197b573da14efe1ad853123be22cde
  custom:container-demuxer-webm: 4f35f7cbe854078d1ac9338744f61a02 -> 
  custom:container-muxer-webm: aa71ff27fc2769a1b78a27578f13a17b -> 
  custom:video-decoder-webm-vp8: 9c59270c3fd7afecdb556c50c9e8de78 -> 
  custom:SearchIndexIgnoredProperties: e643bd26f0fe6173181afceb89e7c659 -> 
  custom:AudioImporter_EditorPlatform: d09bf68614088b80899f8185d706f6e7 -> 
  custom:scripting/monoscript/fileName/Cube.cs: c3f6b4862c91a0182d5e14a1ddeb8a06 -> 1e2bad7c218970a055fec33866548983
  custom:scripting/monoscript/fileName/CubeSpawner.cs: d34e3497e39b17fe77f76726270f8e44 -> 
  custom:video-encoder-webm-vp8: eb34c28f22e8b96e1ab97ce403110664 -> 
  custom:audio-decoder-ogg-vorbis: bf7c407c2cedff20999df2af8eb42d56 -> 
  custom:scripting/monoscript/fileName/TransparencyChanger.cs: 337ebccdf974de34744ebc700fc86598 -> 346eaf3f3b1de1a18cd8b4e2321d4487
  custom:audio-encoder-webm-vorbis: bf7c407c2cedff20999df2af8eb42d56 -> 
  custom:scripting/precompiled-assembly-types:Assembly-CSharp: e5e8969bf66deb6d3abf552109f2a678 -> e480a03165d01833ca99ad568e1bb9c9
========================================================================
Received Prepare
Caller must complete domain reload
Begin MonoManager ReloadAssembly
- Loaded All Assemblies, in  0.478 seconds
Native extension for WindowsStandalone target not found
Mono: successfully reloaded assembly
- Finished resetting the current domain, in  0.994 seconds
Domain Reload Profiling: 1470ms
	BeginReloadAssembly (174ms)
		ExecutionOrderSort (0ms)
		DisableScriptedObjects (6ms)
		BackupInstance (0ms)
		ReleaseScriptingObjects (0ms)
		CreateAndSetChildDomain (34ms)
	RebuildCommonClasses (43ms)
	RebuildNativeTypeToScriptingClass (13ms)
	initialDomainReloadingComplete (29ms)
	LoadAllAssembliesAndSetupDomain (217ms)
		LoadAssemblies (292ms)
		RebuildTransferFunctionScriptingTraits (0ms)
		AnalyzeDomain (28ms)
			TypeCache.Refresh (11ms)
				TypeCache.ScanAssembly (0ms)
			ScanForSourceGeneratedMonoScriptInfo (9ms)
			ResolveRequiredComponents (7ms)
	FinalizeReload (994ms)
		ReleaseScriptCaches (0ms)
		RebuildScriptCaches (0ms)
		SetupLoadedEditorAssemblies (534ms)
			LogAssemblyErrors (0ms)
			InitializePlatformSupportModulesInManaged (8ms)
			SetLoadedEditorAssemblies (4ms)
			RefreshPlugins (0ms)
			BeforeProcessingInitializeOnLoad (79ms)
			ProcessInitializeOnLoadAttributes (409ms)
			ProcessInitializeOnLoadMethodAttributes (32ms)
			AfterProcessingInitializeOnLoad (3ms)
			EditorAssembliesLoaded (0ms)
		ExecutionOrderSort2 (0ms)
		AwakeInstancesAfterBackupRestoration (8ms)
Refreshing native plugins compatible for Editor in 4.25 ms, found 3 plugins.
Preloading 0 native plugins for Editor in 0.00 ms.
Unloading 3137 Unused Serialized files (Serialized files now loaded: 0)
Unloading 14 unused Assets / (28.5 KB). Loaded Objects now: 3799.
Memory consumption went from 118.2 MB to 118.1 MB.
Total: 5.230600 ms (FindLiveObjects: 0.426500 ms CreateObjectMapping: 0.336600 ms MarkObjects: 4.415700 ms  DeleteObjects: 0.050300 ms)

Prepare: number of updated asset objects reloaded= 0
AssetImportParameters requested are different than current active one (requested -> active):
  custom:scripting/monoscript/fileName/CubeCounter.cs: 1c02473fa3597d63aaa8ec5e4a4b8699 -> 
  custom:scripting/monoscript/fileName/Spawner.cs: dfbd8e0bda67e8bd0e84e508fc63ee86 -> 7de732fab2c49f3068a483eb669d8d17
  custom:container-demuxer-ogg: 62fdf1f143b41e24485cea50d1cbac27 -> 
  custom:video-decoder-ogg-theora: a1e56fd34408186e4bbccfd4996cb3dc -> 
  custom:framework-win-MediaFoundation: 216162199b28c13a410421893ffa2e32 -> 
  custom:scripting/monoscript/fileName/BombCounter.cs: bb1fd1d8635a2e61c2697811c886f511 -> 
  custom:scripting/monoscript/fileName/BombSpawner.cs: 211b1e4229560b0e0ed20ed122fb08dd -> 
  custom:scripting/monoscript/fileName/ColorChanger.cs: d31a0d7fb05c5d47ec43ba26017e80fc -> f6c371260d842df543789961567bd0a7
  custom:scripting/monoscript/fileName/Bomb.cs: bfd944eb6528774f7c1cc3d00ac64a63 -> 62fbfe76f5286165743d61555377be05
  custom:scripting/monoscript/fileName/PoolableObject.cs: 8d092a881df5fcdfaf09232738ef1b42 -> 
  custom:CustomObjectIndexerAttribute: 9a22284fe3817be447336de3de66b15e -> 
  custom:scripting/monoscript/fileName/Exploder.cs: 9b0152466039c1b0e2a05b2b202f333e -> e17c7e89857fc4f731933d24c8502a85
  custom:scripting/monoscript/fileName/Platform.cs: 9ea6822636207a672fe419a3f121e641 -> 2a197b573da14efe1ad853123be22cde
  custom:container-demuxer-webm: 4f35f7cbe854078d1ac9338744f61a02 -> 
  custom:container-muxer-webm: aa71ff27fc2769a1b78a27578f13a17b -> 
  custom:scripting/monoscript/fileName/Counter.cs: 0e0e68470eee3375c49f0a09fa843699 -> 
  custom:video-decoder-webm-vp8: 9c59270c3fd7afecdb556c50c9e8de78 -> 
  custom:SearchIndexIgnoredProperties: e643bd26f0fe6173181afceb89e7c659 -> 
  custom:AudioImporter_EditorPlatform: d09bf68614088b80899f8185d706f6e7 -> 
  custom:scripting/monoscript/fileName/Cube.cs: c3f6b4862c91a0182d5e14a1ddeb8a06 -> 1e2bad7c218970a055fec33866548983
  custom:scripting/monoscript/fileName/CubeSpawner.cs: d34e3497e39b17fe77f76726270f8e44 -> 
  custom:video-encoder-webm-vp8: eb34c28f22e8b96e1ab97ce403110664 -> 
  custom:audio-decoder-ogg-vorbis: bf7c407c2cedff20999df2af8eb42d56 -> 
  custom:scripting/monoscript/fileName/TransparencyChanger.cs: 337ebccdf974de34744ebc700fc86598 -> 346eaf3f3b1de1a18cd8b4e2321d4487
  custom:audio-encoder-webm-vorbis: bf7c407c2cedff20999df2af8eb42d56 -> 
  custom:scripting/precompiled-assembly-types:Assembly-CSharp: 59dcd7a31db24c6b0dd6e5d2bc4808c7 -> e480a03165d01833ca99ad568e1bb9c9
========================================================================
Received Prepare
Caller must complete domain reload
Begin MonoManager ReloadAssembly
- Loaded All Assemblies, in  0.617 seconds
Native extension for WindowsStandalone target not found
Mono: successfully reloaded assembly
- Finished resetting the current domain, in  1.041 seconds
Domain Reload Profiling: 1658ms
	BeginReloadAssembly (216ms)
		ExecutionOrderSort (0ms)
		DisableScriptedObjects (7ms)
		BackupInstance (0ms)
		ReleaseScriptingObjects (0ms)
		CreateAndSetChildDomain (52ms)
	RebuildCommonClasses (54ms)
	RebuildNativeTypeToScriptingClass (14ms)
	initialDomainReloadingComplete (39ms)
	LoadAllAssembliesAndSetupDomain (292ms)
		LoadAssemblies (380ms)
		RebuildTransferFunctionScriptingTraits (0ms)
		AnalyzeDomain (34ms)
			TypeCache.Refresh (11ms)
				TypeCache.ScanAssembly (0ms)
			ScanForSourceGeneratedMonoScriptInfo (13ms)
			ResolveRequiredComponents (9ms)
	FinalizeReload (1041ms)
		ReleaseScriptCaches (0ms)
		RebuildScriptCaches (0ms)
		SetupLoadedEditorAssemblies (516ms)
			LogAssemblyErrors (0ms)
			InitializePlatformSupportModulesInManaged (6ms)
			SetLoadedEditorAssemblies (5ms)
			RefreshPlugins (0ms)
			BeforeProcessingInitializeOnLoad (82ms)
			ProcessInitializeOnLoadAttributes (391ms)
			ProcessInitializeOnLoadMethodAttributes (28ms)
			AfterProcessingInitializeOnLoad (4ms)
			EditorAssembliesLoaded (0ms)
		ExecutionOrderSort2 (0ms)
		AwakeInstancesAfterBackupRestoration (9ms)
Refreshing native plugins compatible for Editor in 2.42 ms, found 3 plugins.
Preloading 0 native plugins for Editor in 0.00 ms.
Unloading 3137 Unused Serialized files (Serialized files now loaded: 0)
Unloading 14 unused Assets / (28.5 KB). Loaded Objects now: 3802.
Memory consumption went from 118.2 MB to 118.1 MB.
Total: 4.252000 ms (FindLiveObjects: 0.292600 ms CreateObjectMapping: 0.250200 ms MarkObjects: 3.641500 ms  DeleteObjects: 0.066600 ms)

Prepare: number of updated asset objects reloaded= 0
AssetImportParameters requested are different than current active one (requested -> active):
  custom:scripting/monoscript/fileName/CubeCounter.cs: 1c02473fa3597d63aaa8ec5e4a4b8699 -> 
  custom:scripting/monoscript/fileName/Spawner.cs: dfbd8e0bda67e8bd0e84e508fc63ee86 -> 7de732fab2c49f3068a483eb669d8d17
  custom:container-demuxer-ogg: 62fdf1f143b41e24485cea50d1cbac27 -> 
  custom:video-decoder-ogg-theora: a1e56fd34408186e4bbccfd4996cb3dc -> 
  custom:framework-win-MediaFoundation: 216162199b28c13a410421893ffa2e32 -> 
  custom:scripting/monoscript/fileName/BombCounter.cs: bb1fd1d8635a2e61c2697811c886f511 -> 
  custom:scripting/monoscript/fileName/BombSpawner.cs: 211b1e4229560b0e0ed20ed122fb08dd -> 
  custom:scripting/monoscript/fileName/ColorChanger.cs: d31a0d7fb05c5d47ec43ba26017e80fc -> f6c371260d842df543789961567bd0a7
  custom:scripting/monoscript/fileName/Bomb.cs: bfd944eb6528774f7c1cc3d00ac64a63 -> 62fbfe76f5286165743d61555377be05
  custom:scripting/monoscript/fileName/PoolableObject.cs: 8d092a881df5fcdfaf09232738ef1b42 -> 
  custom:CustomObjectIndexerAttribute: 9a22284fe3817be447336de3de66b15e -> 
  custom:scripting/monoscript/fileName/Exploder.cs: 9b0152466039c1b0e2a05b2b202f333e -> e17c7e89857fc4f731933d24c8502a85
  custom:scripting/monoscript/fileName/Platform.cs: 9ea6822636207a672fe419a3f121e641 -> 2a197b573da14efe1ad853123be22cde
  custom:container-demuxer-webm: 4f35f7cbe854078d1ac9338744f61a02 -> 
  custom:container-muxer-webm: aa71ff27fc2769a1b78a27578f13a17b -> 
  custom:scripting/monoscript/fileName/Counter.cs: 0e0e68470eee3375c49f0a09fa843699 -> 
  custom:video-decoder-webm-vp8: 9c59270c3fd7afecdb556c50c9e8de78 -> 
  custom:SearchIndexIgnoredProperties: e643bd26f0fe6173181afceb89e7c659 -> 
  custom:AudioImporter_EditorPlatform: d09bf68614088b80899f8185d706f6e7 -> 
  custom:scripting/monoscript/fileName/Cube.cs: c3f6b4862c91a0182d5e14a1ddeb8a06 -> 1e2bad7c218970a055fec33866548983
  custom:scripting/monoscript/fileName/CubeSpawner.cs: d34e3497e39b17fe77f76726270f8e44 -> 
  custom:video-encoder-webm-vp8: eb34c28f22e8b96e1ab97ce403110664 -> 
  custom:audio-decoder-ogg-vorbis: bf7c407c2cedff20999df2af8eb42d56 -> 
  custom:scripting/monoscript/fileName/TransparencyChanger.cs: 337ebccdf974de34744ebc700fc86598 -> 346eaf3f3b1de1a18cd8b4e2321d4487
  custom:audio-encoder-webm-vorbis: bf7c407c2cedff20999df2af8eb42d56 -> 
  custom:scripting/precompiled-assembly-types:Assembly-CSharp: 0581a882945ebbcdcfb4a2ec5070dcb7 -> e480a03165d01833ca99ad568e1bb9c9
========================================================================
Received Prepare
Caller must complete domain reload
Begin MonoManager ReloadAssembly
- Loaded All Assemblies, in  0.483 seconds
Native extension for WindowsStandalone target not found
Mono: successfully reloaded assembly
- Finished resetting the current domain, in  0.930 seconds
Domain Reload Profiling: 1412ms
	BeginReloadAssembly (172ms)
		ExecutionOrderSort (0ms)
		DisableScriptedObjects (6ms)
		BackupInstance (0ms)
		ReleaseScriptingObjects (0ms)
		CreateAndSetChildDomain (32ms)
	RebuildCommonClasses (45ms)
	RebuildNativeTypeToScriptingClass (13ms)
	initialDomainReloadingComplete (29ms)
	LoadAllAssembliesAndSetupDomain (223ms)
		LoadAssemblies (299ms)
		RebuildTransferFunctionScriptingTraits (0ms)
		AnalyzeDomain (25ms)
			TypeCache.Refresh (9ms)
				TypeCache.ScanAssembly (0ms)
			ScanForSourceGeneratedMonoScriptInfo (7ms)
			ResolveRequiredComponents (6ms)
	FinalizeReload (931ms)
		ReleaseScriptCaches (0ms)
		RebuildScriptCaches (0ms)
		SetupLoadedEditorAssemblies (472ms)
			LogAssemblyErrors (0ms)
			InitializePlatformSupportModulesInManaged (6ms)
			SetLoadedEditorAssemblies (6ms)
			RefreshPlugins (0ms)
			BeforeProcessingInitializeOnLoad (73ms)
			ProcessInitializeOnLoadAttributes (362ms)
			ProcessInitializeOnLoadMethodAttributes (22ms)
			AfterProcessingInitializeOnLoad (3ms)
			EditorAssembliesLoaded (0ms)
		ExecutionOrderSort2 (0ms)
		AwakeInstancesAfterBackupRestoration (9ms)
Refreshing native plugins compatible for Editor in 3.21 ms, found 3 plugins.
Preloading 0 native plugins for Editor in 0.00 ms.
Unloading 3151 Unused Serialized files (Serialized files now loaded: 0)
Unloading 27 unused Assets / (0.7 MB). Loaded Objects now: 3806.
Memory consumption went from 122.2 MB to 121.5 MB.
Total: 5.011500 ms (FindLiveObjects: 0.281700 ms CreateObjectMapping: 0.194100 ms MarkObjects: 3.976300 ms  DeleteObjects: 0.545800 ms)

Prepare: number of updated asset objects reloaded= 0
AssetImportParameters requested are different than current active one (requested -> active):
  custom:scripting/monoscript/fileName/CubeCounter.cs: 1c02473fa3597d63aaa8ec5e4a4b8699 -> 
  custom:scripting/monoscript/fileName/Spawner.cs: dfbd8e0bda67e8bd0e84e508fc63ee86 -> 7de732fab2c49f3068a483eb669d8d17
  custom:container-demuxer-ogg: 62fdf1f143b41e24485cea50d1cbac27 -> 
  custom:scripting/monoscript/fileName/CountViewer.cs: 5b5fea9e465e7d9fdd04fadee9b9b677 -> 
  custom:video-decoder-ogg-theora: a1e56fd34408186e4bbccfd4996cb3dc -> 
  custom:framework-win-MediaFoundation: 216162199b28c13a410421893ffa2e32 -> 
  custom:scripting/monoscript/fileName/BombCounter.cs: bb1fd1d8635a2e61c2697811c886f511 -> 
  custom:scripting/monoscript/fileName/BombSpawner.cs: 211b1e4229560b0e0ed20ed122fb08dd -> 
  custom:scripting/monoscript/fileName/ColorChanger.cs: d31a0d7fb05c5d47ec43ba26017e80fc -> f6c371260d842df543789961567bd0a7
  custom:scripting/monoscript/fileName/Bomb.cs: bfd944eb6528774f7c1cc3d00ac64a63 -> 62fbfe76f5286165743d61555377be05
  custom:scripting/monoscript/fileName/PoolableObject.cs: 8d092a881df5fcdfaf09232738ef1b42 -> 
  custom:CustomObjectIndexerAttribute: 9a22284fe3817be447336de3de66b15e -> 
  custom:scripting/monoscript/fileName/Exploder.cs: 9b0152466039c1b0e2a05b2b202f333e -> e17c7e89857fc4f731933d24c8502a85
  custom:scripting/monoscript/fileName/Platform.cs: 9ea6822636207a672fe419a3f121e641 -> 2a197b573da14efe1ad853123be22cde
  custom:container-demuxer-webm: 4f35f7cbe854078d1ac9338744f61a02 -> 
  custom:container-muxer-webm: aa71ff27fc2769a1b78a27578f13a17b -> 
  custom:scripting/monoscript/fileName/Counter.cs: 0e0e68470eee3375c49f0a09fa843699 -> 
  custom:video-decoder-webm-vp8: 9c59270c3fd7afecdb556c50c9e8de78 -> 
  custom:SearchIndexIgnoredProperties: e643bd26f0fe6173181afceb89e7c659 -> 
  custom:AudioImporter_EditorPlatform: d09bf68614088b80899f8185d706f6e7 -> 
  custom:scripting/monoscript/fileName/Cube.cs: c3f6b4862c91a0182d5e14a1ddeb8a06 -> 1e2bad7c218970a055fec33866548983
  custom:scripting/monoscript/fileName/CubeSpawner.cs: d34e3497e39b17fe77f76726270f8e44 -> 
  custom:video-encoder-webm-vp8: eb34c28f22e8b96e1ab97ce403110664 -> 
  custom:audio-decoder-ogg-vorbis: bf7c407c2cedff20999df2af8eb42d56 -> 
  custom:scripting/monoscript/fileName/TransparencyChanger.cs: 337ebccdf974de34744ebc700fc86598 -> 346eaf3f3b1de1a18cd8b4e2321d4487
  custom:audio-encoder-webm-vorbis: bf7c407c2cedff20999df2af8eb42d56 -> 
  custom:scripting/precompiled-assembly-types:Assembly-CSharp: 8e12879c9543db37c552a2ef9f56e131 -> e480a03165d01833ca99ad568e1bb9c9
========================================================================
Received Import Request.
  Time since last request: 3330.805324 seconds.
  path: Assets/Scripts/Counters/CountViewer.cs
  artifactKey: Guid(c45c1d223eb90af459727f7915f8431f) Importer(815301076,1909f56bfc062723c751e8b465ee728b)
Start importing Assets/Scripts/Counters/CountViewer.cs using Guid(c45c1d223eb90af459727f7915f8431f) Importer(815301076,1909f56bfc062723c751e8b465ee728b) [PhysX] Initialized MultithreadedTaskDispatcher with 8 workers.
 -> (artifact id: '0a74b478106d5d47487367eebef4b339') in 0.008820 seconds
Number of updated asset objects reloaded before import = 0
Number of asset objects unloaded after import = 0
========================================================================
Received Prepare
Caller must complete domain reload
Begin MonoManager ReloadAssembly
- Loaded All Assemblies, in  0.559 seconds
Native extension for WindowsStandalone target not found
Mono: successfully reloaded assembly
- Finished resetting the current domain, in  0.994 seconds
Domain Reload Profiling: 1552ms
	BeginReloadAssembly (200ms)
		ExecutionOrderSort (0ms)
		DisableScriptedObjects (8ms)
		BackupInstance (0ms)
		ReleaseScriptingObjects (0ms)
		CreateAndSetChildDomain (38ms)
	RebuildCommonClasses (71ms)
	RebuildNativeTypeToScriptingClass (13ms)
	initialDomainReloadingComplete (27ms)
	LoadAllAssembliesAndSetupDomain (247ms)
		LoadAssemblies (333ms)
		RebuildTransferFunctionScriptingTraits (0ms)
		AnalyzeDomain (30ms)
			TypeCache.Refresh (11ms)
				TypeCache.ScanAssembly (0ms)
			ScanForSourceGeneratedMonoScriptInfo (8ms)
			ResolveRequiredComponents (10ms)
	FinalizeReload (994ms)
		ReleaseScriptCaches (0ms)
		RebuildScriptCaches (0ms)
		SetupLoadedEditorAssemblies (506ms)
			LogAssemblyErrors (0ms)
			InitializePlatformSupportModulesInManaged (6ms)
			SetLoadedEditorAssemblies (5ms)
			RefreshPlugins (0ms)
			BeforeProcessingInitializeOnLoad (75ms)
			ProcessInitializeOnLoadAttributes (390ms)
			ProcessInitializeOnLoadMethodAttributes (26ms)
			AfterProcessingInitializeOnLoad (4ms)
			EditorAssembliesLoaded (0ms)
		ExecutionOrderSort2 (0ms)
		AwakeInstancesAfterBackupRestoration (14ms)
Refreshing native plugins compatible for Editor in 2.17 ms, found 3 plugins.
Preloading 0 native plugins for Editor in 0.00 ms.
Unloading 3151 Unused Serialized files (Serialized files now loaded: 0)
Unloading 27 unused Assets / (0.7 MB). Loaded Objects now: 3810.
Memory consumption went from 122.0 MB to 121.3 MB.
Total: 5.173000 ms (FindLiveObjects: 0.320700 ms CreateObjectMapping: 0.248200 ms MarkObjects: 4.200700 ms  DeleteObjects: 0.402200 ms)

Prepare: number of updated asset objects reloaded= 0
AssetImportParameters requested are different than current active one (requested -> active):
  custom:scripting/monoscript/fileName/CubeCounter.cs: 1c02473fa3597d63aaa8ec5e4a4b8699 -> 
  custom:scripting/monoscript/fileName/Spawner.cs: dfbd8e0bda67e8bd0e84e508fc63ee86 -> 7de732fab2c49f3068a483eb669d8d17
  custom:container-demuxer-ogg: 62fdf1f143b41e24485cea50d1cbac27 -> 
  custom:scripting/monoscript/fileName/CountViewer.cs: 5b5fea9e465e7d9fdd04fadee9b9b677 -> 
  custom:video-decoder-ogg-theora: a1e56fd34408186e4bbccfd4996cb3dc -> 
  custom:scripting/monoscript/fileName/BombCountViewer.cs: efd60ab29832b6530022c7f6ee2b3d0c -> 
  custom:framework-win-MediaFoundation: 216162199b28c13a410421893ffa2e32 -> 
  custom:scripting/monoscript/fileName/BombCounter.cs: bb1fd1d8635a2e61c2697811c886f511 -> 
  custom:scripting/monoscript/fileName/BombSpawner.cs: 211b1e4229560b0e0ed20ed122fb08dd -> 
  custom:scripting/monoscript/fileName/ColorChanger.cs: d31a0d7fb05c5d47ec43ba26017e80fc -> f6c371260d842df543789961567bd0a7
  custom:scripting/monoscript/fileName/Bomb.cs: bfd944eb6528774f7c1cc3d00ac64a63 -> 62fbfe76f5286165743d61555377be05
  custom:scripting/monoscript/fileName/PoolableObject.cs: 8d092a881df5fcdfaf09232738ef1b42 -> 
  custom:CustomObjectIndexerAttribute: 9a22284fe3817be447336de3de66b15e -> 
  custom:scripting/monoscript/fileName/Exploder.cs: 9b0152466039c1b0e2a05b2b202f333e -> e17c7e89857fc4f731933d24c8502a85
  custom:scripting/monoscript/fileName/Platform.cs: 9ea6822636207a672fe419a3f121e641 -> 2a197b573da14efe1ad853123be22cde
  custom:container-demuxer-webm: 4f35f7cbe854078d1ac9338744f61a02 -> 
  custom:container-muxer-webm: aa71ff27fc2769a1b78a27578f13a17b -> 
  custom:scripting/monoscript/fileName/Counter.cs: 0e0e68470eee3375c49f0a09fa843699 -> 
  custom:video-decoder-webm-vp8: 9c59270c3fd7afecdb556c50c9e8de78 -> 
  custom:SearchIndexIgnoredProperties: e643bd26f0fe6173181afceb89e7c659 -> 
  custom:AudioImporter_EditorPlatform: d09bf68614088b80899f8185d706f6e7 -> 
  custom:scripting/monoscript/fileName/Cube.cs: c3f6b4862c91a0182d5e14a1ddeb8a06 -> 1e2bad7c218970a055fec33866548983
  custom:scripting/monoscript/fileName/CubeSpawner.cs: d34e3497e39b17fe77f76726270f8e44 -> 
  custom:video-encoder-webm-vp8: eb34c28f22e8b96e1ab97ce403110664 -> 
  custom:audio-decoder-ogg-vorbis: bf7c407c2cedff20999df2af8eb42d56 -> 
  custom:scripting/monoscript/fileName/TransparencyChanger.cs: 337ebccdf974de34744ebc700fc86598 -> 346eaf3f3b1de1a18cd8b4e2321d4487
  custom:audio-encoder-webm-vorbis: bf7c407c2cedff20999df2af8eb42d56 -> 
  custom:scripting/precompiled-assembly-types:Assembly-CSharp: 1d1ab941bea53a72a36227db66347f42 -> e480a03165d01833ca99ad568e1bb9c9
========================================================================
Received Import Request.
  Time since last request: 13.862343 seconds.
  path: Assets/Scripts/Counters/BombCountViewer.cs
  artifactKey: Guid(9ad4f3ea61c139c4682d2fc020871eb2) Importer(815301076,1909f56bfc062723c751e8b465ee728b)
Start importing Assets/Scripts/Counters/BombCountViewer.cs using Guid(9ad4f3ea61c139c4682d2fc020871eb2) Importer(815301076,1909f56bfc062723c751e8b465ee728b) [PhysX] Initialized MultithreadedTaskDispatcher with 8 workers.
 -> (artifact id: '66b790b8fe080b0bb92f53a24c596832') in 0.002468 seconds
Number of updated asset objects reloaded before import = 0
Number of asset objects unloaded after import = 0
========================================================================
Received Prepare
Caller must complete domain reload
Begin MonoManager ReloadAssembly
- Loaded All Assemblies, in  0.541 seconds
Native extension for WindowsStandalone target not found
Mono: successfully reloaded assembly
- Finished resetting the current domain, in  1.103 seconds
Domain Reload Profiling: 1643ms
	BeginReloadAssembly (222ms)
		ExecutionOrderSort (0ms)
		DisableScriptedObjects (10ms)
		BackupInstance (0ms)
		ReleaseScriptingObjects (0ms)
		CreateAndSetChildDomain (40ms)
	RebuildCommonClasses (45ms)
	RebuildNativeTypeToScriptingClass (16ms)
	initialDomainReloadingComplete (33ms)
	LoadAllAssembliesAndSetupDomain (224ms)
		LoadAssemblies (330ms)
		RebuildTransferFunctionScriptingTraits (0ms)
		AnalyzeDomain (26ms)
			TypeCache.Refresh (10ms)
				TypeCache.ScanAssembly (0ms)
			ScanForSourceGeneratedMonoScriptInfo (7ms)
			ResolveRequiredComponents (7ms)
	FinalizeReload (1103ms)
		ReleaseScriptCaches (0ms)
		RebuildScriptCaches (0ms)
		SetupLoadedEditorAssemblies (580ms)
			LogAssemblyErrors (0ms)
			InitializePlatformSupportModulesInManaged (9ms)
			SetLoadedEditorAssemblies (5ms)
			RefreshPlugins (0ms)
			BeforeProcessingInitializeOnLoad (80ms)
			ProcessInitializeOnLoadAttributes (453ms)
			ProcessInitializeOnLoadMethodAttributes (29ms)
			AfterProcessingInitializeOnLoad (4ms)
			EditorAssembliesLoaded (0ms)
		ExecutionOrderSort2 (0ms)
		AwakeInstancesAfterBackupRestoration (9ms)
Refreshing native plugins compatible for Editor in 2.75 ms, found 3 plugins.
Preloading 0 native plugins for Editor in 0.00 ms.
Unloading 3152 Unused Serialized files (Serialized files now loaded: 0)
Unloading 27 unused Assets / (0.7 MB). Loaded Objects now: 3814.
Memory consumption went from 122.0 MB to 121.3 MB.
Total: 4.658200 ms (FindLiveObjects: 0.307600 ms CreateObjectMapping: 0.239400 ms MarkObjects: 3.597700 ms  DeleteObjects: 0.512000 ms)

Prepare: number of updated asset objects reloaded= 0
AssetImportParameters requested are different than current active one (requested -> active):
  custom:scripting/monoscript/fileName/CubeCounter.cs: 1c02473fa3597d63aaa8ec5e4a4b8699 -> 
  custom:scripting/monoscript/fileName/Spawner.cs: dfbd8e0bda67e8bd0e84e508fc63ee86 -> 7de732fab2c49f3068a483eb669d8d17
  custom:container-demuxer-ogg: 62fdf1f143b41e24485cea50d1cbac27 -> 
  custom:scripting/monoscript/fileName/CountViewer.cs: 5b5fea9e465e7d9fdd04fadee9b9b677 -> 
  custom:video-decoder-ogg-theora: a1e56fd34408186e4bbccfd4996cb3dc -> 
  custom:scripting/monoscript/fileName/BombCountViewer.cs: efd60ab29832b6530022c7f6ee2b3d0c -> 
  custom:framework-win-MediaFoundation: 216162199b28c13a410421893ffa2e32 -> 
  custom:scripting/monoscript/fileName/CubeCountViewer.cs: 8d0efee5ac15e029c13a064c2d0fd576 -> 
  custom:scripting/monoscript/fileName/BombCounter.cs: bb1fd1d8635a2e61c2697811c886f511 -> 
  custom:scripting/monoscript/fileName/BombSpawner.cs: 211b1e4229560b0e0ed20ed122fb08dd -> 
  custom:scripting/monoscript/fileName/ColorChanger.cs: d31a0d7fb05c5d47ec43ba26017e80fc -> f6c371260d842df543789961567bd0a7
  custom:scripting/monoscript/fileName/Bomb.cs: bfd944eb6528774f7c1cc3d00ac64a63 -> 62fbfe76f5286165743d61555377be05
  custom:scripting/monoscript/fileName/PoolableObject.cs: 8d092a881df5fcdfaf09232738ef1b42 -> 
  custom:CustomObjectIndexerAttribute: 9a22284fe3817be447336de3de66b15e -> 
  custom:scripting/monoscript/fileName/Exploder.cs: 9b0152466039c1b0e2a05b2b202f333e -> e17c7e89857fc4f731933d24c8502a85
  custom:scripting/monoscript/fileName/Platform.cs: 9ea6822636207a672fe419a3f121e641 -> 2a197b573da14efe1ad853123be22cde
  custom:container-demuxer-webm: 4f35f7cbe854078d1ac9338744f61a02 -> 
  custom:container-muxer-webm: aa71ff27fc2769a1b78a27578f13a17b -> 
  custom:scripting/monoscript/fileName/Counter.cs: 0e0e68470eee3375c49f0a09fa843699 -> 
  custom:video-decoder-webm-vp8: 9c59270c3fd7afecdb556c50c9e8de78 -> 
  custom:SearchIndexIgnoredProperties: e643bd26f0fe6173181afceb89e7c659 -> 
  custom:AudioImporter_EditorPlatform: d09bf68614088b80899f8185d706f6e7 -> 
  custom:scripting/monoscript/fileName/Cube.cs: c3f6b4862c91a0182d5e14a1ddeb8a06 -> 1e2bad7c218970a055fec33866548983
  custom:scripting/monoscript/fileName/CubeSpawner.cs: d34e3497e39b17fe77f76726270f8e44 -> 
  custom:video-encoder-webm-vp8: eb34c28f22e8b96e1ab97ce403110664 -> 
  custom:audio-decoder-ogg-vorbis: bf7c407c2cedff20999df2af8eb42d56 -> 
  custom:scripting/monoscript/fileName/TransparencyChanger.cs: 337ebccdf974de34744ebc700fc86598 -> 346eaf3f3b1de1a18cd8b4e2321d4487
  custom:audio-encoder-webm-vorbis: bf7c407c2cedff20999df2af8eb42d56 -> 
  custom:scripting/precompiled-assembly-types:Assembly-CSharp: d9e194deb6af9170874b616fee8d57b3 -> e480a03165d01833ca99ad568e1bb9c9
========================================================================
Received Import Request.
  Time since last request: 17.116936 seconds.
  path: Assets/Scripts/Counters/CubeCountViewer.cs
  artifactKey: Guid(203d5c7e081e76647919005d96f5c8b7) Importer(815301076,1909f56bfc062723c751e8b465ee728b)
Start importing Assets/Scripts/Counters/CubeCountViewer.cs using Guid(203d5c7e081e76647919005d96f5c8b7) Importer(815301076,1909f56bfc062723c751e8b465ee728b) [PhysX] Initialized MultithreadedTaskDispatcher with 8 workers.
 -> (artifact id: '1a01a36f62eb5b30e06ae93eef130003') in 0.003138 seconds
Number of updated asset objects reloaded before import = 0
Number of asset objects unloaded after import = 0
========================================================================
Received Prepare
Caller must complete domain reload
Begin MonoManager ReloadAssembly
- Loaded All Assemblies, in  0.547 seconds
Native extension for WindowsStandalone target not found
Mono: successfully reloaded assembly
- Finished resetting the current domain, in  0.998 seconds
Domain Reload Profiling: 1545ms
	BeginReloadAssembly (225ms)
		ExecutionOrderSort (0ms)
		DisableScriptedObjects (9ms)
		BackupInstance (0ms)
		ReleaseScriptingObjects (0ms)
		CreateAndSetChildDomain (47ms)
	RebuildCommonClasses (42ms)
	RebuildNativeTypeToScriptingClass (18ms)
	initialDomainReloadingComplete (31ms)
	LoadAllAssembliesAndSetupDomain (229ms)
		LoadAssemblies (342ms)
		RebuildTransferFunctionScriptingTraits (0ms)
		AnalyzeDomain (23ms)
			TypeCache.Refresh (8ms)
				TypeCache.ScanAssembly (0ms)
			ScanForSourceGeneratedMonoScriptInfo (7ms)
			ResolveRequiredComponents (6ms)
	FinalizeReload (998ms)
		ReleaseScriptCaches (0ms)
		RebuildScriptCaches (0ms)
		SetupLoadedEditorAssemblies (463ms)
			LogAssemblyErrors (0ms)
			InitializePlatformSupportModulesInManaged (8ms)
			SetLoadedEditorAssemblies (5ms)
			RefreshPlugins (0ms)
			BeforeProcessingInitializeOnLoad (69ms)
			ProcessInitializeOnLoadAttributes (353ms)
			ProcessInitializeOnLoadMethodAttributes (24ms)
			AfterProcessingInitializeOnLoad (3ms)
			EditorAssembliesLoaded (0ms)
		ExecutionOrderSort2 (0ms)
		AwakeInstancesAfterBackupRestoration (9ms)
Refreshing native plugins compatible for Editor in 3.26 ms, found 3 plugins.
Preloading 0 native plugins for Editor in 0.00 ms.
Unloading 3152 Unused Serialized files (Serialized files now loaded: 0)
Unloading 27 unused Assets / (0.7 MB). Loaded Objects now: 3817.
Memory consumption went from 122.1 MB to 121.3 MB.
Total: 4.444200 ms (FindLiveObjects: 0.311800 ms CreateObjectMapping: 0.265300 ms MarkObjects: 3.484600 ms  DeleteObjects: 0.381300 ms)

Prepare: number of updated asset objects reloaded= 0
AssetImportParameters requested are different than current active one (requested -> active):
  custom:scripting/monoscript/fileName/CubeCounter.cs: 1c02473fa3597d63aaa8ec5e4a4b8699 -> 
  custom:scripting/monoscript/fileName/Spawner.cs: dfbd8e0bda67e8bd0e84e508fc63ee86 -> 7de732fab2c49f3068a483eb669d8d17
  custom:container-demuxer-ogg: 62fdf1f143b41e24485cea50d1cbac27 -> 
  custom:scripting/monoscript/fileName/CountViewer.cs: 5b5fea9e465e7d9fdd04fadee9b9b677 -> 
  custom:video-decoder-ogg-theora: a1e56fd34408186e4bbccfd4996cb3dc -> 
  custom:scripting/monoscript/fileName/BombCountViewer.cs: efd60ab29832b6530022c7f6ee2b3d0c -> 
  custom:framework-win-MediaFoundation: 216162199b28c13a410421893ffa2e32 -> 
  custom:scripting/monoscript/fileName/CubeCountViewer.cs: 8d0efee5ac15e029c13a064c2d0fd576 -> 
  custom:scripting/monoscript/fileName/BombCounter.cs: bb1fd1d8635a2e61c2697811c886f511 -> 
  custom:scripting/monoscript/fileName/BombSpawner.cs: 211b1e4229560b0e0ed20ed122fb08dd -> 
  custom:scripting/monoscript/fileName/ColorChanger.cs: d31a0d7fb05c5d47ec43ba26017e80fc -> f6c371260d842df543789961567bd0a7
  custom:scripting/monoscript/fileName/Bomb.cs: bfd944eb6528774f7c1cc3d00ac64a63 -> 62fbfe76f5286165743d61555377be05
  custom:scripting/monoscript/fileName/PoolableObject.cs: 8d092a881df5fcdfaf09232738ef1b42 -> 
  custom:CustomObjectIndexerAttribute: 9a22284fe3817be447336de3de66b15e -> 
  custom:scripting/monoscript/fileName/Exploder.cs: 9b0152466039c1b0e2a05b2b202f333e -> e17c7e89857fc4f731933d24c8502a85
  custom:scripting/monoscript/fileName/Platform.cs: 9ea6822636207a672fe419a3f121e641 -> 2a197b573da14efe1ad853123be22cde
  custom:container-demuxer-webm: 4f35f7cbe854078d1ac9338744f61a02 -> 
  custom:container-muxer-webm: aa71ff27fc2769a1b78a27578f13a17b -> 
  custom:scripting/monoscript/fileName/Counter.cs: 0e0e68470eee3375c49f0a09fa843699 -> 
  custom:video-decoder-webm-vp8: 9c59270c3fd7afecdb556c50c9e8de78 -> 
  custom:SearchIndexIgnoredProperties: e643bd26f0fe6173181afceb89e7c659 -> 
  custom:AudioImporter_EditorPlatform: d09bf68614088b80899f8185d706f6e7 -> 
  custom:scripting/monoscript/fileName/Cube.cs: c3f6b4862c91a0182d5e14a1ddeb8a06 -> 1e2bad7c218970a055fec33866548983
  custom:scripting/monoscript/fileName/CubeSpawner.cs: d34e3497e39b17fe77f76726270f8e44 -> 
  custom:video-encoder-webm-vp8: eb34c28f22e8b96e1ab97ce403110664 -> 
  custom:audio-decoder-ogg-vorbis: bf7c407c2cedff20999df2af8eb42d56 -> 
  custom:scripting/monoscript/fileName/TransparencyChanger.cs: 337ebccdf974de34744ebc700fc86598 -> 346eaf3f3b1de1a18cd8b4e2321d4487
  custom:audio-encoder-webm-vorbis: bf7c407c2cedff20999df2af8eb42d56 -> 
  custom:scripting/precompiled-assembly-types:Assembly-CSharp: e912ec148146226ac50874c5acd682a5 -> e480a03165d01833ca99ad568e1bb9c9
========================================================================
Received Prepare
Caller must complete domain reload
Begin MonoManager ReloadAssembly
- Loaded All Assemblies, in  0.507 seconds
Native extension for WindowsStandalone target not found
Mono: successfully reloaded assembly
- Finished resetting the current domain, in  1.050 seconds
Domain Reload Profiling: 1557ms
	BeginReloadAssembly (182ms)
		ExecutionOrderSort (0ms)
		DisableScriptedObjects (7ms)
		BackupInstance (0ms)
		ReleaseScriptingObjects (0ms)
		CreateAndSetChildDomain (36ms)
	RebuildCommonClasses (41ms)
	RebuildNativeTypeToScriptingClass (13ms)
	initialDomainReloadingComplete (28ms)
	LoadAllAssembliesAndSetupDomain (243ms)
		LoadAssemblies (320ms)
		RebuildTransferFunctionScriptingTraits (0ms)
		AnalyzeDomain (28ms)
			TypeCache.Refresh (9ms)
				TypeCache.ScanAssembly (0ms)
			ScanForSourceGeneratedMonoScriptInfo (9ms)
			ResolveRequiredComponents (8ms)
	FinalizeReload (1051ms)
		ReleaseScriptCaches (0ms)
		RebuildScriptCaches (0ms)
		SetupLoadedEditorAssemblies (496ms)
			LogAssemblyErrors (0ms)
			InitializePlatformSupportModulesInManaged (7ms)
			SetLoadedEditorAssemblies (5ms)
			RefreshPlugins (0ms)
			BeforeProcessingInitializeOnLoad (76ms)
			ProcessInitializeOnLoadAttributes (375ms)
			ProcessInitializeOnLoadMethodAttributes (29ms)
			AfterProcessingInitializeOnLoad (4ms)
			EditorAssembliesLoaded (0ms)
		ExecutionOrderSort2 (0ms)
		AwakeInstancesAfterBackupRestoration (9ms)
Refreshing native plugins compatible for Editor in 2.31 ms, found 3 plugins.
Preloading 0 native plugins for Editor in 0.00 ms.
Unloading 3153 Unused Serialized files (Serialized files now loaded: 0)
Unloading 27 unused Assets / (0.7 MB). Loaded Objects now: 3820.
Memory consumption went from 122.3 MB to 121.6 MB.
Total: 4.183200 ms (FindLiveObjects: 0.289300 ms CreateObjectMapping: 0.208300 ms MarkObjects: 3.315200 ms  DeleteObjects: 0.369200 ms)

Prepare: number of updated asset objects reloaded= 0
AssetImportParameters requested are different than current active one (requested -> active):
  custom:scripting/monoscript/fileName/CubeCounter.cs: 1c02473fa3597d63aaa8ec5e4a4b8699 -> 
  custom:scripting/monoscript/fileName/Spawner.cs: dfbd8e0bda67e8bd0e84e508fc63ee86 -> 7de732fab2c49f3068a483eb669d8d17
  custom:container-demuxer-ogg: 62fdf1f143b41e24485cea50d1cbac27 -> 
  custom:scripting/monoscript/fileName/CountViewer.cs: 5b5fea9e465e7d9fdd04fadee9b9b677 -> 
  custom:video-decoder-ogg-theora: a1e56fd34408186e4bbccfd4996cb3dc -> 
  custom:scripting/monoscript/fileName/BombCountViewer.cs: efd60ab29832b6530022c7f6ee2b3d0c -> 
  custom:framework-win-MediaFoundation: 216162199b28c13a410421893ffa2e32 -> 
  custom:scripting/monoscript/fileName/CubeCountViewer.cs: 8d0efee5ac15e029c13a064c2d0fd576 -> 
  custom:scripting/monoscript/fileName/BombCounter.cs: bb1fd1d8635a2e61c2697811c886f511 -> 
  custom:scripting/monoscript/fileName/BombSpawner.cs: 211b1e4229560b0e0ed20ed122fb08dd -> 
  custom:scripting/monoscript/fileName/ColorChanger.cs: d31a0d7fb05c5d47ec43ba26017e80fc -> f6c371260d842df543789961567bd0a7
  custom:scripting/monoscript/fileName/Bomb.cs: bfd944eb6528774f7c1cc3d00ac64a63 -> 62fbfe76f5286165743d61555377be05
  custom:scripting/monoscript/fileName/PoolableObject.cs: 8d092a881df5fcdfaf09232738ef1b42 -> 
  custom:CustomObjectIndexerAttribute: 9a22284fe3817be447336de3de66b15e -> 
  custom:scripting/monoscript/fileName/Exploder.cs: 9b0152466039c1b0e2a05b2b202f333e -> e17c7e89857fc4f731933d24c8502a85
  custom:scripting/monoscript/fileName/Platform.cs: 9ea6822636207a672fe419a3f121e641 -> 2a197b573da14efe1ad853123be22cde
  custom:container-demuxer-webm: 4f35f7cbe854078d1ac9338744f61a02 -> 
  custom:container-muxer-webm: aa71ff27fc2769a1b78a27578f13a17b -> 
  custom:scripting/monoscript/fileName/Counter.cs: 0e0e68470eee3375c49f0a09fa843699 -> 
  custom:video-decoder-webm-vp8: 9c59270c3fd7afecdb556c50c9e8de78 -> 
  custom:SearchIndexIgnoredProperties: e643bd26f0fe6173181afceb89e7c659 -> 
  custom:AudioImporter_EditorPlatform: d09bf68614088b80899f8185d706f6e7 -> 
  custom:scripting/monoscript/fileName/Cube.cs: c3f6b4862c91a0182d5e14a1ddeb8a06 -> 1e2bad7c218970a055fec33866548983
  custom:scripting/monoscript/fileName/CubeSpawner.cs: d34e3497e39b17fe77f76726270f8e44 -> 
  custom:video-encoder-webm-vp8: eb34c28f22e8b96e1ab97ce403110664 -> 
  custom:audio-decoder-ogg-vorbis: bf7c407c2cedff20999df2af8eb42d56 -> 
  custom:scripting/monoscript/fileName/TransparencyChanger.cs: 337ebccdf974de34744ebc700fc86598 -> 346eaf3f3b1de1a18cd8b4e2321d4487
  custom:audio-encoder-webm-vorbis: bf7c407c2cedff20999df2af8eb42d56 -> 
  custom:scripting/precompiled-assembly-types:Assembly-CSharp: e912ec148146226ac50874c5acd682a5 -> e480a03165d01833ca99ad568e1bb9c9
========================================================================
Received Prepare
Caller must complete domain reload
Begin MonoManager ReloadAssembly
- Loaded All Assemblies, in  0.499 seconds
Native extension for WindowsStandalone target not found
Mono: successfully reloaded assembly
- Finished resetting the current domain, in  1.043 seconds
Domain Reload Profiling: 1542ms
	BeginReloadAssembly (196ms)
		ExecutionOrderSort (0ms)
		DisableScriptedObjects (6ms)
		BackupInstance (0ms)
		ReleaseScriptingObjects (0ms)
		CreateAndSetChildDomain (43ms)
	RebuildCommonClasses (37ms)
	RebuildNativeTypeToScriptingClass (13ms)
	initialDomainReloadingComplete (27ms)
	LoadAllAssembliesAndSetupDomain (224ms)
		LoadAssemblies (308ms)
		RebuildTransferFunctionScriptingTraits (0ms)
		AnalyzeDomain (28ms)
			TypeCache.Refresh (9ms)
				TypeCache.ScanAssembly (0ms)
			ScanForSourceGeneratedMonoScriptInfo (7ms)
			ResolveRequiredComponents (10ms)
	FinalizeReload (1044ms)
		ReleaseScriptCaches (0ms)
		RebuildScriptCaches (0ms)
		SetupLoadedEditorAssemblies (514ms)
			LogAssemblyErrors (0ms)
			InitializePlatformSupportModulesInManaged (7ms)
			SetLoadedEditorAssemblies (5ms)
			RefreshPlugins (0ms)
			BeforeProcessingInitializeOnLoad (67ms)
			ProcessInitializeOnLoadAttributes (402ms)
			ProcessInitializeOnLoadMethodAttributes (28ms)
			AfterProcessingInitializeOnLoad (3ms)
			EditorAssembliesLoaded (0ms)
		ExecutionOrderSort2 (0ms)
		AwakeInstancesAfterBackupRestoration (9ms)
Refreshing native plugins compatible for Editor in 3.01 ms, found 3 plugins.
Preloading 0 native plugins for Editor in 0.00 ms.
Unloading 3153 Unused Serialized files (Serialized files now loaded: 0)
Unloading 27 unused Assets / (0.7 MB). Loaded Objects now: 3823.
Memory consumption went from 122.3 MB to 121.6 MB.
Total: 5.804100 ms (FindLiveObjects: 0.413100 ms CreateObjectMapping: 0.299300 ms MarkObjects: 4.088900 ms  DeleteObjects: 1.001300 ms)

Prepare: number of updated asset objects reloaded= 0
AssetImportParameters requested are different than current active one (requested -> active):
  custom:scripting/monoscript/fileName/CubeCounter.cs: 1c02473fa3597d63aaa8ec5e4a4b8699 -> 
  custom:scripting/monoscript/fileName/Spawner.cs: dfbd8e0bda67e8bd0e84e508fc63ee86 -> 7de732fab2c49f3068a483eb669d8d17
  custom:container-demuxer-ogg: 62fdf1f143b41e24485cea50d1cbac27 -> 
  custom:scripting/monoscript/fileName/CountViewer.cs: 5b5fea9e465e7d9fdd04fadee9b9b677 -> 
  custom:video-decoder-ogg-theora: a1e56fd34408186e4bbccfd4996cb3dc -> 
  custom:scripting/monoscript/fileName/BombCountViewer.cs: efd60ab29832b6530022c7f6ee2b3d0c -> 
  custom:framework-win-MediaFoundation: 216162199b28c13a410421893ffa2e32 -> 
  custom:scripting/monoscript/fileName/CubeCountViewer.cs: 8d0efee5ac15e029c13a064c2d0fd576 -> 
  custom:scripting/monoscript/fileName/BombCounter.cs: bb1fd1d8635a2e61c2697811c886f511 -> 
  custom:scripting/monoscript/fileName/BombSpawner.cs: 211b1e4229560b0e0ed20ed122fb08dd -> 
  custom:scripting/monoscript/fileName/ColorChanger.cs: d31a0d7fb05c5d47ec43ba26017e80fc -> f6c371260d842df543789961567bd0a7
  custom:scripting/monoscript/fileName/Bomb.cs: bfd944eb6528774f7c1cc3d00ac64a63 -> 62fbfe76f5286165743d61555377be05
  custom:scripting/monoscript/fileName/PoolableObject.cs: 8d092a881df5fcdfaf09232738ef1b42 -> 
  custom:CustomObjectIndexerAttribute: 9a22284fe3817be447336de3de66b15e -> 
  custom:scripting/monoscript/fileName/Exploder.cs: 9b0152466039c1b0e2a05b2b202f333e -> e17c7e89857fc4f731933d24c8502a85
  custom:scripting/monoscript/fileName/Platform.cs: 9ea6822636207a672fe419a3f121e641 -> 2a197b573da14efe1ad853123be22cde
  custom:container-demuxer-webm: 4f35f7cbe854078d1ac9338744f61a02 -> 
  custom:container-muxer-webm: aa71ff27fc2769a1b78a27578f13a17b -> 
  custom:scripting/monoscript/fileName/Counter.cs: 0e0e68470eee3375c49f0a09fa843699 -> 
  custom:video-decoder-webm-vp8: 9c59270c3fd7afecdb556c50c9e8de78 -> 
  custom:SearchIndexIgnoredProperties: e643bd26f0fe6173181afceb89e7c659 -> 
  custom:AudioImporter_EditorPlatform: d09bf68614088b80899f8185d706f6e7 -> 
  custom:scripting/monoscript/fileName/Cube.cs: c3f6b4862c91a0182d5e14a1ddeb8a06 -> 1e2bad7c218970a055fec33866548983
  custom:scripting/monoscript/fileName/CubeSpawner.cs: d34e3497e39b17fe77f76726270f8e44 -> 
  custom:video-encoder-webm-vp8: eb34c28f22e8b96e1ab97ce403110664 -> 
  custom:audio-decoder-ogg-vorbis: bf7c407c2cedff20999df2af8eb42d56 -> 
  custom:scripting/monoscript/fileName/TransparencyChanger.cs: 337ebccdf974de34744ebc700fc86598 -> 346eaf3f3b1de1a18cd8b4e2321d4487
  custom:audio-encoder-webm-vorbis: bf7c407c2cedff20999df2af8eb42d56 -> 
  custom:scripting/precompiled-assembly-types:Assembly-CSharp: e912ec148146226ac50874c5acd682a5 -> e480a03165d01833ca99ad568e1bb9c9
========================================================================
Received Prepare
Caller must complete domain reload
Begin MonoManager ReloadAssembly
- Loaded All Assemblies, in  0.530 seconds
Native extension for WindowsStandalone target not found
Mono: successfully reloaded assembly
- Finished resetting the current domain, in  1.174 seconds
Domain Reload Profiling: 1704ms
	BeginReloadAssembly (197ms)
		ExecutionOrderSort (0ms)
		DisableScriptedObjects (6ms)
		BackupInstance (0ms)
		ReleaseScriptingObjects (0ms)
		CreateAndSetChildDomain (38ms)
	RebuildCommonClasses (40ms)
	RebuildNativeTypeToScriptingClass (15ms)
	initialDomainReloadingComplete (29ms)
	LoadAllAssembliesAndSetupDomain (248ms)
		LoadAssemblies (328ms)
		RebuildTransferFunctionScriptingTraits (0ms)
		AnalyzeDomain (35ms)
			TypeCache.Refresh (12ms)
				TypeCache.ScanAssembly (1ms)
			ScanForSourceGeneratedMonoScriptInfo (11ms)
			ResolveRequiredComponents (10ms)
	FinalizeReload (1175ms)
		ReleaseScriptCaches (0ms)
		RebuildScriptCaches (0ms)
		SetupLoadedEditorAssemblies (570ms)
			LogAssemblyErrors (0ms)
			InitializePlatformSupportModulesInManaged (7ms)
			SetLoadedEditorAssemblies (6ms)
			RefreshPlugins (0ms)
			BeforeProcessingInitializeOnLoad (81ms)
			ProcessInitializeOnLoadAttributes (442ms)
			ProcessInitializeOnLoadMethodAttributes (32ms)
			AfterProcessingInitializeOnLoad (3ms)
			EditorAssembliesLoaded (0ms)
		ExecutionOrderSort2 (0ms)
		AwakeInstancesAfterBackupRestoration (9ms)
Refreshing native plugins compatible for Editor in 3.12 ms, found 3 plugins.
Preloading 0 native plugins for Editor in 0.00 ms.
Unloading 3153 Unused Serialized files (Serialized files now loaded: 0)
Unloading 27 unused Assets / (0.7 MB). Loaded Objects now: 3826.
Memory consumption went from 122.3 MB to 121.6 MB.
Total: 4.571200 ms (FindLiveObjects: 0.292200 ms CreateObjectMapping: 0.195700 ms MarkObjects: 3.681600 ms  DeleteObjects: 0.400800 ms)

Prepare: number of updated asset objects reloaded= 0
AssetImportParameters requested are different than current active one (requested -> active):
  custom:scripting/monoscript/fileName/CubeCounter.cs: 1c02473fa3597d63aaa8ec5e4a4b8699 -> 
  custom:scripting/monoscript/fileName/Spawner.cs: dfbd8e0bda67e8bd0e84e508fc63ee86 -> 7de732fab2c49f3068a483eb669d8d17
  custom:container-demuxer-ogg: 62fdf1f143b41e24485cea50d1cbac27 -> 
  custom:scripting/monoscript/fileName/CountViewer.cs: 5b5fea9e465e7d9fdd04fadee9b9b677 -> 
  custom:video-decoder-ogg-theora: a1e56fd34408186e4bbccfd4996cb3dc -> 
  custom:scripting/monoscript/fileName/BombCountViewer.cs: efd60ab29832b6530022c7f6ee2b3d0c -> 
  custom:framework-win-MediaFoundation: 216162199b28c13a410421893ffa2e32 -> 
  custom:scripting/monoscript/fileName/CubeCountViewer.cs: 8d0efee5ac15e029c13a064c2d0fd576 -> 
  custom:scripting/monoscript/fileName/BombCounter.cs: bb1fd1d8635a2e61c2697811c886f511 -> 
  custom:scripting/monoscript/fileName/BombSpawner.cs: 211b1e4229560b0e0ed20ed122fb08dd -> 
  custom:scripting/monoscript/fileName/ColorChanger.cs: d31a0d7fb05c5d47ec43ba26017e80fc -> f6c371260d842df543789961567bd0a7
  custom:scripting/monoscript/fileName/Bomb.cs: bfd944eb6528774f7c1cc3d00ac64a63 -> 62fbfe76f5286165743d61555377be05
  custom:scripting/monoscript/fileName/PoolableObject.cs: 8d092a881df5fcdfaf09232738ef1b42 -> 
  custom:CustomObjectIndexerAttribute: 9a22284fe3817be447336de3de66b15e -> 
  custom:scripting/monoscript/fileName/Exploder.cs: 9b0152466039c1b0e2a05b2b202f333e -> e17c7e89857fc4f731933d24c8502a85
  custom:scripting/monoscript/fileName/Platform.cs: 9ea6822636207a672fe419a3f121e641 -> 2a197b573da14efe1ad853123be22cde
  custom:container-demuxer-webm: 4f35f7cbe854078d1ac9338744f61a02 -> 
  custom:container-muxer-webm: aa71ff27fc2769a1b78a27578f13a17b -> 
  custom:scripting/monoscript/fileName/Counter.cs: 0e0e68470eee3375c49f0a09fa843699 -> 
  custom:video-decoder-webm-vp8: 9c59270c3fd7afecdb556c50c9e8de78 -> 
  custom:SearchIndexIgnoredProperties: e643bd26f0fe6173181afceb89e7c659 -> 
  custom:AudioImporter_EditorPlatform: d09bf68614088b80899f8185d706f6e7 -> 
  custom:scripting/monoscript/fileName/Cube.cs: c3f6b4862c91a0182d5e14a1ddeb8a06 -> 1e2bad7c218970a055fec33866548983
  custom:scripting/monoscript/fileName/CubeSpawner.cs: d34e3497e39b17fe77f76726270f8e44 -> 
  custom:video-encoder-webm-vp8: eb34c28f22e8b96e1ab97ce403110664 -> 
  custom:audio-decoder-ogg-vorbis: bf7c407c2cedff20999df2af8eb42d56 -> 
  custom:scripting/monoscript/fileName/TransparencyChanger.cs: 337ebccdf974de34744ebc700fc86598 -> 346eaf3f3b1de1a18cd8b4e2321d4487
  custom:audio-encoder-webm-vorbis: bf7c407c2cedff20999df2af8eb42d56 -> 
  custom:scripting/precompiled-assembly-types:Assembly-CSharp: e912ec148146226ac50874c5acd682a5 -> e480a03165d01833ca99ad568e1bb9c9
========================================================================
Received Prepare
Caller must complete domain reload
Begin MonoManager ReloadAssembly
- Loaded All Assemblies, in  0.499 seconds
Native extension for WindowsStandalone target not found
Mono: successfully reloaded assembly
- Finished resetting the current domain, in  1.040 seconds
Domain Reload Profiling: 1538ms
	BeginReloadAssembly (184ms)
		ExecutionOrderSort (0ms)
		DisableScriptedObjects (6ms)
		BackupInstance (0ms)
		ReleaseScriptingObjects (0ms)
		CreateAndSetChildDomain (36ms)
	RebuildCommonClasses (38ms)
	RebuildNativeTypeToScriptingClass (13ms)
	initialDomainReloadingComplete (31ms)
	LoadAllAssembliesAndSetupDomain (232ms)
		LoadAssemblies (307ms)
		RebuildTransferFunctionScriptingTraits (0ms)
		AnalyzeDomain (32ms)
			TypeCache.Refresh (11ms)
				TypeCache.ScanAssembly (1ms)
			ScanForSourceGeneratedMonoScriptInfo (11ms)
			ResolveRequiredComponents (9ms)
	FinalizeReload (1040ms)
		ReleaseScriptCaches (0ms)
		RebuildScriptCaches (0ms)
		SetupLoadedEditorAssemblies (490ms)
			LogAssemblyErrors (0ms)
			InitializePlatformSupportModulesInManaged (7ms)
			SetLoadedEditorAssemblies (4ms)
			RefreshPlugins (0ms)
			BeforeProcessingInitializeOnLoad (74ms)
			ProcessInitializeOnLoadAttributes (375ms)
			ProcessInitializeOnLoadMethodAttributes (27ms)
			AfterProcessingInitializeOnLoad (3ms)
			EditorAssembliesLoaded (0ms)
		ExecutionOrderSort2 (0ms)
		AwakeInstancesAfterBackupRestoration (10ms)
Refreshing native plugins compatible for Editor in 3.30 ms, found 3 plugins.
Preloading 0 native plugins for Editor in 0.00 ms.
Unloading 3153 Unused Serialized files (Serialized files now loaded: 0)
Unloading 27 unused Assets / (0.7 MB). Loaded Objects now: 3829.
Memory consumption went from 122.3 MB to 121.6 MB.
Total: 4.078800 ms (FindLiveObjects: 0.290500 ms CreateObjectMapping: 0.235200 ms MarkObjects: 3.128000 ms  DeleteObjects: 0.424000 ms)

Prepare: number of updated asset objects reloaded= 0
AssetImportParameters requested are different than current active one (requested -> active):
  custom:scripting/monoscript/fileName/CubeCounter.cs: 1c02473fa3597d63aaa8ec5e4a4b8699 -> 
  custom:scripting/monoscript/fileName/Spawner.cs: dfbd8e0bda67e8bd0e84e508fc63ee86 -> 7de732fab2c49f3068a483eb669d8d17
  custom:container-demuxer-ogg: 62fdf1f143b41e24485cea50d1cbac27 -> 
  custom:scripting/monoscript/fileName/CountViewer.cs: 5b5fea9e465e7d9fdd04fadee9b9b677 -> 
  custom:video-decoder-ogg-theora: a1e56fd34408186e4bbccfd4996cb3dc -> 
  custom:scripting/monoscript/fileName/BombCountViewer.cs: efd60ab29832b6530022c7f6ee2b3d0c -> 
  custom:framework-win-MediaFoundation: 216162199b28c13a410421893ffa2e32 -> 
  custom:scripting/monoscript/fileName/CubeCountViewer.cs: 8d0efee5ac15e029c13a064c2d0fd576 -> 
  custom:scripting/monoscript/fileName/BombCounter.cs: bb1fd1d8635a2e61c2697811c886f511 -> 
  custom:scripting/monoscript/fileName/BombSpawner.cs: 211b1e4229560b0e0ed20ed122fb08dd -> 
  custom:scripting/monoscript/fileName/ColorChanger.cs: d31a0d7fb05c5d47ec43ba26017e80fc -> f6c371260d842df543789961567bd0a7
  custom:scripting/monoscript/fileName/Bomb.cs: bfd944eb6528774f7c1cc3d00ac64a63 -> 62fbfe76f5286165743d61555377be05
  custom:scripting/monoscript/fileName/PoolableObject.cs: 8d092a881df5fcdfaf09232738ef1b42 -> 
  custom:CustomObjectIndexerAttribute: 9a22284fe3817be447336de3de66b15e -> 
  custom:scripting/monoscript/fileName/Exploder.cs: 9b0152466039c1b0e2a05b2b202f333e -> e17c7e89857fc4f731933d24c8502a85
  custom:scripting/monoscript/fileName/Platform.cs: 9ea6822636207a672fe419a3f121e641 -> 2a197b573da14efe1ad853123be22cde
  custom:container-demuxer-webm: 4f35f7cbe854078d1ac9338744f61a02 -> 
  custom:container-muxer-webm: aa71ff27fc2769a1b78a27578f13a17b -> 
  custom:scripting/monoscript/fileName/Counter.cs: 0e0e68470eee3375c49f0a09fa843699 -> 
  custom:video-decoder-webm-vp8: 9c59270c3fd7afecdb556c50c9e8de78 -> 
  custom:SearchIndexIgnoredProperties: e643bd26f0fe6173181afceb89e7c659 -> 
  custom:AudioImporter_EditorPlatform: d09bf68614088b80899f8185d706f6e7 -> 
  custom:scripting/monoscript/fileName/Cube.cs: c3f6b4862c91a0182d5e14a1ddeb8a06 -> 1e2bad7c218970a055fec33866548983
  custom:scripting/monoscript/fileName/CubeSpawner.cs: d34e3497e39b17fe77f76726270f8e44 -> 
  custom:video-encoder-webm-vp8: eb34c28f22e8b96e1ab97ce403110664 -> 
  custom:audio-decoder-ogg-vorbis: bf7c407c2cedff20999df2af8eb42d56 -> 
  custom:scripting/monoscript/fileName/TransparencyChanger.cs: 337ebccdf974de34744ebc700fc86598 -> 346eaf3f3b1de1a18cd8b4e2321d4487
  custom:audio-encoder-webm-vorbis: bf7c407c2cedff20999df2af8eb42d56 -> 
  custom:scripting/precompiled-assembly-types:Assembly-CSharp: e912ec148146226ac50874c5acd682a5 -> e480a03165d01833ca99ad568e1bb9c9
========================================================================
Received Prepare
Caller must complete domain reload
Begin MonoManager ReloadAssembly
- Loaded All Assemblies, in  0.567 seconds
Native extension for WindowsStandalone target not found
Mono: successfully reloaded assembly
- Finished resetting the current domain, in  0.968 seconds
Domain Reload Profiling: 1535ms
	BeginReloadAssembly (184ms)
		ExecutionOrderSort (0ms)
		DisableScriptedObjects (7ms)
		BackupInstance (0ms)
		ReleaseScriptingObjects (0ms)
		CreateAndSetChildDomain (34ms)
	RebuildCommonClasses (81ms)
	RebuildNativeTypeToScriptingClass (20ms)
	initialDomainReloadingComplete (33ms)
	LoadAllAssembliesAndSetupDomain (249ms)
		LoadAssemblies (330ms)
		RebuildTransferFunctionScriptingTraits (0ms)
		AnalyzeDomain (30ms)
			TypeCache.Refresh (12ms)
				TypeCache.ScanAssembly (1ms)
			ScanForSourceGeneratedMonoScriptInfo (10ms)
			ResolveRequiredComponents (7ms)
	FinalizeReload (968ms)
		ReleaseScriptCaches (0ms)
		RebuildScriptCaches (0ms)
		SetupLoadedEditorAssemblies (485ms)
			LogAssemblyErrors (0ms)
			InitializePlatformSupportModulesInManaged (6ms)
			SetLoadedEditorAssemblies (4ms)
			RefreshPlugins (0ms)
			BeforeProcessingInitializeOnLoad (70ms)
			ProcessInitializeOnLoadAttributes (366ms)
			ProcessInitializeOnLoadMethodAttributes (34ms)
			AfterProcessingInitializeOnLoad (5ms)
			EditorAssembliesLoaded (0ms)
		ExecutionOrderSort2 (0ms)
		AwakeInstancesAfterBackupRestoration (10ms)
Refreshing native plugins compatible for Editor in 2.60 ms, found 3 plugins.
Preloading 0 native plugins for Editor in 0.00 ms.
Unloading 3153 Unused Serialized files (Serialized files now loaded: 0)
Unloading 27 unused Assets / (0.7 MB). Loaded Objects now: 3832.
Memory consumption went from 122.4 MB to 121.6 MB.
Total: 4.802700 ms (FindLiveObjects: 0.321100 ms CreateObjectMapping: 0.237300 ms MarkObjects: 3.820900 ms  DeleteObjects: 0.422500 ms)

Prepare: number of updated asset objects reloaded= 0
AssetImportParameters requested are different than current active one (requested -> active):
  custom:scripting/monoscript/fileName/CubeCounter.cs: 1c02473fa3597d63aaa8ec5e4a4b8699 -> 
  custom:scripting/monoscript/fileName/Spawner.cs: dfbd8e0bda67e8bd0e84e508fc63ee86 -> 7de732fab2c49f3068a483eb669d8d17
  custom:container-demuxer-ogg: 62fdf1f143b41e24485cea50d1cbac27 -> 
  custom:scripting/monoscript/fileName/CountViewer.cs: 5b5fea9e465e7d9fdd04fadee9b9b677 -> 
  custom:video-decoder-ogg-theora: a1e56fd34408186e4bbccfd4996cb3dc -> 
  custom:scripting/monoscript/fileName/BombCountViewer.cs: efd60ab29832b6530022c7f6ee2b3d0c -> 
  custom:framework-win-MediaFoundation: 216162199b28c13a410421893ffa2e32 -> 
  custom:scripting/monoscript/fileName/CubeCountViewer.cs: 8d0efee5ac15e029c13a064c2d0fd576 -> 
  custom:scripting/monoscript/fileName/BombCounter.cs: bb1fd1d8635a2e61c2697811c886f511 -> 
  custom:scripting/monoscript/fileName/BombSpawner.cs: 211b1e4229560b0e0ed20ed122fb08dd -> 
  custom:scripting/monoscript/fileName/ColorChanger.cs: d31a0d7fb05c5d47ec43ba26017e80fc -> f6c371260d842df543789961567bd0a7
  custom:scripting/monoscript/fileName/Bomb.cs: bfd944eb6528774f7c1cc3d00ac64a63 -> 62fbfe76f5286165743d61555377be05
  custom:scripting/monoscript/fileName/PoolableObject.cs: 8d092a881df5fcdfaf09232738ef1b42 -> 
  custom:CustomObjectIndexerAttribute: 9a22284fe3817be447336de3de66b15e -> 
  custom:scripting/monoscript/fileName/Exploder.cs: 9b0152466039c1b0e2a05b2b202f333e -> e17c7e89857fc4f731933d24c8502a85
  custom:scripting/monoscript/fileName/Platform.cs: 9ea6822636207a672fe419a3f121e641 -> 2a197b573da14efe1ad853123be22cde
  custom:container-demuxer-webm: 4f35f7cbe854078d1ac9338744f61a02 -> 
  custom:container-muxer-webm: aa71ff27fc2769a1b78a27578f13a17b -> 
  custom:scripting/monoscript/fileName/Counter.cs: 0e0e68470eee3375c49f0a09fa843699 -> 
  custom:video-decoder-webm-vp8: 9c59270c3fd7afecdb556c50c9e8de78 -> 
  custom:SearchIndexIgnoredProperties: e643bd26f0fe6173181afceb89e7c659 -> 
  custom:AudioImporter_EditorPlatform: d09bf68614088b80899f8185d706f6e7 -> 
  custom:scripting/monoscript/fileName/Cube.cs: c3f6b4862c91a0182d5e14a1ddeb8a06 -> 1e2bad7c218970a055fec33866548983
  custom:scripting/monoscript/fileName/CubeSpawner.cs: d34e3497e39b17fe77f76726270f8e44 -> 
  custom:video-encoder-webm-vp8: eb34c28f22e8b96e1ab97ce403110664 -> 
  custom:audio-decoder-ogg-vorbis: bf7c407c2cedff20999df2af8eb42d56 -> 
  custom:scripting/monoscript/fileName/TransparencyChanger.cs: 337ebccdf974de34744ebc700fc86598 -> 346eaf3f3b1de1a18cd8b4e2321d4487
  custom:audio-encoder-webm-vorbis: bf7c407c2cedff20999df2af8eb42d56 -> 
  custom:scripting/precompiled-assembly-types:Assembly-CSharp: e912ec148146226ac50874c5acd682a5 -> e480a03165d01833ca99ad568e1bb9c9
========================================================================
Received Prepare
Caller must complete domain reload
Begin MonoManager ReloadAssembly
- Loaded All Assemblies, in  0.492 seconds
Native extension for WindowsStandalone target not found
Mono: successfully reloaded assembly
- Finished resetting the current domain, in  1.051 seconds
Domain Reload Profiling: 1543ms
	BeginReloadAssembly (178ms)
		ExecutionOrderSort (0ms)
		DisableScriptedObjects (6ms)
		BackupInstance (0ms)
		ReleaseScriptingObjects (0ms)
		CreateAndSetChildDomain (31ms)
	RebuildCommonClasses (45ms)
	RebuildNativeTypeToScriptingClass (13ms)
	initialDomainReloadingComplete (26ms)
	LoadAllAssembliesAndSetupDomain (229ms)
		LoadAssemblies (309ms)
		RebuildTransferFunctionScriptingTraits (0ms)
		AnalyzeDomain (30ms)
			TypeCache.Refresh (9ms)
				TypeCache.ScanAssembly (0ms)
			ScanForSourceGeneratedMonoScriptInfo (11ms)
			ResolveRequiredComponents (8ms)
	FinalizeReload (1052ms)
		ReleaseScriptCaches (0ms)
		RebuildScriptCaches (0ms)
		SetupLoadedEditorAssemblies (517ms)
			LogAssemblyErrors (0ms)
			InitializePlatformSupportModulesInManaged (8ms)
			SetLoadedEditorAssemblies (4ms)
			RefreshPlugins (0ms)
			BeforeProcessingInitializeOnLoad (79ms)
			ProcessInitializeOnLoadAttributes (397ms)
			ProcessInitializeOnLoadMethodAttributes (25ms)
			AfterProcessingInitializeOnLoad (3ms)
			EditorAssembliesLoaded (0ms)
		ExecutionOrderSort2 (0ms)
		AwakeInstancesAfterBackupRestoration (9ms)
Refreshing native plugins compatible for Editor in 2.93 ms, found 3 plugins.
Preloading 0 native plugins for Editor in 0.00 ms.
Unloading 3153 Unused Serialized files (Serialized files now loaded: 0)
Unloading 27 unused Assets / (0.7 MB). Loaded Objects now: 3835.
Memory consumption went from 122.4 MB to 121.6 MB.
Total: 4.924700 ms (FindLiveObjects: 0.395800 ms CreateObjectMapping: 0.290100 ms MarkObjects: 3.755500 ms  DeleteObjects: 0.482000 ms)

Prepare: number of updated asset objects reloaded= 0
AssetImportParameters requested are different than current active one (requested -> active):
  custom:scripting/monoscript/fileName/CubeCounter.cs: 1c02473fa3597d63aaa8ec5e4a4b8699 -> 
  custom:scripting/monoscript/fileName/Spawner.cs: dfbd8e0bda67e8bd0e84e508fc63ee86 -> 7de732fab2c49f3068a483eb669d8d17
  custom:container-demuxer-ogg: 62fdf1f143b41e24485cea50d1cbac27 -> 
  custom:scripting/monoscript/fileName/CountViewer.cs: 5b5fea9e465e7d9fdd04fadee9b9b677 -> 
  custom:video-decoder-ogg-theora: a1e56fd34408186e4bbccfd4996cb3dc -> 
  custom:scripting/monoscript/fileName/BombCountViewer.cs: efd60ab29832b6530022c7f6ee2b3d0c -> 
  custom:framework-win-MediaFoundation: 216162199b28c13a410421893ffa2e32 -> 
  custom:scripting/monoscript/fileName/CubeCountViewer.cs: 8d0efee5ac15e029c13a064c2d0fd576 -> 
  custom:scripting/monoscript/fileName/BombCounter.cs: bb1fd1d8635a2e61c2697811c886f511 -> 
  custom:scripting/monoscript/fileName/BombSpawner.cs: 211b1e4229560b0e0ed20ed122fb08dd -> 
  custom:scripting/monoscript/fileName/ColorChanger.cs: d31a0d7fb05c5d47ec43ba26017e80fc -> f6c371260d842df543789961567bd0a7
  custom:scripting/monoscript/fileName/Bomb.cs: bfd944eb6528774f7c1cc3d00ac64a63 -> 62fbfe76f5286165743d61555377be05
  custom:scripting/monoscript/fileName/PoolableObject.cs: 8d092a881df5fcdfaf09232738ef1b42 -> 
  custom:CustomObjectIndexerAttribute: 9a22284fe3817be447336de3de66b15e -> 
  custom:scripting/monoscript/fileName/Exploder.cs: 9b0152466039c1b0e2a05b2b202f333e -> e17c7e89857fc4f731933d24c8502a85
  custom:scripting/monoscript/fileName/Platform.cs: 9ea6822636207a672fe419a3f121e641 -> 2a197b573da14efe1ad853123be22cde
  custom:container-demuxer-webm: 4f35f7cbe854078d1ac9338744f61a02 -> 
  custom:container-muxer-webm: aa71ff27fc2769a1b78a27578f13a17b -> 
  custom:scripting/monoscript/fileName/Counter.cs: 0e0e68470eee3375c49f0a09fa843699 -> 
  custom:video-decoder-webm-vp8: 9c59270c3fd7afecdb556c50c9e8de78 -> 
  custom:SearchIndexIgnoredProperties: e643bd26f0fe6173181afceb89e7c659 -> 
  custom:AudioImporter_EditorPlatform: d09bf68614088b80899f8185d706f6e7 -> 
  custom:scripting/monoscript/fileName/Cube.cs: c3f6b4862c91a0182d5e14a1ddeb8a06 -> 1e2bad7c218970a055fec33866548983
  custom:scripting/monoscript/fileName/CubeSpawner.cs: d34e3497e39b17fe77f76726270f8e44 -> 
  custom:video-encoder-webm-vp8: eb34c28f22e8b96e1ab97ce403110664 -> 
  custom:audio-decoder-ogg-vorbis: bf7c407c2cedff20999df2af8eb42d56 -> 
  custom:scripting/monoscript/fileName/TransparencyChanger.cs: 337ebccdf974de34744ebc700fc86598 -> 346eaf3f3b1de1a18cd8b4e2321d4487
  custom:audio-encoder-webm-vorbis: bf7c407c2cedff20999df2af8eb42d56 -> 
  custom:scripting/precompiled-assembly-types:Assembly-CSharp: e912ec148146226ac50874c5acd682a5 -> e480a03165d01833ca99ad568e1bb9c9
========================================================================
Received Prepare
Caller must complete domain reload
Begin MonoManager ReloadAssembly
- Loaded All Assemblies, in  0.501 seconds
Native extension for WindowsStandalone target not found
Mono: successfully reloaded assembly
- Finished resetting the current domain, in  1.034 seconds
Domain Reload Profiling: 1535ms
	BeginReloadAssembly (175ms)
		ExecutionOrderSort (0ms)
		DisableScriptedObjects (7ms)
		BackupInstance (0ms)
		ReleaseScriptingObjects (0ms)
		CreateAndSetChildDomain (30ms)
	RebuildCommonClasses (38ms)
	RebuildNativeTypeToScriptingClass (17ms)
	initialDomainReloadingComplete (36ms)
	LoadAllAssembliesAndSetupDomain (234ms)
		LoadAssemblies (317ms)
		RebuildTransferFunctionScriptingTraits (0ms)
		AnalyzeDomain (24ms)
			TypeCache.Refresh (9ms)
				TypeCache.ScanAssembly (0ms)
			ScanForSourceGeneratedMonoScriptInfo (7ms)
			ResolveRequiredComponents (6ms)
	FinalizeReload (1035ms)
		ReleaseScriptCaches (0ms)
		RebuildScriptCaches (0ms)
		SetupLoadedEditorAssemblies (508ms)
			LogAssemblyErrors (0ms)
			InitializePlatformSupportModulesInManaged (7ms)
			SetLoadedEditorAssemblies (6ms)
			RefreshPlugins (0ms)
			BeforeProcessingInitializeOnLoad (81ms)
			ProcessInitializeOnLoadAttributes (381ms)
			ProcessInitializeOnLoadMethodAttributes (28ms)
			AfterProcessingInitializeOnLoad (5ms)
			EditorAssembliesLoaded (0ms)
		ExecutionOrderSort2 (0ms)
		AwakeInstancesAfterBackupRestoration (9ms)
Refreshing native plugins compatible for Editor in 3.17 ms, found 3 plugins.
Preloading 0 native plugins for Editor in 0.00 ms.
Unloading 3153 Unused Serialized files (Serialized files now loaded: 0)
Unloading 27 unused Assets / (0.7 MB). Loaded Objects now: 3838.
Memory consumption went from 122.4 MB to 121.6 MB.
Total: 4.904600 ms (FindLiveObjects: 0.337400 ms CreateObjectMapping: 0.245500 ms MarkObjects: 3.792200 ms  DeleteObjects: 0.528300 ms)

Prepare: number of updated asset objects reloaded= 0
AssetImportParameters requested are different than current active one (requested -> active):
  custom:scripting/monoscript/fileName/CubeCounter.cs: 1c02473fa3597d63aaa8ec5e4a4b8699 -> 
  custom:scripting/monoscript/fileName/Spawner.cs: dfbd8e0bda67e8bd0e84e508fc63ee86 -> 7de732fab2c49f3068a483eb669d8d17
  custom:container-demuxer-ogg: 62fdf1f143b41e24485cea50d1cbac27 -> 
  custom:scripting/monoscript/fileName/CountViewer.cs: 5b5fea9e465e7d9fdd04fadee9b9b677 -> 
  custom:video-decoder-ogg-theora: a1e56fd34408186e4bbccfd4996cb3dc -> 
  custom:scripting/monoscript/fileName/BombCountViewer.cs: efd60ab29832b6530022c7f6ee2b3d0c -> 
  custom:framework-win-MediaFoundation: 216162199b28c13a410421893ffa2e32 -> 
  custom:scripting/monoscript/fileName/CubeCountViewer.cs: 8d0efee5ac15e029c13a064c2d0fd576 -> 
  custom:scripting/monoscript/fileName/BombCounter.cs: bb1fd1d8635a2e61c2697811c886f511 -> 
  custom:scripting/monoscript/fileName/BombSpawner.cs: 211b1e4229560b0e0ed20ed122fb08dd -> 
  custom:scripting/monoscript/fileName/ColorChanger.cs: d31a0d7fb05c5d47ec43ba26017e80fc -> f6c371260d842df543789961567bd0a7
  custom:scripting/monoscript/fileName/Bomb.cs: bfd944eb6528774f7c1cc3d00ac64a63 -> 62fbfe76f5286165743d61555377be05
  custom:scripting/monoscript/fileName/PoolableObject.cs: 8d092a881df5fcdfaf09232738ef1b42 -> 
  custom:CustomObjectIndexerAttribute: 9a22284fe3817be447336de3de66b15e -> 
  custom:scripting/monoscript/fileName/Exploder.cs: 9b0152466039c1b0e2a05b2b202f333e -> e17c7e89857fc4f731933d24c8502a85
  custom:scripting/monoscript/fileName/Platform.cs: 9ea6822636207a672fe419a3f121e641 -> 2a197b573da14efe1ad853123be22cde
  custom:container-demuxer-webm: 4f35f7cbe854078d1ac9338744f61a02 -> 
  custom:container-muxer-webm: aa71ff27fc2769a1b78a27578f13a17b -> 
  custom:scripting/monoscript/fileName/Counter.cs: 0e0e68470eee3375c49f0a09fa843699 -> 
  custom:video-decoder-webm-vp8: 9c59270c3fd7afecdb556c50c9e8de78 -> 
  custom:SearchIndexIgnoredProperties: e643bd26f0fe6173181afceb89e7c659 -> 
  custom:AudioImporter_EditorPlatform: d09bf68614088b80899f8185d706f6e7 -> 
  custom:scripting/monoscript/fileName/Cube.cs: c3f6b4862c91a0182d5e14a1ddeb8a06 -> 1e2bad7c218970a055fec33866548983
  custom:scripting/monoscript/fileName/CubeSpawner.cs: d34e3497e39b17fe77f76726270f8e44 -> 
  custom:video-encoder-webm-vp8: eb34c28f22e8b96e1ab97ce403110664 -> 
  custom:audio-decoder-ogg-vorbis: bf7c407c2cedff20999df2af8eb42d56 -> 
  custom:scripting/monoscript/fileName/TransparencyChanger.cs: 337ebccdf974de34744ebc700fc86598 -> 346eaf3f3b1de1a18cd8b4e2321d4487
  custom:audio-encoder-webm-vorbis: bf7c407c2cedff20999df2af8eb42d56 -> 
  custom:scripting/precompiled-assembly-types:Assembly-CSharp: e912ec148146226ac50874c5acd682a5 -> e480a03165d01833ca99ad568e1bb9c9
========================================================================
Received Prepare
Caller must complete domain reload
Begin MonoManager ReloadAssembly
- Loaded All Assemblies, in  0.477 seconds
Native extension for WindowsStandalone target not found
Mono: successfully reloaded assembly
- Finished resetting the current domain, in  1.059 seconds
Domain Reload Profiling: 1536ms
	BeginReloadAssembly (171ms)
		ExecutionOrderSort (0ms)
		DisableScriptedObjects (9ms)
		BackupInstance (0ms)
		ReleaseScriptingObjects (0ms)
		CreateAndSetChildDomain (34ms)
	RebuildCommonClasses (39ms)
	RebuildNativeTypeToScriptingClass (13ms)
	initialDomainReloadingComplete (29ms)
	LoadAllAssembliesAndSetupDomain (225ms)
		LoadAssemblies (292ms)
		RebuildTransferFunctionScriptingTraits (0ms)
		AnalyzeDomain (28ms)
			TypeCache.Refresh (10ms)
				TypeCache.ScanAssembly (1ms)
			ScanForSourceGeneratedMonoScriptInfo (10ms)
			ResolveRequiredComponents (7ms)
	FinalizeReload (1060ms)
		ReleaseScriptCaches (0ms)
		RebuildScriptCaches (0ms)
		SetupLoadedEditorAssemblies (502ms)
			LogAssemblyErrors (0ms)
			InitializePlatformSupportModulesInManaged (8ms)
			SetLoadedEditorAssemblies (5ms)
			RefreshPlugins (0ms)
			BeforeProcessingInitializeOnLoad (75ms)
			ProcessInitializeOnLoadAttributes (383ms)
			ProcessInitializeOnLoadMethodAttributes (27ms)
			AfterProcessingInitializeOnLoad (3ms)
			EditorAssembliesLoaded (0ms)
		ExecutionOrderSort2 (0ms)
		AwakeInstancesAfterBackupRestoration (11ms)
Refreshing native plugins compatible for Editor in 3.59 ms, found 3 plugins.
Preloading 0 native plugins for Editor in 0.00 ms.
Unloading 3153 Unused Serialized files (Serialized files now loaded: 0)
Unloading 27 unused Assets / (0.7 MB). Loaded Objects now: 3841.
Memory consumption went from 122.4 MB to 121.6 MB.
Total: 4.980300 ms (FindLiveObjects: 0.296400 ms CreateObjectMapping: 0.229900 ms MarkObjects: 4.071800 ms  DeleteObjects: 0.381000 ms)

Prepare: number of updated asset objects reloaded= 0
AssetImportParameters requested are different than current active one (requested -> active):
  custom:scripting/monoscript/fileName/CubeCounter.cs: 1c02473fa3597d63aaa8ec5e4a4b8699 -> 
  custom:scripting/monoscript/fileName/Spawner.cs: dfbd8e0bda67e8bd0e84e508fc63ee86 -> 7de732fab2c49f3068a483eb669d8d17
  custom:container-demuxer-ogg: 62fdf1f143b41e24485cea50d1cbac27 -> 
  custom:scripting/monoscript/fileName/CountViewer.cs: 5b5fea9e465e7d9fdd04fadee9b9b677 -> 
  custom:video-decoder-ogg-theora: a1e56fd34408186e4bbccfd4996cb3dc -> 
  custom:scripting/monoscript/fileName/BombCountViewer.cs: efd60ab29832b6530022c7f6ee2b3d0c -> 
  custom:framework-win-MediaFoundation: 216162199b28c13a410421893ffa2e32 -> 
  custom:scripting/monoscript/fileName/CubeCountViewer.cs: 8d0efee5ac15e029c13a064c2d0fd576 -> 
  custom:scripting/monoscript/fileName/BombCounter.cs: bb1fd1d8635a2e61c2697811c886f511 -> 
  custom:scripting/monoscript/fileName/BombSpawner.cs: 211b1e4229560b0e0ed20ed122fb08dd -> 
  custom:scripting/monoscript/fileName/ColorChanger.cs: d31a0d7fb05c5d47ec43ba26017e80fc -> f6c371260d842df543789961567bd0a7
  custom:scripting/monoscript/fileName/Bomb.cs: bfd944eb6528774f7c1cc3d00ac64a63 -> 62fbfe76f5286165743d61555377be05
  custom:scripting/monoscript/fileName/PoolableObject.cs: 8d092a881df5fcdfaf09232738ef1b42 -> 
  custom:CustomObjectIndexerAttribute: 9a22284fe3817be447336de3de66b15e -> 
  custom:scripting/monoscript/fileName/Exploder.cs: 9b0152466039c1b0e2a05b2b202f333e -> e17c7e89857fc4f731933d24c8502a85
  custom:scripting/monoscript/fileName/Platform.cs: 9ea6822636207a672fe419a3f121e641 -> 2a197b573da14efe1ad853123be22cde
  custom:container-demuxer-webm: 4f35f7cbe854078d1ac9338744f61a02 -> 
  custom:container-muxer-webm: aa71ff27fc2769a1b78a27578f13a17b -> 
  custom:scripting/monoscript/fileName/Counter.cs: 0e0e68470eee3375c49f0a09fa843699 -> 
  custom:video-decoder-webm-vp8: 9c59270c3fd7afecdb556c50c9e8de78 -> 
  custom:SearchIndexIgnoredProperties: e643bd26f0fe6173181afceb89e7c659 -> 
  custom:AudioImporter_EditorPlatform: d09bf68614088b80899f8185d706f6e7 -> 
  custom:scripting/monoscript/fileName/Cube.cs: c3f6b4862c91a0182d5e14a1ddeb8a06 -> 1e2bad7c218970a055fec33866548983
  custom:scripting/monoscript/fileName/CubeSpawner.cs: d34e3497e39b17fe77f76726270f8e44 -> 
  custom:video-encoder-webm-vp8: eb34c28f22e8b96e1ab97ce403110664 -> 
  custom:audio-decoder-ogg-vorbis: bf7c407c2cedff20999df2af8eb42d56 -> 
  custom:scripting/monoscript/fileName/TransparencyChanger.cs: 337ebccdf974de34744ebc700fc86598 -> 346eaf3f3b1de1a18cd8b4e2321d4487
  custom:audio-encoder-webm-vorbis: bf7c407c2cedff20999df2af8eb42d56 -> 
  custom:scripting/precompiled-assembly-types:Assembly-CSharp: e912ec148146226ac50874c5acd682a5 -> e480a03165d01833ca99ad568e1bb9c9
========================================================================
Received Prepare
Caller must complete domain reload
Begin MonoManager ReloadAssembly
- Loaded All Assemblies, in  0.476 seconds
Native extension for WindowsStandalone target not found
Mono: successfully reloaded assembly
- Finished resetting the current domain, in  1.014 seconds
Domain Reload Profiling: 1490ms
	BeginReloadAssembly (171ms)
		ExecutionOrderSort (0ms)
		DisableScriptedObjects (6ms)
		BackupInstance (0ms)
		ReleaseScriptingObjects (0ms)
		CreateAndSetChildDomain (32ms)
	RebuildCommonClasses (37ms)
	RebuildNativeTypeToScriptingClass (12ms)
	initialDomainReloadingComplete (29ms)
	LoadAllAssembliesAndSetupDomain (226ms)
		LoadAssemblies (305ms)
		RebuildTransferFunctionScriptingTraits (0ms)
		AnalyzeDomain (17ms)
			TypeCache.Refresh (8ms)
				TypeCache.ScanAssembly (0ms)
			ScanForSourceGeneratedMonoScriptInfo (0ms)
			ResolveRequiredComponents (8ms)
	FinalizeReload (1014ms)
		ReleaseScriptCaches (0ms)
		RebuildScriptCaches (0ms)
		SetupLoadedEditorAssemblies (524ms)
			LogAssemblyErrors (0ms)
			InitializePlatformSupportModulesInManaged (5ms)
			SetLoadedEditorAssemblies (3ms)
			RefreshPlugins (0ms)
			BeforeProcessingInitializeOnLoad (68ms)
			ProcessInitializeOnLoadAttributes (413ms)
			ProcessInitializeOnLoadMethodAttributes (30ms)
			AfterProcessingInitializeOnLoad (4ms)
			EditorAssembliesLoaded (0ms)
		ExecutionOrderSort2 (0ms)
		AwakeInstancesAfterBackupRestoration (11ms)
Refreshing native plugins compatible for Editor in 3.18 ms, found 3 plugins.
Preloading 0 native plugins for Editor in 0.00 ms.
Unloading 3153 Unused Serialized files (Serialized files now loaded: 0)
Unloading 27 unused Assets / (0.7 MB). Loaded Objects now: 3844.
Memory consumption went from 122.4 MB to 121.7 MB.
Total: 4.478200 ms (FindLiveObjects: 0.312100 ms CreateObjectMapping: 0.205500 ms MarkObjects: 3.563500 ms  DeleteObjects: 0.396000 ms)

Prepare: number of updated asset objects reloaded= 0
AssetImportParameters requested are different than current active one (requested -> active):
  custom:scripting/monoscript/fileName/CubeCounter.cs: 1c02473fa3597d63aaa8ec5e4a4b8699 -> 
  custom:scripting/monoscript/fileName/Spawner.cs: dfbd8e0bda67e8bd0e84e508fc63ee86 -> 7de732fab2c49f3068a483eb669d8d17
  custom:container-demuxer-ogg: 62fdf1f143b41e24485cea50d1cbac27 -> 
  custom:scripting/monoscript/fileName/CountViewer.cs: 5b5fea9e465e7d9fdd04fadee9b9b677 -> 
  custom:video-decoder-ogg-theora: a1e56fd34408186e4bbccfd4996cb3dc -> 
  custom:scripting/monoscript/fileName/BombCountViewer.cs: efd60ab29832b6530022c7f6ee2b3d0c -> 
  custom:framework-win-MediaFoundation: 216162199b28c13a410421893ffa2e32 -> 
  custom:scripting/monoscript/fileName/CubeCountViewer.cs: 8d0efee5ac15e029c13a064c2d0fd576 -> 
  custom:scripting/monoscript/fileName/BombCounter.cs: bb1fd1d8635a2e61c2697811c886f511 -> 
  custom:scripting/monoscript/fileName/BombSpawner.cs: 211b1e4229560b0e0ed20ed122fb08dd -> 
  custom:scripting/monoscript/fileName/ColorChanger.cs: d31a0d7fb05c5d47ec43ba26017e80fc -> f6c371260d842df543789961567bd0a7
  custom:scripting/monoscript/fileName/Bomb.cs: bfd944eb6528774f7c1cc3d00ac64a63 -> 62fbfe76f5286165743d61555377be05
  custom:scripting/monoscript/fileName/PoolableObject.cs: 8d092a881df5fcdfaf09232738ef1b42 -> 
  custom:CustomObjectIndexerAttribute: 9a22284fe3817be447336de3de66b15e -> 
  custom:scripting/monoscript/fileName/Exploder.cs: 9b0152466039c1b0e2a05b2b202f333e -> e17c7e89857fc4f731933d24c8502a85
  custom:scripting/monoscript/fileName/Platform.cs: 9ea6822636207a672fe419a3f121e641 -> 2a197b573da14efe1ad853123be22cde
  custom:container-demuxer-webm: 4f35f7cbe854078d1ac9338744f61a02 -> 
  custom:container-muxer-webm: aa71ff27fc2769a1b78a27578f13a17b -> 
  custom:scripting/monoscript/fileName/Counter.cs: 0e0e68470eee3375c49f0a09fa843699 -> 
  custom:video-decoder-webm-vp8: 9c59270c3fd7afecdb556c50c9e8de78 -> 
  custom:SearchIndexIgnoredProperties: e643bd26f0fe6173181afceb89e7c659 -> 
  custom:AudioImporter_EditorPlatform: d09bf68614088b80899f8185d706f6e7 -> 
  custom:scripting/monoscript/fileName/Cube.cs: c3f6b4862c91a0182d5e14a1ddeb8a06 -> 1e2bad7c218970a055fec33866548983
  custom:scripting/monoscript/fileName/CubeSpawner.cs: d34e3497e39b17fe77f76726270f8e44 -> 
  custom:video-encoder-webm-vp8: eb34c28f22e8b96e1ab97ce403110664 -> 
  custom:audio-decoder-ogg-vorbis: bf7c407c2cedff20999df2af8eb42d56 -> 
  custom:scripting/monoscript/fileName/TransparencyChanger.cs: 337ebccdf974de34744ebc700fc86598 -> 346eaf3f3b1de1a18cd8b4e2321d4487
  custom:audio-encoder-webm-vorbis: bf7c407c2cedff20999df2af8eb42d56 -> 
  custom:scripting/precompiled-assembly-types:Assembly-CSharp: e912ec148146226ac50874c5acd682a5 -> e480a03165d01833ca99ad568e1bb9c9
========================================================================
Received Import Request.
  Time since last request: 1417.729133 seconds.
  path: Assets/Prefabs/Cube.prefab
  artifactKey: Guid(93350987874cadf418c07ca3543c067f) Importer(815301076,1909f56bfc062723c751e8b465ee728b)
Start importing Assets/Prefabs/Cube.prefab using Guid(93350987874cadf418c07ca3543c067f) Importer(815301076,1909f56bfc062723c751e8b465ee728b) [PhysX] Initialized MultithreadedTaskDispatcher with 8 workers.
 -> (artifact id: '823d2838166e162459828dcb7bec3ee2') in 0.003338 seconds
Number of updated asset objects reloaded before import = 0
Number of asset objects unloaded after import = 0
========================================================================
Received Import Request.
  Time since last request: 12.079013 seconds.
  path: Assets/Prefabs/Cube.prefab
  artifactKey: Guid(93350987874cadf418c07ca3543c067f) Importer(815301076,1909f56bfc062723c751e8b465ee728b)
Start importing Assets/Prefabs/Cube.prefab using Guid(93350987874cadf418c07ca3543c067f) Importer(815301076,1909f56bfc062723c751e8b465ee728b) [PhysX] Initialized MultithreadedTaskDispatcher with 8 workers.
 -> (artifact id: '823d2838166e162459828dcb7bec3ee2') in 0.000872 seconds
Number of updated asset objects reloaded before import = 0
Number of asset objects unloaded after import = 0
========================================================================
Received Prepare
Caller must complete domain reload
Begin MonoManager ReloadAssembly
- Loaded All Assemblies, in  0.472 seconds
Native extension for WindowsStandalone target not found
Mono: successfully reloaded assembly
- Finished resetting the current domain, in  1.128 seconds
Domain Reload Profiling: 1600ms
	BeginReloadAssembly (172ms)
		ExecutionOrderSort (0ms)
		DisableScriptedObjects (6ms)
		BackupInstance (0ms)
		ReleaseScriptingObjects (0ms)
		CreateAndSetChildDomain (33ms)
	RebuildCommonClasses (37ms)
	RebuildNativeTypeToScriptingClass (13ms)
	initialDomainReloadingComplete (29ms)
	LoadAllAssembliesAndSetupDomain (221ms)
		LoadAssemblies (301ms)
		RebuildTransferFunctionScriptingTraits (0ms)
		AnalyzeDomain (20ms)
			TypeCache.Refresh (7ms)
				TypeCache.ScanAssembly (0ms)
			ScanForSourceGeneratedMonoScriptInfo (0ms)
			ResolveRequiredComponents (11ms)
	FinalizeReload (1129ms)
		ReleaseScriptCaches (0ms)
		RebuildScriptCaches (0ms)
		SetupLoadedEditorAssemblies (555ms)
			LogAssemblyErrors (0ms)
			InitializePlatformSupportModulesInManaged (6ms)
			SetLoadedEditorAssemblies (4ms)
			RefreshPlugins (0ms)
			BeforeProcessingInitializeOnLoad (72ms)
			ProcessInitializeOnLoadAttributes (438ms)
			ProcessInitializeOnLoadMethodAttributes (29ms)
			AfterProcessingInitializeOnLoad (5ms)
			EditorAssembliesLoaded (0ms)
		ExecutionOrderSort2 (0ms)
		AwakeInstancesAfterBackupRestoration (11ms)
Refreshing native plugins compatible for Editor in 2.95 ms, found 3 plugins.
Preloading 0 native plugins for Editor in 0.00 ms.
Unloading 3152 Unused Serialized files (Serialized files now loaded: 0)
Unloading 27 unused Assets / (0.7 MB). Loaded Objects now: 3847.
Memory consumption went from 122.1 MB to 121.4 MB.
Total: 5.020400 ms (FindLiveObjects: 0.315500 ms CreateObjectMapping: 0.256800 ms MarkObjects: 4.060300 ms  DeleteObjects: 0.386700 ms)

Prepare: number of updated asset objects reloaded= 0
AssetImportParameters requested are different than current active one (requested -> active):
  custom:scripting/monoscript/fileName/CubeCounter.cs: 1c02473fa3597d63aaa8ec5e4a4b8699 -> 
  custom:scripting/monoscript/fileName/Spawner.cs: dfbd8e0bda67e8bd0e84e508fc63ee86 -> 7de732fab2c49f3068a483eb669d8d17
  custom:container-demuxer-ogg: 62fdf1f143b41e24485cea50d1cbac27 -> 
  custom:scripting/monoscript/fileName/CountViewer.cs: 5b5fea9e465e7d9fdd04fadee9b9b677 -> 
  custom:video-decoder-ogg-theora: a1e56fd34408186e4bbccfd4996cb3dc -> 
  custom:scripting/monoscript/fileName/BombCountViewer.cs: efd60ab29832b6530022c7f6ee2b3d0c -> 
  custom:framework-win-MediaFoundation: 216162199b28c13a410421893ffa2e32 -> 
  custom:scripting/monoscript/fileName/CubeCountViewer.cs: 8d0efee5ac15e029c13a064c2d0fd576 -> 
  custom:scripting/monoscript/fileName/BombCounter.cs: bb1fd1d8635a2e61c2697811c886f511 -> 
  custom:scripting/monoscript/fileName/BombSpawner.cs: 211b1e4229560b0e0ed20ed122fb08dd -> 
  custom:scripting/monoscript/fileName/ColorChanger.cs: d31a0d7fb05c5d47ec43ba26017e80fc -> f6c371260d842df543789961567bd0a7
  custom:scripting/monoscript/fileName/Bomb.cs: bfd944eb6528774f7c1cc3d00ac64a63 -> 62fbfe76f5286165743d61555377be05
  custom:scripting/monoscript/fileName/PoolableObject.cs: 8d092a881df5fcdfaf09232738ef1b42 -> 
  custom:CustomObjectIndexerAttribute: 9a22284fe3817be447336de3de66b15e -> 
  custom:scripting/monoscript/fileName/Exploder.cs: 9b0152466039c1b0e2a05b2b202f333e -> e17c7e89857fc4f731933d24c8502a85
  custom:scripting/monoscript/fileName/Platform.cs: 9ea6822636207a672fe419a3f121e641 -> 2a197b573da14efe1ad853123be22cde
  custom:container-demuxer-webm: 4f35f7cbe854078d1ac9338744f61a02 -> 
  custom:container-muxer-webm: aa71ff27fc2769a1b78a27578f13a17b -> 
  custom:scripting/monoscript/fileName/Counter.cs: 0e0e68470eee3375c49f0a09fa843699 -> 
  custom:video-decoder-webm-vp8: 9c59270c3fd7afecdb556c50c9e8de78 -> 
  custom:SearchIndexIgnoredProperties: e643bd26f0fe6173181afceb89e7c659 -> 
  custom:AudioImporter_EditorPlatform: d09bf68614088b80899f8185d706f6e7 -> 
  custom:scripting/monoscript/fileName/Cube.cs: c3f6b4862c91a0182d5e14a1ddeb8a06 -> 1e2bad7c218970a055fec33866548983
  custom:scripting/monoscript/fileName/CubeSpawner.cs: d34e3497e39b17fe77f76726270f8e44 -> 
  custom:video-encoder-webm-vp8: eb34c28f22e8b96e1ab97ce403110664 -> 
  custom:audio-decoder-ogg-vorbis: bf7c407c2cedff20999df2af8eb42d56 -> 
  custom:scripting/monoscript/fileName/TransparencyChanger.cs: 337ebccdf974de34744ebc700fc86598 -> 346eaf3f3b1de1a18cd8b4e2321d4487
  custom:audio-encoder-webm-vorbis: bf7c407c2cedff20999df2af8eb42d56 -> 
  custom:scripting/precompiled-assembly-types:Assembly-CSharp: e912ec148146226ac50874c5acd682a5 -> e480a03165d01833ca99ad568e1bb9c9
========================================================================
Received Import Request.
  Time since last request: 5.382599 seconds.
  path: Assets/Prefabs/Bomb.prefab
  artifactKey: Guid(9f870993636fea04ab30eb529e2e5d79) Importer(815301076,1909f56bfc062723c751e8b465ee728b)
Start importing Assets/Prefabs/Bomb.prefab using Guid(9f870993636fea04ab30eb529e2e5d79) Importer(815301076,1909f56bfc062723c751e8b465ee728b) [PhysX] Initialized MultithreadedTaskDispatcher with 8 workers.
 -> (artifact id: '33f8ad6098ff1a69fea4bd307c1a7e05') in 0.003233 seconds
Number of updated asset objects reloaded before import = 0
Number of asset objects unloaded after import = 0
========================================================================
Received Import Request.
  Time since last request: 0.000046 seconds.
  path: Assets/Prefabs/Cube.prefab
  artifactKey: Guid(93350987874cadf418c07ca3543c067f) Importer(815301076,1909f56bfc062723c751e8b465ee728b)
Start importing Assets/Prefabs/Cube.prefab using Guid(93350987874cadf418c07ca3543c067f) Importer(815301076,1909f56bfc062723c751e8b465ee728b) [PhysX] Initialized MultithreadedTaskDispatcher with 8 workers.
 -> (artifact id: '823d2838166e162459828dcb7bec3ee2') in 0.000537 seconds
Number of updated asset objects reloaded before import = 0
Number of asset objects unloaded after import = 0
========================================================================
Received Import Request.
  Time since last request: 274.593199 seconds.
  path: Assets/Prefabs/Cube.prefab
  artifactKey: Guid(93350987874cadf418c07ca3543c067f) Importer(815301076,1909f56bfc062723c751e8b465ee728b)
Start importing Assets/Prefabs/Cube.prefab using Guid(93350987874cadf418c07ca3543c067f) Importer(815301076,1909f56bfc062723c751e8b465ee728b) [PhysX] Initialized MultithreadedTaskDispatcher with 8 workers.
 -> (artifact id: '823d2838166e162459828dcb7bec3ee2') in 0.000999 seconds
Number of updated asset objects reloaded before import = 0
Number of asset objects unloaded after import = 0
========================================================================
Received Import Request.
  Time since last request: 123.845420 seconds.
  path: Assets/Prefabs/Cube.prefab
  artifactKey: Guid(93350987874cadf418c07ca3543c067f) Importer(815301076,1909f56bfc062723c751e8b465ee728b)
Start importing Assets/Prefabs/Cube.prefab using Guid(93350987874cadf418c07ca3543c067f) Importer(815301076,1909f56bfc062723c751e8b465ee728b) [PhysX] Initialized MultithreadedTaskDispatcher with 8 workers.
 -> (artifact id: '823d2838166e162459828dcb7bec3ee2') in 0.000958 seconds
Number of updated asset objects reloaded before import = 0
Number of asset objects unloaded after import = 0
========================================================================
Received Import Request.
  Time since last request: 47.732331 seconds.
  path: Assets/Prefabs/Cube.prefab
  artifactKey: Guid(93350987874cadf418c07ca3543c067f) Importer(815301076,1909f56bfc062723c751e8b465ee728b)
Start importing Assets/Prefabs/Cube.prefab using Guid(93350987874cadf418c07ca3543c067f) Importer(815301076,1909f56bfc062723c751e8b465ee728b) [PhysX] Initialized MultithreadedTaskDispatcher with 8 workers.
 -> (artifact id: '823d2838166e162459828dcb7bec3ee2') in 0.000667 seconds
Number of updated asset objects reloaded before import = 0
Number of asset objects unloaded after import = 0
========================================================================
Received Prepare
Caller must complete domain reload
Begin MonoManager ReloadAssembly
- Loaded All Assemblies, in  0.495 seconds
Native extension for WindowsStandalone target not found
Mono: successfully reloaded assembly
- Finished resetting the current domain, in  1.065 seconds
Domain Reload Profiling: 1560ms
	BeginReloadAssembly (182ms)
		ExecutionOrderSort (0ms)
		DisableScriptedObjects (6ms)
		BackupInstance (0ms)
		ReleaseScriptingObjects (0ms)
		CreateAndSetChildDomain (39ms)
	RebuildCommonClasses (48ms)
	RebuildNativeTypeToScriptingClass (13ms)
	initialDomainReloadingComplete (35ms)
	LoadAllAssembliesAndSetupDomain (216ms)
		LoadAssemblies (302ms)
		RebuildTransferFunctionScriptingTraits (0ms)
		AnalyzeDomain (20ms)
			TypeCache.Refresh (9ms)
				TypeCache.ScanAssembly (0ms)
			ScanForSourceGeneratedMonoScriptInfo (0ms)
			ResolveRequiredComponents (9ms)
	FinalizeReload (1066ms)
		ReleaseScriptCaches (0ms)
		RebuildScriptCaches (0ms)
		SetupLoadedEditorAssemblies (532ms)
			LogAssemblyErrors (0ms)
			InitializePlatformSupportModulesInManaged (7ms)
			SetLoadedEditorAssemblies (6ms)
			RefreshPlugins (0ms)
			BeforeProcessingInitializeOnLoad (89ms)
			ProcessInitializeOnLoadAttributes (396ms)
			ProcessInitializeOnLoadMethodAttributes (30ms)
			AfterProcessingInitializeOnLoad (3ms)
			EditorAssembliesLoaded (0ms)
		ExecutionOrderSort2 (0ms)
		AwakeInstancesAfterBackupRestoration (10ms)
Refreshing native plugins compatible for Editor in 2.68 ms, found 3 plugins.
Preloading 0 native plugins for Editor in 0.00 ms.
Unloading 3152 Unused Serialized files (Serialized files now loaded: 0)
Unloading 27 unused Assets / (0.7 MB). Loaded Objects now: 3850.
Memory consumption went from 122.1 MB to 121.4 MB.
Total: 5.868400 ms (FindLiveObjects: 0.511000 ms CreateObjectMapping: 0.341000 ms MarkObjects: 4.402500 ms  DeleteObjects: 0.611900 ms)

Prepare: number of updated asset objects reloaded= 0
AssetImportParameters requested are different than current active one (requested -> active):
  custom:scripting/monoscript/fileName/CubeCounter.cs: 1c02473fa3597d63aaa8ec5e4a4b8699 -> 
  custom:scripting/monoscript/fileName/Spawner.cs: dfbd8e0bda67e8bd0e84e508fc63ee86 -> 7de732fab2c49f3068a483eb669d8d17
  custom:container-demuxer-ogg: 62fdf1f143b41e24485cea50d1cbac27 -> 
  custom:scripting/monoscript/fileName/CountViewer.cs: 5b5fea9e465e7d9fdd04fadee9b9b677 -> 
  custom:video-decoder-ogg-theora: a1e56fd34408186e4bbccfd4996cb3dc -> 
  custom:scripting/monoscript/fileName/BombCountViewer.cs: efd60ab29832b6530022c7f6ee2b3d0c -> 
  custom:framework-win-MediaFoundation: 216162199b28c13a410421893ffa2e32 -> 
  custom:scripting/monoscript/fileName/CubeCountViewer.cs: 8d0efee5ac15e029c13a064c2d0fd576 -> 
  custom:scripting/monoscript/fileName/BombCounter.cs: bb1fd1d8635a2e61c2697811c886f511 -> 
  custom:scripting/monoscript/fileName/BombSpawner.cs: 211b1e4229560b0e0ed20ed122fb08dd -> 
  custom:scripting/monoscript/fileName/ColorChanger.cs: d31a0d7fb05c5d47ec43ba26017e80fc -> f6c371260d842df543789961567bd0a7
  custom:scripting/monoscript/fileName/Bomb.cs: bfd944eb6528774f7c1cc3d00ac64a63 -> 62fbfe76f5286165743d61555377be05
  custom:scripting/monoscript/fileName/PoolableObject.cs: 8d092a881df5fcdfaf09232738ef1b42 -> 
  custom:CustomObjectIndexerAttribute: 9a22284fe3817be447336de3de66b15e -> 
  custom:scripting/monoscript/fileName/Exploder.cs: 9b0152466039c1b0e2a05b2b202f333e -> e17c7e89857fc4f731933d24c8502a85
  custom:scripting/monoscript/fileName/Platform.cs: 9ea6822636207a672fe419a3f121e641 -> 2a197b573da14efe1ad853123be22cde
  custom:container-demuxer-webm: 4f35f7cbe854078d1ac9338744f61a02 -> 
  custom:container-muxer-webm: aa71ff27fc2769a1b78a27578f13a17b -> 
  custom:scripting/monoscript/fileName/Counter.cs: 0e0e68470eee3375c49f0a09fa843699 -> 
  custom:video-decoder-webm-vp8: 9c59270c3fd7afecdb556c50c9e8de78 -> 
  custom:SearchIndexIgnoredProperties: e643bd26f0fe6173181afceb89e7c659 -> 
  custom:AudioImporter_EditorPlatform: d09bf68614088b80899f8185d706f6e7 -> 
  custom:scripting/monoscript/fileName/Cube.cs: c3f6b4862c91a0182d5e14a1ddeb8a06 -> 1e2bad7c218970a055fec33866548983
  custom:scripting/monoscript/fileName/CubeSpawner.cs: d34e3497e39b17fe77f76726270f8e44 -> 
  custom:video-encoder-webm-vp8: eb34c28f22e8b96e1ab97ce403110664 -> 
  custom:audio-decoder-ogg-vorbis: bf7c407c2cedff20999df2af8eb42d56 -> 
  custom:scripting/monoscript/fileName/TransparencyChanger.cs: 337ebccdf974de34744ebc700fc86598 -> 346eaf3f3b1de1a18cd8b4e2321d4487
  custom:audio-encoder-webm-vorbis: bf7c407c2cedff20999df2af8eb42d56 -> 
  custom:scripting/precompiled-assembly-types:Assembly-CSharp: e912ec148146226ac50874c5acd682a5 -> e480a03165d01833ca99ad568e1bb9c9
========================================================================
Received Prepare
Caller must complete domain reload
Begin MonoManager ReloadAssembly
- Loaded All Assemblies, in  0.489 seconds
Native extension for WindowsStandalone target not found
Mono: successfully reloaded assembly
- Finished resetting the current domain, in  1.026 seconds
Domain Reload Profiling: 1514ms
	BeginReloadAssembly (185ms)
		ExecutionOrderSort (0ms)
		DisableScriptedObjects (6ms)
		BackupInstance (0ms)
		ReleaseScriptingObjects (0ms)
		CreateAndSetChildDomain (32ms)
	RebuildCommonClasses (41ms)
	RebuildNativeTypeToScriptingClass (20ms)
	initialDomainReloadingComplete (33ms)
	LoadAllAssembliesAndSetupDomain (209ms)
		LoadAssemblies (305ms)
		RebuildTransferFunctionScriptingTraits (0ms)
		AnalyzeDomain (18ms)
			TypeCache.Refresh (7ms)
				TypeCache.ScanAssembly (0ms)
			ScanForSourceGeneratedMonoScriptInfo (0ms)
			ResolveRequiredComponents (9ms)
	FinalizeReload (1026ms)
		ReleaseScriptCaches (0ms)
		RebuildScriptCaches (0ms)
		SetupLoadedEditorAssemblies (523ms)
			LogAssemblyErrors (0ms)
			InitializePlatformSupportModulesInManaged (6ms)
			SetLoadedEditorAssemblies (3ms)
			RefreshPlugins (0ms)
			BeforeProcessingInitializeOnLoad (69ms)
			ProcessInitializeOnLoadAttributes (412ms)
			ProcessInitializeOnLoadMethodAttributes (29ms)
			AfterProcessingInitializeOnLoad (4ms)
			EditorAssembliesLoaded (0ms)
		ExecutionOrderSort2 (0ms)
		AwakeInstancesAfterBackupRestoration (9ms)
Refreshing native plugins compatible for Editor in 3.21 ms, found 3 plugins.
Preloading 0 native plugins for Editor in 0.00 ms.
Unloading 3153 Unused Serialized files (Serialized files now loaded: 0)
Unloading 27 unused Assets / (0.7 MB). Loaded Objects now: 3853.
Memory consumption went from 122.4 MB to 121.7 MB.
Total: 4.406300 ms (FindLiveObjects: 0.308600 ms CreateObjectMapping: 0.243700 ms MarkObjects: 3.462900 ms  DeleteObjects: 0.390100 ms)

Prepare: number of updated asset objects reloaded= 0
AssetImportParameters requested are different than current active one (requested -> active):
  custom:scripting/monoscript/fileName/CubeCounter.cs: 1c02473fa3597d63aaa8ec5e4a4b8699 -> 
  custom:scripting/monoscript/fileName/Spawner.cs: dfbd8e0bda67e8bd0e84e508fc63ee86 -> 7de732fab2c49f3068a483eb669d8d17
  custom:container-demuxer-ogg: 62fdf1f143b41e24485cea50d1cbac27 -> 
  custom:scripting/monoscript/fileName/CountViewer.cs: 5b5fea9e465e7d9fdd04fadee9b9b677 -> 
  custom:video-decoder-ogg-theora: a1e56fd34408186e4bbccfd4996cb3dc -> 
  custom:scripting/monoscript/fileName/BombCountViewer.cs: efd60ab29832b6530022c7f6ee2b3d0c -> 
  custom:framework-win-MediaFoundation: 216162199b28c13a410421893ffa2e32 -> 
  custom:scripting/monoscript/fileName/CubeCountViewer.cs: 8d0efee5ac15e029c13a064c2d0fd576 -> 
  custom:scripting/monoscript/fileName/BombCounter.cs: bb1fd1d8635a2e61c2697811c886f511 -> 
  custom:scripting/monoscript/fileName/BombSpawner.cs: 211b1e4229560b0e0ed20ed122fb08dd -> 
  custom:scripting/monoscript/fileName/ColorChanger.cs: d31a0d7fb05c5d47ec43ba26017e80fc -> f6c371260d842df543789961567bd0a7
  custom:scripting/monoscript/fileName/Bomb.cs: bfd944eb6528774f7c1cc3d00ac64a63 -> 62fbfe76f5286165743d61555377be05
  custom:scripting/monoscript/fileName/PoolableObject.cs: 8d092a881df5fcdfaf09232738ef1b42 -> 
  custom:CustomObjectIndexerAttribute: 9a22284fe3817be447336de3de66b15e -> 
  custom:scripting/monoscript/fileName/Exploder.cs: 9b0152466039c1b0e2a05b2b202f333e -> e17c7e89857fc4f731933d24c8502a85
  custom:scripting/monoscript/fileName/Platform.cs: 9ea6822636207a672fe419a3f121e641 -> 2a197b573da14efe1ad853123be22cde
  custom:container-demuxer-webm: 4f35f7cbe854078d1ac9338744f61a02 -> 
  custom:container-muxer-webm: aa71ff27fc2769a1b78a27578f13a17b -> 
  custom:scripting/monoscript/fileName/Counter.cs: 0e0e68470eee3375c49f0a09fa843699 -> 
  custom:video-decoder-webm-vp8: 9c59270c3fd7afecdb556c50c9e8de78 -> 
  custom:SearchIndexIgnoredProperties: e643bd26f0fe6173181afceb89e7c659 -> 
  custom:AudioImporter_EditorPlatform: d09bf68614088b80899f8185d706f6e7 -> 
  custom:scripting/monoscript/fileName/Cube.cs: c3f6b4862c91a0182d5e14a1ddeb8a06 -> 1e2bad7c218970a055fec33866548983
  custom:scripting/monoscript/fileName/CubeSpawner.cs: d34e3497e39b17fe77f76726270f8e44 -> 
  custom:video-encoder-webm-vp8: eb34c28f22e8b96e1ab97ce403110664 -> 
  custom:audio-decoder-ogg-vorbis: bf7c407c2cedff20999df2af8eb42d56 -> 
  custom:scripting/monoscript/fileName/TransparencyChanger.cs: 337ebccdf974de34744ebc700fc86598 -> 346eaf3f3b1de1a18cd8b4e2321d4487
  custom:audio-encoder-webm-vorbis: bf7c407c2cedff20999df2af8eb42d56 -> 
  custom:scripting/precompiled-assembly-types:Assembly-CSharp: e912ec148146226ac50874c5acd682a5 -> e480a03165d01833ca99ad568e1bb9c9
========================================================================
Received Import Request.
  Time since last request: 32.260840 seconds.
  path: Assets/Prefabs/Bomb.prefab
  artifactKey: Guid(9f870993636fea04ab30eb529e2e5d79) Importer(815301076,1909f56bfc062723c751e8b465ee728b)
Start importing Assets/Prefabs/Bomb.prefab using Guid(9f870993636fea04ab30eb529e2e5d79) Importer(815301076,1909f56bfc062723c751e8b465ee728b) [PhysX] Initialized MultithreadedTaskDispatcher with 8 workers.
 -> (artifact id: '33f8ad6098ff1a69fea4bd307c1a7e05') in 0.001883 seconds
Number of updated asset objects reloaded before import = 0
Number of asset objects unloaded after import = 0
========================================================================
Received Import Request.
  Time since last request: 0.000034 seconds.
  path: Assets/Prefabs/Cube.prefab
  artifactKey: Guid(93350987874cadf418c07ca3543c067f) Importer(815301076,1909f56bfc062723c751e8b465ee728b)
Start importing Assets/Prefabs/Cube.prefab using Guid(93350987874cadf418c07ca3543c067f) Importer(815301076,1909f56bfc062723c751e8b465ee728b) [PhysX] Initialized MultithreadedTaskDispatcher with 8 workers.
 -> (artifact id: '823d2838166e162459828dcb7bec3ee2') in 0.000535 seconds
Number of updated asset objects reloaded before import = 0
Number of asset objects unloaded after import = 0
========================================================================
Received Import Request.
  Time since last request: 296.548723 seconds.
  path: Assets/Prefabs/Cube.prefab
  artifactKey: Guid(93350987874cadf418c07ca3543c067f) Importer(815301076,1909f56bfc062723c751e8b465ee728b)
Start importing Assets/Prefabs/Cube.prefab using Guid(93350987874cadf418c07ca3543c067f) Importer(815301076,1909f56bfc062723c751e8b465ee728b) [PhysX] Initialized MultithreadedTaskDispatcher with 8 workers.
 -> (artifact id: '823d2838166e162459828dcb7bec3ee2') in 0.000765 seconds
Number of updated asset objects reloaded before import = 0
Number of asset objects unloaded after import = 0
========================================================================
Received Prepare
Caller must complete domain reload
Begin MonoManager ReloadAssembly
- Loaded All Assemblies, in  0.587 seconds
Native extension for WindowsStandalone target not found
Mono: successfully reloaded assembly
- Finished resetting the current domain, in  0.992 seconds
Domain Reload Profiling: 1579ms
	BeginReloadAssembly (203ms)
		ExecutionOrderSort (0ms)
		DisableScriptedObjects (7ms)
		BackupInstance (0ms)
		ReleaseScriptingObjects (0ms)
		CreateAndSetChildDomain (40ms)
	RebuildCommonClasses (46ms)
	RebuildNativeTypeToScriptingClass (14ms)
	initialDomainReloadingComplete (30ms)
	LoadAllAssembliesAndSetupDomain (294ms)
		LoadAssemblies (379ms)
		RebuildTransferFunctionScriptingTraits (0ms)
		AnalyzeDomain (30ms)
			TypeCache.Refresh (15ms)
				TypeCache.ScanAssembly (1ms)
			ScanForSourceGeneratedMonoScriptInfo (7ms)
			ResolveRequiredComponents (6ms)
	FinalizeReload (993ms)
		ReleaseScriptCaches (0ms)
		RebuildScriptCaches (0ms)
		SetupLoadedEditorAssemblies (518ms)
			LogAssemblyErrors (0ms)
			InitializePlatformSupportModulesInManaged (6ms)
			SetLoadedEditorAssemblies (4ms)
			RefreshPlugins (0ms)
			BeforeProcessingInitializeOnLoad (73ms)
			ProcessInitializeOnLoadAttributes (403ms)
			ProcessInitializeOnLoadMethodAttributes (28ms)
			AfterProcessingInitializeOnLoad (3ms)
			EditorAssembliesLoaded (0ms)
		ExecutionOrderSort2 (0ms)
		AwakeInstancesAfterBackupRestoration (11ms)
Refreshing native plugins compatible for Editor in 3.74 ms, found 3 plugins.
Preloading 0 native plugins for Editor in 0.00 ms.
Unloading 3152 Unused Serialized files (Serialized files now loaded: 0)
Unloading 27 unused Assets / (0.7 MB). Loaded Objects now: 3856.
Memory consumption went from 122.1 MB to 121.4 MB.
Total: 5.119100 ms (FindLiveObjects: 0.438500 ms CreateObjectMapping: 0.254200 ms MarkObjects: 4.008100 ms  DeleteObjects: 0.417300 ms)

Prepare: number of updated asset objects reloaded= 0
AssetImportParameters requested are different than current active one (requested -> active):
  custom:scripting/monoscript/fileName/CubeCounter.cs: 1c02473fa3597d63aaa8ec5e4a4b8699 -> 
  custom:scripting/monoscript/fileName/Spawner.cs: dfbd8e0bda67e8bd0e84e508fc63ee86 -> 7de732fab2c49f3068a483eb669d8d17
  custom:container-demuxer-ogg: 62fdf1f143b41e24485cea50d1cbac27 -> 
  custom:scripting/monoscript/fileName/CountViewer.cs: 5b5fea9e465e7d9fdd04fadee9b9b677 -> 
  custom:video-decoder-ogg-theora: a1e56fd34408186e4bbccfd4996cb3dc -> 
  custom:scripting/monoscript/fileName/BombCountViewer.cs: efd60ab29832b6530022c7f6ee2b3d0c -> 
  custom:framework-win-MediaFoundation: 216162199b28c13a410421893ffa2e32 -> 
  custom:scripting/monoscript/fileName/CubeCountViewer.cs: 8d0efee5ac15e029c13a064c2d0fd576 -> 
  custom:scripting/monoscript/fileName/BombCounter.cs: bb1fd1d8635a2e61c2697811c886f511 -> 
  custom:scripting/monoscript/fileName/BombSpawner.cs: 211b1e4229560b0e0ed20ed122fb08dd -> 
  custom:scripting/monoscript/fileName/ColorChanger.cs: d31a0d7fb05c5d47ec43ba26017e80fc -> f6c371260d842df543789961567bd0a7
  custom:scripting/monoscript/fileName/Bomb.cs: bfd944eb6528774f7c1cc3d00ac64a63 -> 62fbfe76f5286165743d61555377be05
  custom:scripting/monoscript/fileName/PoolableObject.cs: 8d092a881df5fcdfaf09232738ef1b42 -> 
  custom:CustomObjectIndexerAttribute: 9a22284fe3817be447336de3de66b15e -> 
  custom:scripting/monoscript/fileName/Exploder.cs: 9b0152466039c1b0e2a05b2b202f333e -> e17c7e89857fc4f731933d24c8502a85
  custom:scripting/monoscript/fileName/Platform.cs: 9ea6822636207a672fe419a3f121e641 -> 2a197b573da14efe1ad853123be22cde
  custom:container-demuxer-webm: 4f35f7cbe854078d1ac9338744f61a02 -> 
  custom:container-muxer-webm: aa71ff27fc2769a1b78a27578f13a17b -> 
  custom:scripting/monoscript/fileName/Counter.cs: 0e0e68470eee3375c49f0a09fa843699 -> 
  custom:video-decoder-webm-vp8: 9c59270c3fd7afecdb556c50c9e8de78 -> 
  custom:SearchIndexIgnoredProperties: e643bd26f0fe6173181afceb89e7c659 -> 
  custom:AudioImporter_EditorPlatform: d09bf68614088b80899f8185d706f6e7 -> 
  custom:scripting/monoscript/fileName/Cube.cs: c3f6b4862c91a0182d5e14a1ddeb8a06 -> 1e2bad7c218970a055fec33866548983
  custom:scripting/monoscript/fileName/CubeSpawner.cs: d34e3497e39b17fe77f76726270f8e44 -> 
  custom:video-encoder-webm-vp8: eb34c28f22e8b96e1ab97ce403110664 -> 
  custom:audio-decoder-ogg-vorbis: bf7c407c2cedff20999df2af8eb42d56 -> 
  custom:scripting/monoscript/fileName/TransparencyChanger.cs: 337ebccdf974de34744ebc700fc86598 -> 346eaf3f3b1de1a18cd8b4e2321d4487
  custom:audio-encoder-webm-vorbis: bf7c407c2cedff20999df2af8eb42d56 -> 
  custom:scripting/precompiled-assembly-types:Assembly-CSharp: e912ec148146226ac50874c5acd682a5 -> e480a03165d01833ca99ad568e1bb9c9
========================================================================
Received Import Request.
  Time since last request: 7.130310 seconds.
  path: Assets/Prefabs/Bomb.prefab
  artifactKey: Guid(9f870993636fea04ab30eb529e2e5d79) Importer(815301076,1909f56bfc062723c751e8b465ee728b)
Start importing Assets/Prefabs/Bomb.prefab using Guid(9f870993636fea04ab30eb529e2e5d79) Importer(815301076,1909f56bfc062723c751e8b465ee728b) [PhysX] Initialized MultithreadedTaskDispatcher with 8 workers.
 -> (artifact id: '33f8ad6098ff1a69fea4bd307c1a7e05') in 0.003617 seconds
Number of updated asset objects reloaded before import = 0
Number of asset objects unloaded after import = 0
========================================================================
Received Import Request.
  Time since last request: 0.000036 seconds.
  path: Assets/Prefabs/Cube.prefab
  artifactKey: Guid(93350987874cadf418c07ca3543c067f) Importer(815301076,1909f56bfc062723c751e8b465ee728b)
Start importing Assets/Prefabs/Cube.prefab using Guid(93350987874cadf418c07ca3543c067f) Importer(815301076,1909f56bfc062723c751e8b465ee728b) [PhysX] Initialized MultithreadedTaskDispatcher with 8 workers.
 -> (artifact id: '823d2838166e162459828dcb7bec3ee2') in 0.000716 seconds
Number of updated asset objects reloaded before import = 0
Number of asset objects unloaded after import = 0
========================================================================
Received Import Request.
  Time since last request: 117.256911 seconds.
  path: Assets/Prefabs/Cube.prefab
  artifactKey: Guid(93350987874cadf418c07ca3543c067f) Importer(815301076,1909f56bfc062723c751e8b465ee728b)
Start importing Assets/Prefabs/Cube.prefab using Guid(93350987874cadf418c07ca3543c067f) Importer(815301076,1909f56bfc062723c751e8b465ee728b) [PhysX] Initialized MultithreadedTaskDispatcher with 8 workers.
 -> (artifact id: '823d2838166e162459828dcb7bec3ee2') in 0.000959 seconds
Number of updated asset objects reloaded before import = 0
Number of asset objects unloaded after import = 0
========================================================================
Received Prepare
Caller must complete domain reload
Begin MonoManager ReloadAssembly
- Loaded All Assemblies, in  0.588 seconds
Native extension for WindowsStandalone target not found
Mono: successfully reloaded assembly
- Finished resetting the current domain, in  1.179 seconds
Domain Reload Profiling: 1767ms
	BeginReloadAssembly (214ms)
		ExecutionOrderSort (0ms)
		DisableScriptedObjects (7ms)
		BackupInstance (0ms)
		ReleaseScriptingObjects (0ms)
		CreateAndSetChildDomain (32ms)
	RebuildCommonClasses (66ms)
	RebuildNativeTypeToScriptingClass (20ms)
	initialDomainReloadingComplete (30ms)
	LoadAllAssembliesAndSetupDomain (257ms)
		LoadAssemblies (369ms)
		RebuildTransferFunctionScriptingTraits (0ms)
		AnalyzeDomain (32ms)
			TypeCache.Refresh (12ms)
				TypeCache.ScanAssembly (1ms)
			ScanForSourceGeneratedMonoScriptInfo (11ms)
			ResolveRequiredComponents (7ms)
	FinalizeReload (1180ms)
		ReleaseScriptCaches (0ms)
		RebuildScriptCaches (0ms)
		SetupLoadedEditorAssemblies (666ms)
			LogAssemblyErrors (0ms)
			InitializePlatformSupportModulesInManaged (7ms)
			SetLoadedEditorAssemblies (5ms)
			RefreshPlugins (0ms)
			BeforeProcessingInitializeOnLoad (80ms)
			ProcessInitializeOnLoadAttributes (537ms)
			ProcessInitializeOnLoadMethodAttributes (32ms)
			AfterProcessingInitializeOnLoad (5ms)
			EditorAssembliesLoaded (0ms)
		ExecutionOrderSort2 (0ms)
		AwakeInstancesAfterBackupRestoration (11ms)
Refreshing native plugins compatible for Editor in 2.92 ms, found 3 plugins.
Preloading 0 native plugins for Editor in 0.00 ms.
Unloading 3152 Unused Serialized files (Serialized files now loaded: 0)
Unloading 27 unused Assets / (0.7 MB). Loaded Objects now: 3859.
Memory consumption went from 122.1 MB to 121.4 MB.
Total: 6.123900 ms (FindLiveObjects: 0.299600 ms CreateObjectMapping: 0.252000 ms MarkObjects: 4.857900 ms  DeleteObjects: 0.713300 ms)

Prepare: number of updated asset objects reloaded= 0
AssetImportParameters requested are different than current active one (requested -> active):
  custom:scripting/monoscript/fileName/CubeCounter.cs: 1c02473fa3597d63aaa8ec5e4a4b8699 -> 
  custom:scripting/monoscript/fileName/Spawner.cs: dfbd8e0bda67e8bd0e84e508fc63ee86 -> 7de732fab2c49f3068a483eb669d8d17
  custom:container-demuxer-ogg: 62fdf1f143b41e24485cea50d1cbac27 -> 
  custom:scripting/monoscript/fileName/CountViewer.cs: 5b5fea9e465e7d9fdd04fadee9b9b677 -> 
  custom:video-decoder-ogg-theora: a1e56fd34408186e4bbccfd4996cb3dc -> 
  custom:scripting/monoscript/fileName/BombCountViewer.cs: efd60ab29832b6530022c7f6ee2b3d0c -> 
  custom:framework-win-MediaFoundation: 216162199b28c13a410421893ffa2e32 -> 
  custom:scripting/monoscript/fileName/CubeCountViewer.cs: 8d0efee5ac15e029c13a064c2d0fd576 -> 
  custom:scripting/monoscript/fileName/BombCounter.cs: bb1fd1d8635a2e61c2697811c886f511 -> 
  custom:scripting/monoscript/fileName/BombSpawner.cs: 211b1e4229560b0e0ed20ed122fb08dd -> 
  custom:scripting/monoscript/fileName/ColorChanger.cs: d31a0d7fb05c5d47ec43ba26017e80fc -> f6c371260d842df543789961567bd0a7
  custom:scripting/monoscript/fileName/Bomb.cs: bfd944eb6528774f7c1cc3d00ac64a63 -> 62fbfe76f5286165743d61555377be05
  custom:scripting/monoscript/fileName/PoolableObject.cs: 8d092a881df5fcdfaf09232738ef1b42 -> 
  custom:CustomObjectIndexerAttribute: 9a22284fe3817be447336de3de66b15e -> 
  custom:scripting/monoscript/fileName/Exploder.cs: 9b0152466039c1b0e2a05b2b202f333e -> e17c7e89857fc4f731933d24c8502a85
  custom:scripting/monoscript/fileName/Platform.cs: 9ea6822636207a672fe419a3f121e641 -> 2a197b573da14efe1ad853123be22cde
  custom:container-demuxer-webm: 4f35f7cbe854078d1ac9338744f61a02 -> 
  custom:container-muxer-webm: aa71ff27fc2769a1b78a27578f13a17b -> 
  custom:scripting/monoscript/fileName/Counter.cs: 0e0e68470eee3375c49f0a09fa843699 -> 
  custom:video-decoder-webm-vp8: 9c59270c3fd7afecdb556c50c9e8de78 -> 
  custom:SearchIndexIgnoredProperties: e643bd26f0fe6173181afceb89e7c659 -> 
  custom:AudioImporter_EditorPlatform: d09bf68614088b80899f8185d706f6e7 -> 
  custom:scripting/monoscript/fileName/Cube.cs: c3f6b4862c91a0182d5e14a1ddeb8a06 -> 1e2bad7c218970a055fec33866548983
  custom:scripting/monoscript/fileName/CubeSpawner.cs: d34e3497e39b17fe77f76726270f8e44 -> 
  custom:video-encoder-webm-vp8: eb34c28f22e8b96e1ab97ce403110664 -> 
  custom:audio-decoder-ogg-vorbis: bf7c407c2cedff20999df2af8eb42d56 -> 
  custom:scripting/monoscript/fileName/TransparencyChanger.cs: 337ebccdf974de34744ebc700fc86598 -> 346eaf3f3b1de1a18cd8b4e2321d4487
  custom:audio-encoder-webm-vorbis: bf7c407c2cedff20999df2af8eb42d56 -> 
  custom:scripting/precompiled-assembly-types:Assembly-CSharp: e912ec148146226ac50874c5acd682a5 -> e480a03165d01833ca99ad568e1bb9c9
========================================================================
Received Import Request.
  Time since last request: 489.497251 seconds.
  path: Assets/Prefabs/Cube.prefab
  artifactKey: Guid(93350987874cadf418c07ca3543c067f) Importer(815301076,1909f56bfc062723c751e8b465ee728b)
Start importing Assets/Prefabs/Cube.prefab using Guid(93350987874cadf418c07ca3543c067f) Importer(815301076,1909f56bfc062723c751e8b465ee728b) [PhysX] Initialized MultithreadedTaskDispatcher with 8 workers.
 -> (artifact id: '823d2838166e162459828dcb7bec3ee2') in 0.004034 seconds
Number of updated asset objects reloaded before import = 0
Number of asset objects unloaded after import = 0
========================================================================
Received Prepare
Caller must complete domain reload
Begin MonoManager ReloadAssembly
- Loaded All Assemblies, in  0.610 seconds
Native extension for WindowsStandalone target not found
Mono: successfully reloaded assembly
- Finished resetting the current domain, in  0.977 seconds
Domain Reload Profiling: 1587ms
	BeginReloadAssembly (195ms)
		ExecutionOrderSort (0ms)
		DisableScriptedObjects (6ms)
		BackupInstance (0ms)
		ReleaseScriptingObjects (0ms)
		CreateAndSetChildDomain (35ms)
	RebuildCommonClasses (37ms)
	RebuildNativeTypeToScriptingClass (12ms)
	initialDomainReloadingComplete (40ms)
	LoadAllAssembliesAndSetupDomain (324ms)
		LoadAssemblies (416ms)
		RebuildTransferFunctionScriptingTraits (0ms)
		AnalyzeDomain (31ms)
			TypeCache.Refresh (11ms)
				TypeCache.ScanAssembly (1ms)
			ScanForSourceGeneratedMonoScriptInfo (9ms)
			ResolveRequiredComponents (9ms)
	FinalizeReload (978ms)
		ReleaseScriptCaches (0ms)
		RebuildScriptCaches (0ms)
		SetupLoadedEditorAssemblies (512ms)
			LogAssemblyErrors (0ms)
			InitializePlatformSupportModulesInManaged (7ms)
			SetLoadedEditorAssemblies (6ms)
			RefreshPlugins (0ms)
			BeforeProcessingInitializeOnLoad (78ms)
			ProcessInitializeOnLoadAttributes (390ms)
			ProcessInitializeOnLoadMethodAttributes (26ms)
			AfterProcessingInitializeOnLoad (5ms)
			EditorAssembliesLoaded (0ms)
		ExecutionOrderSort2 (0ms)
		AwakeInstancesAfterBackupRestoration (9ms)
Refreshing native plugins compatible for Editor in 2.19 ms, found 3 plugins.
Preloading 0 native plugins for Editor in 0.00 ms.
Unloading 3152 Unused Serialized files (Serialized files now loaded: 0)
Unloading 27 unused Assets / (0.7 MB). Loaded Objects now: 3862.
Memory consumption went from 122.1 MB to 121.4 MB.
Total: 4.525600 ms (FindLiveObjects: 0.409100 ms CreateObjectMapping: 0.310300 ms MarkObjects: 3.378600 ms  DeleteObjects: 0.426400 ms)

Prepare: number of updated asset objects reloaded= 0
AssetImportParameters requested are different than current active one (requested -> active):
  custom:scripting/monoscript/fileName/CubeCounter.cs: 1c02473fa3597d63aaa8ec5e4a4b8699 -> 
  custom:scripting/monoscript/fileName/Spawner.cs: dfbd8e0bda67e8bd0e84e508fc63ee86 -> 7de732fab2c49f3068a483eb669d8d17
  custom:container-demuxer-ogg: 62fdf1f143b41e24485cea50d1cbac27 -> 
  custom:scripting/monoscript/fileName/CountViewer.cs: 5b5fea9e465e7d9fdd04fadee9b9b677 -> 
  custom:video-decoder-ogg-theora: a1e56fd34408186e4bbccfd4996cb3dc -> 
  custom:scripting/monoscript/fileName/BombCountViewer.cs: efd60ab29832b6530022c7f6ee2b3d0c -> 
  custom:framework-win-MediaFoundation: 216162199b28c13a410421893ffa2e32 -> 
  custom:scripting/monoscript/fileName/CubeCountViewer.cs: 8d0efee5ac15e029c13a064c2d0fd576 -> 
  custom:scripting/monoscript/fileName/BombCounter.cs: bb1fd1d8635a2e61c2697811c886f511 -> 
  custom:scripting/monoscript/fileName/BombSpawner.cs: 211b1e4229560b0e0ed20ed122fb08dd -> 
  custom:scripting/monoscript/fileName/ColorChanger.cs: d31a0d7fb05c5d47ec43ba26017e80fc -> f6c371260d842df543789961567bd0a7
  custom:scripting/monoscript/fileName/Bomb.cs: bfd944eb6528774f7c1cc3d00ac64a63 -> 62fbfe76f5286165743d61555377be05
  custom:scripting/monoscript/fileName/PoolableObject.cs: 8d092a881df5fcdfaf09232738ef1b42 -> 
  custom:CustomObjectIndexerAttribute: 9a22284fe3817be447336de3de66b15e -> 
  custom:scripting/monoscript/fileName/Exploder.cs: 9b0152466039c1b0e2a05b2b202f333e -> e17c7e89857fc4f731933d24c8502a85
  custom:scripting/monoscript/fileName/Platform.cs: 9ea6822636207a672fe419a3f121e641 -> 2a197b573da14efe1ad853123be22cde
  custom:container-demuxer-webm: 4f35f7cbe854078d1ac9338744f61a02 -> 
  custom:container-muxer-webm: aa71ff27fc2769a1b78a27578f13a17b -> 
  custom:scripting/monoscript/fileName/Counter.cs: 0e0e68470eee3375c49f0a09fa843699 -> 
  custom:video-decoder-webm-vp8: 9c59270c3fd7afecdb556c50c9e8de78 -> 
  custom:SearchIndexIgnoredProperties: e643bd26f0fe6173181afceb89e7c659 -> 
  custom:AudioImporter_EditorPlatform: d09bf68614088b80899f8185d706f6e7 -> 
  custom:scripting/monoscript/fileName/Cube.cs: c3f6b4862c91a0182d5e14a1ddeb8a06 -> 1e2bad7c218970a055fec33866548983
  custom:scripting/monoscript/fileName/CubeSpawner.cs: d34e3497e39b17fe77f76726270f8e44 -> 
  custom:video-encoder-webm-vp8: eb34c28f22e8b96e1ab97ce403110664 -> 
  custom:audio-decoder-ogg-vorbis: bf7c407c2cedff20999df2af8eb42d56 -> 
  custom:scripting/monoscript/fileName/TransparencyChanger.cs: 337ebccdf974de34744ebc700fc86598 -> 346eaf3f3b1de1a18cd8b4e2321d4487
  custom:audio-encoder-webm-vorbis: bf7c407c2cedff20999df2af8eb42d56 -> 
  custom:scripting/precompiled-assembly-types:Assembly-CSharp: e912ec148146226ac50874c5acd682a5 -> e480a03165d01833ca99ad568e1bb9c9
========================================================================
Received Import Request.
  Time since last request: 9.303632 seconds.
  path: Assets/Prefabs/Cube.prefab
  artifactKey: Guid(93350987874cadf418c07ca3543c067f) Importer(815301076,1909f56bfc062723c751e8b465ee728b)
Start importing Assets/Prefabs/Cube.prefab using Guid(93350987874cadf418c07ca3543c067f) Importer(815301076,1909f56bfc062723c751e8b465ee728b) [PhysX] Initialized MultithreadedTaskDispatcher with 8 workers.
 -> (artifact id: '823d2838166e162459828dcb7bec3ee2') in 0.003021 seconds
Number of updated asset objects reloaded before import = 0
Number of asset objects unloaded after import = 0
========================================================================
Received Import Request.
  Time since last request: 38.407926 seconds.
  path: Assets/Prefabs/Cube.prefab
  artifactKey: Guid(93350987874cadf418c07ca3543c067f) Importer(815301076,1909f56bfc062723c751e8b465ee728b)
Start importing Assets/Prefabs/Cube.prefab using Guid(93350987874cadf418c07ca3543c067f) Importer(815301076,1909f56bfc062723c751e8b465ee728b) [PhysX] Initialized MultithreadedTaskDispatcher with 8 workers.
 -> (artifact id: '823d2838166e162459828dcb7bec3ee2') in 0.000709 seconds
Number of updated asset objects reloaded before import = 0
Number of asset objects unloaded after import = 0
========================================================================
Received Prepare
Caller must complete domain reload
Begin MonoManager ReloadAssembly
- Loaded All Assemblies, in  0.532 seconds
Native extension for WindowsStandalone target not found
Mono: successfully reloaded assembly
- Finished resetting the current domain, in  1.010 seconds
Domain Reload Profiling: 1541ms
	BeginReloadAssembly (176ms)
		ExecutionOrderSort (0ms)
		DisableScriptedObjects (7ms)
		BackupInstance (0ms)
		ReleaseScriptingObjects (0ms)
		CreateAndSetChildDomain (33ms)
	RebuildCommonClasses (46ms)
	RebuildNativeTypeToScriptingClass (13ms)
	initialDomainReloadingComplete (33ms)
	LoadAllAssembliesAndSetupDomain (263ms)
		LoadAssemblies (318ms)
		RebuildTransferFunctionScriptingTraits (0ms)
		AnalyzeDomain (48ms)
			TypeCache.Refresh (33ms)
				TypeCache.ScanAssembly (1ms)
			ScanForSourceGeneratedMonoScriptInfo (8ms)
			ResolveRequiredComponents (6ms)
	FinalizeReload (1011ms)
		ReleaseScriptCaches (0ms)
		RebuildScriptCaches (0ms)
		SetupLoadedEditorAssemblies (531ms)
			LogAssemblyErrors (0ms)
			InitializePlatformSupportModulesInManaged (6ms)
			SetLoadedEditorAssemblies (4ms)
			RefreshPlugins (0ms)
			BeforeProcessingInitializeOnLoad (73ms)
			ProcessInitializeOnLoadAttributes (406ms)
			ProcessInitializeOnLoadMethodAttributes (37ms)
			AfterProcessingInitializeOnLoad (5ms)
			EditorAssembliesLoaded (0ms)
		ExecutionOrderSort2 (0ms)
		AwakeInstancesAfterBackupRestoration (13ms)
Refreshing native plugins compatible for Editor in 2.73 ms, found 3 plugins.
Preloading 0 native plugins for Editor in 0.00 ms.
Unloading 3152 Unused Serialized files (Serialized files now loaded: 0)
Unloading 27 unused Assets / (0.7 MB). Loaded Objects now: 3865.
Memory consumption went from 122.1 MB to 121.4 MB.
Total: 5.730800 ms (FindLiveObjects: 0.376200 ms CreateObjectMapping: 0.367300 ms MarkObjects: 4.358100 ms  DeleteObjects: 0.627500 ms)

Prepare: number of updated asset objects reloaded= 0
AssetImportParameters requested are different than current active one (requested -> active):
  custom:scripting/monoscript/fileName/CubeCounter.cs: 1c02473fa3597d63aaa8ec5e4a4b8699 -> 
  custom:scripting/monoscript/fileName/Spawner.cs: dfbd8e0bda67e8bd0e84e508fc63ee86 -> 7de732fab2c49f3068a483eb669d8d17
  custom:container-demuxer-ogg: 62fdf1f143b41e24485cea50d1cbac27 -> 
  custom:scripting/monoscript/fileName/CountViewer.cs: 5b5fea9e465e7d9fdd04fadee9b9b677 -> 
  custom:video-decoder-ogg-theora: a1e56fd34408186e4bbccfd4996cb3dc -> 
  custom:scripting/monoscript/fileName/BombCountViewer.cs: efd60ab29832b6530022c7f6ee2b3d0c -> 
  custom:framework-win-MediaFoundation: 216162199b28c13a410421893ffa2e32 -> 
  custom:scripting/monoscript/fileName/CubeCountViewer.cs: 8d0efee5ac15e029c13a064c2d0fd576 -> 
  custom:scripting/monoscript/fileName/BombCounter.cs: bb1fd1d8635a2e61c2697811c886f511 -> 
  custom:scripting/monoscript/fileName/BombSpawner.cs: 211b1e4229560b0e0ed20ed122fb08dd -> 
  custom:scripting/monoscript/fileName/ColorChanger.cs: d31a0d7fb05c5d47ec43ba26017e80fc -> f6c371260d842df543789961567bd0a7
  custom:scripting/monoscript/fileName/Bomb.cs: bfd944eb6528774f7c1cc3d00ac64a63 -> 62fbfe76f5286165743d61555377be05
  custom:scripting/monoscript/fileName/PoolableObject.cs: 8d092a881df5fcdfaf09232738ef1b42 -> 
  custom:CustomObjectIndexerAttribute: 9a22284fe3817be447336de3de66b15e -> 
  custom:scripting/monoscript/fileName/Exploder.cs: 9b0152466039c1b0e2a05b2b202f333e -> e17c7e89857fc4f731933d24c8502a85
  custom:scripting/monoscript/fileName/Platform.cs: 9ea6822636207a672fe419a3f121e641 -> 2a197b573da14efe1ad853123be22cde
  custom:container-demuxer-webm: 4f35f7cbe854078d1ac9338744f61a02 -> 
  custom:container-muxer-webm: aa71ff27fc2769a1b78a27578f13a17b -> 
  custom:scripting/monoscript/fileName/Counter.cs: 0e0e68470eee3375c49f0a09fa843699 -> 
  custom:video-decoder-webm-vp8: 9c59270c3fd7afecdb556c50c9e8de78 -> 
  custom:SearchIndexIgnoredProperties: e643bd26f0fe6173181afceb89e7c659 -> 
  custom:AudioImporter_EditorPlatform: d09bf68614088b80899f8185d706f6e7 -> 
  custom:scripting/monoscript/fileName/Cube.cs: c3f6b4862c91a0182d5e14a1ddeb8a06 -> 1e2bad7c218970a055fec33866548983
  custom:scripting/monoscript/fileName/CubeSpawner.cs: d34e3497e39b17fe77f76726270f8e44 -> 
  custom:video-encoder-webm-vp8: eb34c28f22e8b96e1ab97ce403110664 -> 
  custom:audio-decoder-ogg-vorbis: bf7c407c2cedff20999df2af8eb42d56 -> 
  custom:scripting/monoscript/fileName/TransparencyChanger.cs: 337ebccdf974de34744ebc700fc86598 -> 346eaf3f3b1de1a18cd8b4e2321d4487
  custom:audio-encoder-webm-vorbis: bf7c407c2cedff20999df2af8eb42d56 -> 
  custom:scripting/precompiled-assembly-types:Assembly-CSharp: e912ec148146226ac50874c5acd682a5 -> e480a03165d01833ca99ad568e1bb9c9
========================================================================
Received Import Request.
  Time since last request: 5.774160 seconds.
  path: Assets/Prefabs/Bomb.prefab
  artifactKey: Guid(9f870993636fea04ab30eb529e2e5d79) Importer(815301076,1909f56bfc062723c751e8b465ee728b)
Start importing Assets/Prefabs/Bomb.prefab using Guid(9f870993636fea04ab30eb529e2e5d79) Importer(815301076,1909f56bfc062723c751e8b465ee728b) [PhysX] Initialized MultithreadedTaskDispatcher with 8 workers.
 -> (artifact id: '33f8ad6098ff1a69fea4bd307c1a7e05') in 0.003975 seconds
Number of updated asset objects reloaded before import = 0
Number of asset objects unloaded after import = 0
========================================================================
Received Import Request.
  Time since last request: 0.000034 seconds.
  path: Assets/Prefabs/Cube.prefab
  artifactKey: Guid(93350987874cadf418c07ca3543c067f) Importer(815301076,1909f56bfc062723c751e8b465ee728b)
Start importing Assets/Prefabs/Cube.prefab using Guid(93350987874cadf418c07ca3543c067f) Importer(815301076,1909f56bfc062723c751e8b465ee728b) [PhysX] Initialized MultithreadedTaskDispatcher with 8 workers.
 -> (artifact id: '823d2838166e162459828dcb7bec3ee2') in 0.000858 seconds
Number of updated asset objects reloaded before import = 0
Number of asset objects unloaded after import = 0
========================================================================
Received Import Request.
  Time since last request: 56.398715 seconds.
  path: Assets/Prefabs/Cube.prefab
  artifactKey: Guid(93350987874cadf418c07ca3543c067f) Importer(815301076,1909f56bfc062723c751e8b465ee728b)
Start importing Assets/Prefabs/Cube.prefab using Guid(93350987874cadf418c07ca3543c067f) Importer(815301076,1909f56bfc062723c751e8b465ee728b) [PhysX] Initialized MultithreadedTaskDispatcher with 8 workers.
 -> (artifact id: '823d2838166e162459828dcb7bec3ee2') in 0.000732 seconds
Number of updated asset objects reloaded before import = 0
Number of asset objects unloaded after import = 0
========================================================================
Received Prepare
Caller must complete domain reload
Begin MonoManager ReloadAssembly
- Loaded All Assemblies, in  0.573 seconds
Native extension for WindowsStandalone target not found
Mono: successfully reloaded assembly
- Finished resetting the current domain, in  0.967 seconds
Domain Reload Profiling: 1539ms
	BeginReloadAssembly (179ms)
		ExecutionOrderSort (0ms)
		DisableScriptedObjects (8ms)
		BackupInstance (0ms)
		ReleaseScriptingObjects (0ms)
		CreateAndSetChildDomain (35ms)
	RebuildCommonClasses (38ms)
	RebuildNativeTypeToScriptingClass (13ms)
	initialDomainReloadingComplete (33ms)
	LoadAllAssembliesAndSetupDomain (309ms)
		LoadAssemblies (383ms)
		RebuildTransferFunctionScriptingTraits (0ms)
		AnalyzeDomain (28ms)
			TypeCache.Refresh (12ms)
				TypeCache.ScanAssembly (1ms)
			ScanForSourceGeneratedMonoScriptInfo (8ms)
			ResolveRequiredComponents (7ms)
	FinalizeReload (967ms)
		ReleaseScriptCaches (0ms)
		RebuildScriptCaches (0ms)
		SetupLoadedEditorAssemblies (499ms)
			LogAssemblyErrors (0ms)
			InitializePlatformSupportModulesInManaged (7ms)
			SetLoadedEditorAssemblies (4ms)
			RefreshPlugins (0ms)
			BeforeProcessingInitializeOnLoad (76ms)
			ProcessInitializeOnLoadAttributes (379ms)
			ProcessInitializeOnLoadMethodAttributes (29ms)
			AfterProcessingInitializeOnLoad (4ms)
			EditorAssembliesLoaded (0ms)
		ExecutionOrderSort2 (0ms)
		AwakeInstancesAfterBackupRestoration (10ms)
Refreshing native plugins compatible for Editor in 2.23 ms, found 3 plugins.
Preloading 0 native plugins for Editor in 0.00 ms.
Unloading 3152 Unused Serialized files (Serialized files now loaded: 0)
Unloading 27 unused Assets / (0.7 MB). Loaded Objects now: 3868.
Memory consumption went from 122.1 MB to 121.4 MB.
Total: 4.704200 ms (FindLiveObjects: 0.312300 ms CreateObjectMapping: 0.243800 ms MarkObjects: 3.653700 ms  DeleteObjects: 0.493300 ms)

Prepare: number of updated asset objects reloaded= 0
AssetImportParameters requested are different than current active one (requested -> active):
  custom:scripting/monoscript/fileName/CubeCounter.cs: 1c02473fa3597d63aaa8ec5e4a4b8699 -> 
  custom:scripting/monoscript/fileName/Spawner.cs: dfbd8e0bda67e8bd0e84e508fc63ee86 -> 7de732fab2c49f3068a483eb669d8d17
  custom:container-demuxer-ogg: 62fdf1f143b41e24485cea50d1cbac27 -> 
  custom:scripting/monoscript/fileName/CountViewer.cs: 5b5fea9e465e7d9fdd04fadee9b9b677 -> 
  custom:video-decoder-ogg-theora: a1e56fd34408186e4bbccfd4996cb3dc -> 
  custom:scripting/monoscript/fileName/BombCountViewer.cs: efd60ab29832b6530022c7f6ee2b3d0c -> 
  custom:framework-win-MediaFoundation: 216162199b28c13a410421893ffa2e32 -> 
  custom:scripting/monoscript/fileName/CubeCountViewer.cs: 8d0efee5ac15e029c13a064c2d0fd576 -> 
  custom:scripting/monoscript/fileName/BombCounter.cs: bb1fd1d8635a2e61c2697811c886f511 -> 
  custom:scripting/monoscript/fileName/BombSpawner.cs: 211b1e4229560b0e0ed20ed122fb08dd -> 
  custom:scripting/monoscript/fileName/ColorChanger.cs: d31a0d7fb05c5d47ec43ba26017e80fc -> f6c371260d842df543789961567bd0a7
  custom:scripting/monoscript/fileName/Bomb.cs: bfd944eb6528774f7c1cc3d00ac64a63 -> 62fbfe76f5286165743d61555377be05
  custom:scripting/monoscript/fileName/PoolableObject.cs: 8d092a881df5fcdfaf09232738ef1b42 -> 
  custom:CustomObjectIndexerAttribute: 9a22284fe3817be447336de3de66b15e -> 
  custom:scripting/monoscript/fileName/Exploder.cs: 9b0152466039c1b0e2a05b2b202f333e -> e17c7e89857fc4f731933d24c8502a85
  custom:scripting/monoscript/fileName/Platform.cs: 9ea6822636207a672fe419a3f121e641 -> 2a197b573da14efe1ad853123be22cde
  custom:container-demuxer-webm: 4f35f7cbe854078d1ac9338744f61a02 -> 
  custom:container-muxer-webm: aa71ff27fc2769a1b78a27578f13a17b -> 
  custom:scripting/monoscript/fileName/Counter.cs: 0e0e68470eee3375c49f0a09fa843699 -> 
  custom:video-decoder-webm-vp8: 9c59270c3fd7afecdb556c50c9e8de78 -> 
  custom:SearchIndexIgnoredProperties: e643bd26f0fe6173181afceb89e7c659 -> 
  custom:AudioImporter_EditorPlatform: d09bf68614088b80899f8185d706f6e7 -> 
  custom:scripting/monoscript/fileName/Cube.cs: c3f6b4862c91a0182d5e14a1ddeb8a06 -> 1e2bad7c218970a055fec33866548983
  custom:scripting/monoscript/fileName/CubeSpawner.cs: d34e3497e39b17fe77f76726270f8e44 -> 
  custom:video-encoder-webm-vp8: eb34c28f22e8b96e1ab97ce403110664 -> 
  custom:audio-decoder-ogg-vorbis: bf7c407c2cedff20999df2af8eb42d56 -> 
  custom:scripting/monoscript/fileName/TransparencyChanger.cs: 337ebccdf974de34744ebc700fc86598 -> 346eaf3f3b1de1a18cd8b4e2321d4487
  custom:audio-encoder-webm-vorbis: bf7c407c2cedff20999df2af8eb42d56 -> 
  custom:scripting/precompiled-assembly-types:Assembly-CSharp: e912ec148146226ac50874c5acd682a5 -> e480a03165d01833ca99ad568e1bb9c9
========================================================================
Received Prepare
Caller must complete domain reload
Begin MonoManager ReloadAssembly
- Loaded All Assemblies, in  0.486 seconds
Native extension for WindowsStandalone target not found
Mono: successfully reloaded assembly
- Finished resetting the current domain, in  0.997 seconds
Domain Reload Profiling: 1483ms
	BeginReloadAssembly (179ms)
		ExecutionOrderSort (0ms)
		DisableScriptedObjects (6ms)
		BackupInstance (0ms)
		ReleaseScriptingObjects (0ms)
		CreateAndSetChildDomain (32ms)
	RebuildCommonClasses (42ms)
	RebuildNativeTypeToScriptingClass (20ms)
	initialDomainReloadingComplete (34ms)
	LoadAllAssembliesAndSetupDomain (210ms)
		LoadAssemblies (300ms)
		RebuildTransferFunctionScriptingTraits (0ms)
		AnalyzeDomain (17ms)
			TypeCache.Refresh (6ms)
				TypeCache.ScanAssembly (0ms)
			ScanForSourceGeneratedMonoScriptInfo (0ms)
			ResolveRequiredComponents (9ms)
	FinalizeReload (998ms)
		ReleaseScriptCaches (0ms)
		RebuildScriptCaches (0ms)
		SetupLoadedEditorAssemblies (525ms)
			LogAssemblyErrors (0ms)
			InitializePlatformSupportModulesInManaged (6ms)
			SetLoadedEditorAssemblies (3ms)
			RefreshPlugins (0ms)
			BeforeProcessingInitializeOnLoad (72ms)
			ProcessInitializeOnLoadAttributes (412ms)
			ProcessInitializeOnLoadMethodAttributes (27ms)
			AfterProcessingInitializeOnLoad (5ms)
			EditorAssembliesLoaded (0ms)
		ExecutionOrderSort2 (0ms)
		AwakeInstancesAfterBackupRestoration (10ms)
Refreshing native plugins compatible for Editor in 2.81 ms, found 3 plugins.
Preloading 0 native plugins for Editor in 0.00 ms.
Unloading 3153 Unused Serialized files (Serialized files now loaded: 0)
Unloading 27 unused Assets / (0.7 MB). Loaded Objects now: 3871.
Memory consumption went from 122.4 MB to 121.7 MB.
Total: 5.491000 ms (FindLiveObjects: 0.297400 ms CreateObjectMapping: 0.217900 ms MarkObjects: 4.599100 ms  DeleteObjects: 0.375600 ms)

Prepare: number of updated asset objects reloaded= 0
AssetImportParameters requested are different than current active one (requested -> active):
  custom:scripting/monoscript/fileName/CubeCounter.cs: 1c02473fa3597d63aaa8ec5e4a4b8699 -> 
  custom:scripting/monoscript/fileName/Spawner.cs: dfbd8e0bda67e8bd0e84e508fc63ee86 -> 7de732fab2c49f3068a483eb669d8d17
  custom:container-demuxer-ogg: 62fdf1f143b41e24485cea50d1cbac27 -> 
  custom:scripting/monoscript/fileName/CountViewer.cs: 5b5fea9e465e7d9fdd04fadee9b9b677 -> 
  custom:video-decoder-ogg-theora: a1e56fd34408186e4bbccfd4996cb3dc -> 
  custom:scripting/monoscript/fileName/BombCountViewer.cs: efd60ab29832b6530022c7f6ee2b3d0c -> 
  custom:framework-win-MediaFoundation: 216162199b28c13a410421893ffa2e32 -> 
  custom:scripting/monoscript/fileName/CubeCountViewer.cs: 8d0efee5ac15e029c13a064c2d0fd576 -> 
  custom:scripting/monoscript/fileName/BombCounter.cs: bb1fd1d8635a2e61c2697811c886f511 -> 
  custom:scripting/monoscript/fileName/BombSpawner.cs: 211b1e4229560b0e0ed20ed122fb08dd -> 
  custom:scripting/monoscript/fileName/ColorChanger.cs: d31a0d7fb05c5d47ec43ba26017e80fc -> f6c371260d842df543789961567bd0a7
  custom:scripting/monoscript/fileName/Bomb.cs: bfd944eb6528774f7c1cc3d00ac64a63 -> 62fbfe76f5286165743d61555377be05
  custom:scripting/monoscript/fileName/PoolableObject.cs: 8d092a881df5fcdfaf09232738ef1b42 -> 
  custom:CustomObjectIndexerAttribute: 9a22284fe3817be447336de3de66b15e -> 
  custom:scripting/monoscript/fileName/Exploder.cs: 9b0152466039c1b0e2a05b2b202f333e -> e17c7e89857fc4f731933d24c8502a85
  custom:scripting/monoscript/fileName/Platform.cs: 9ea6822636207a672fe419a3f121e641 -> 2a197b573da14efe1ad853123be22cde
  custom:container-demuxer-webm: 4f35f7cbe854078d1ac9338744f61a02 -> 
  custom:container-muxer-webm: aa71ff27fc2769a1b78a27578f13a17b -> 
  custom:scripting/monoscript/fileName/Counter.cs: 0e0e68470eee3375c49f0a09fa843699 -> 
  custom:video-decoder-webm-vp8: 9c59270c3fd7afecdb556c50c9e8de78 -> 
  custom:SearchIndexIgnoredProperties: e643bd26f0fe6173181afceb89e7c659 -> 
  custom:AudioImporter_EditorPlatform: d09bf68614088b80899f8185d706f6e7 -> 
  custom:scripting/monoscript/fileName/Cube.cs: c3f6b4862c91a0182d5e14a1ddeb8a06 -> 1e2bad7c218970a055fec33866548983
  custom:scripting/monoscript/fileName/CubeSpawner.cs: d34e3497e39b17fe77f76726270f8e44 -> 
  custom:video-encoder-webm-vp8: eb34c28f22e8b96e1ab97ce403110664 -> 
  custom:audio-decoder-ogg-vorbis: bf7c407c2cedff20999df2af8eb42d56 -> 
  custom:scripting/monoscript/fileName/TransparencyChanger.cs: 337ebccdf974de34744ebc700fc86598 -> 346eaf3f3b1de1a18cd8b4e2321d4487
  custom:audio-encoder-webm-vorbis: bf7c407c2cedff20999df2af8eb42d56 -> 
  custom:scripting/precompiled-assembly-types:Assembly-CSharp: e912ec148146226ac50874c5acd682a5 -> e480a03165d01833ca99ad568e1bb9c9
========================================================================
Received Import Request.
  Time since last request: 210.797685 seconds.
  path: Assets/Prefabs/Cube.prefab
  artifactKey: Guid(93350987874cadf418c07ca3543c067f) Importer(815301076,1909f56bfc062723c751e8b465ee728b)
Start importing Assets/Prefabs/Cube.prefab using Guid(93350987874cadf418c07ca3543c067f) Importer(815301076,1909f56bfc062723c751e8b465ee728b) [PhysX] Initialized MultithreadedTaskDispatcher with 8 workers.
 -> (artifact id: '823d2838166e162459828dcb7bec3ee2') in 0.002543 seconds
Number of updated asset objects reloaded before import = 0
Number of asset objects unloaded after import = 0
========================================================================
Received Prepare
Caller must complete domain reload
Begin MonoManager ReloadAssembly
- Loaded All Assemblies, in  0.656 seconds
Native extension for WindowsStandalone target not found
Mono: successfully reloaded assembly
- Finished resetting the current domain, in  1.104 seconds
Domain Reload Profiling: 1759ms
	BeginReloadAssembly (199ms)
		ExecutionOrderSort (0ms)
		DisableScriptedObjects (6ms)
		BackupInstance (0ms)
		ReleaseScriptingObjects (0ms)
		CreateAndSetChildDomain (37ms)
	RebuildCommonClasses (56ms)
	RebuildNativeTypeToScriptingClass (21ms)
	initialDomainReloadingComplete (40ms)
	LoadAllAssembliesAndSetupDomain (340ms)
		LoadAssemblies (429ms)
		RebuildTransferFunctionScriptingTraits (0ms)
		AnalyzeDomain (34ms)
			TypeCache.Refresh (12ms)
				TypeCache.ScanAssembly (1ms)
			ScanForSourceGeneratedMonoScriptInfo (13ms)
			ResolveRequiredComponents (8ms)
	FinalizeReload (1105ms)
		ReleaseScriptCaches (0ms)
		RebuildScriptCaches (0ms)
		SetupLoadedEditorAssemblies (560ms)
			LogAssemblyErrors (0ms)
			InitializePlatformSupportModulesInManaged (9ms)
			SetLoadedEditorAssemblies (7ms)
			RefreshPlugins (0ms)
			BeforeProcessingInitializeOnLoad (73ms)
			ProcessInitializeOnLoadAttributes (435ms)
			ProcessInitializeOnLoadMethodAttributes (32ms)
			AfterProcessingInitializeOnLoad (4ms)
			EditorAssembliesLoaded (0ms)
		ExecutionOrderSort2 (0ms)
		AwakeInstancesAfterBackupRestoration (11ms)
Refreshing native plugins compatible for Editor in 3.91 ms, found 3 plugins.
Preloading 0 native plugins for Editor in 0.00 ms.
Unloading 3152 Unused Serialized files (Serialized files now loaded: 0)
Unloading 27 unused Assets / (0.7 MB). Loaded Objects now: 3874.
Memory consumption went from 122.1 MB to 121.4 MB.
Total: 5.669100 ms (FindLiveObjects: 0.455800 ms CreateObjectMapping: 0.306100 ms MarkObjects: 4.195700 ms  DeleteObjects: 0.710000 ms)

Prepare: number of updated asset objects reloaded= 0
AssetImportParameters requested are different than current active one (requested -> active):
  custom:scripting/monoscript/fileName/CubeCounter.cs: 1c02473fa3597d63aaa8ec5e4a4b8699 -> 
  custom:scripting/monoscript/fileName/Spawner.cs: dfbd8e0bda67e8bd0e84e508fc63ee86 -> 7de732fab2c49f3068a483eb669d8d17
  custom:container-demuxer-ogg: 62fdf1f143b41e24485cea50d1cbac27 -> 
  custom:scripting/monoscript/fileName/CountViewer.cs: 5b5fea9e465e7d9fdd04fadee9b9b677 -> 
  custom:video-decoder-ogg-theora: a1e56fd34408186e4bbccfd4996cb3dc -> 
  custom:scripting/monoscript/fileName/BombCountViewer.cs: efd60ab29832b6530022c7f6ee2b3d0c -> 
  custom:framework-win-MediaFoundation: 216162199b28c13a410421893ffa2e32 -> 
  custom:scripting/monoscript/fileName/CubeCountViewer.cs: 8d0efee5ac15e029c13a064c2d0fd576 -> 
  custom:scripting/monoscript/fileName/BombCounter.cs: bb1fd1d8635a2e61c2697811c886f511 -> 
  custom:scripting/monoscript/fileName/BombSpawner.cs: 211b1e4229560b0e0ed20ed122fb08dd -> 
  custom:scripting/monoscript/fileName/ColorChanger.cs: d31a0d7fb05c5d47ec43ba26017e80fc -> f6c371260d842df543789961567bd0a7
  custom:scripting/monoscript/fileName/Bomb.cs: bfd944eb6528774f7c1cc3d00ac64a63 -> 62fbfe76f5286165743d61555377be05
  custom:scripting/monoscript/fileName/PoolableObject.cs: 8d092a881df5fcdfaf09232738ef1b42 -> 
  custom:CustomObjectIndexerAttribute: 9a22284fe3817be447336de3de66b15e -> 
  custom:scripting/monoscript/fileName/Exploder.cs: 9b0152466039c1b0e2a05b2b202f333e -> e17c7e89857fc4f731933d24c8502a85
  custom:scripting/monoscript/fileName/Platform.cs: 9ea6822636207a672fe419a3f121e641 -> 2a197b573da14efe1ad853123be22cde
  custom:container-demuxer-webm: 4f35f7cbe854078d1ac9338744f61a02 -> 
  custom:container-muxer-webm: aa71ff27fc2769a1b78a27578f13a17b -> 
  custom:scripting/monoscript/fileName/Counter.cs: 0e0e68470eee3375c49f0a09fa843699 -> 
  custom:video-decoder-webm-vp8: 9c59270c3fd7afecdb556c50c9e8de78 -> 
  custom:SearchIndexIgnoredProperties: e643bd26f0fe6173181afceb89e7c659 -> 
  custom:AudioImporter_EditorPlatform: d09bf68614088b80899f8185d706f6e7 -> 
  custom:scripting/monoscript/fileName/Cube.cs: c3f6b4862c91a0182d5e14a1ddeb8a06 -> 1e2bad7c218970a055fec33866548983
  custom:scripting/monoscript/fileName/CubeSpawner.cs: d34e3497e39b17fe77f76726270f8e44 -> 
  custom:video-encoder-webm-vp8: eb34c28f22e8b96e1ab97ce403110664 -> 
  custom:audio-decoder-ogg-vorbis: bf7c407c2cedff20999df2af8eb42d56 -> 
  custom:scripting/monoscript/fileName/TransparencyChanger.cs: 337ebccdf974de34744ebc700fc86598 -> 346eaf3f3b1de1a18cd8b4e2321d4487
  custom:audio-encoder-webm-vorbis: bf7c407c2cedff20999df2af8eb42d56 -> 
  custom:scripting/precompiled-assembly-types:Assembly-CSharp: e912ec148146226ac50874c5acd682a5 -> e480a03165d01833ca99ad568e1bb9c9
========================================================================
Received Import Request.
  Time since last request: 6.022221 seconds.
  path: Assets/Prefabs/Bomb.prefab
  artifactKey: Guid(9f870993636fea04ab30eb529e2e5d79) Importer(815301076,1909f56bfc062723c751e8b465ee728b)
Start importing Assets/Prefabs/Bomb.prefab using Guid(9f870993636fea04ab30eb529e2e5d79) Importer(815301076,1909f56bfc062723c751e8b465ee728b) [PhysX] Initialized MultithreadedTaskDispatcher with 8 workers.
 -> (artifact id: '33f8ad6098ff1a69fea4bd307c1a7e05') in 0.003328 seconds
Number of updated asset objects reloaded before import = 0
Number of asset objects unloaded after import = 0
========================================================================
Received Import Request.
  Time since last request: 24.243260 seconds.
  path: Assets/Prefabs/Cube.prefab
  artifactKey: Guid(93350987874cadf418c07ca3543c067f) Importer(815301076,1909f56bfc062723c751e8b465ee728b)
Start importing Assets/Prefabs/Cube.prefab using Guid(93350987874cadf418c07ca3543c067f) Importer(815301076,1909f56bfc062723c751e8b465ee728b) [PhysX] Initialized MultithreadedTaskDispatcher with 8 workers.
 -> (artifact id: '823d2838166e162459828dcb7bec3ee2') in 0.000681 seconds
Number of updated asset objects reloaded before import = 0
Number of asset objects unloaded after import = 0
========================================================================
Received Prepare
Caller must complete domain reload
Begin MonoManager ReloadAssembly
- Loaded All Assemblies, in  0.500 seconds
Native extension for WindowsStandalone target not found
Mono: successfully reloaded assembly
- Finished resetting the current domain, in  1.084 seconds
Domain Reload Profiling: 1583ms
	BeginReloadAssembly (183ms)
		ExecutionOrderSort (0ms)
		DisableScriptedObjects (8ms)
		BackupInstance (0ms)
		ReleaseScriptingObjects (0ms)
		CreateAndSetChildDomain (38ms)
	RebuildCommonClasses (36ms)
	RebuildNativeTypeToScriptingClass (21ms)
	initialDomainReloadingComplete (35ms)
	LoadAllAssembliesAndSetupDomain (223ms)
		LoadAssemblies (297ms)
		RebuildTransferFunctionScriptingTraits (0ms)
		AnalyzeDomain (30ms)
			TypeCache.Refresh (11ms)
				TypeCache.ScanAssembly (1ms)
			ScanForSourceGeneratedMonoScriptInfo (11ms)
			ResolveRequiredComponents (7ms)
	FinalizeReload (1084ms)
		ReleaseScriptCaches (0ms)
		RebuildScriptCaches (0ms)
		SetupLoadedEditorAssemblies (565ms)
			LogAssemblyErrors (0ms)
			InitializePlatformSupportModulesInManaged (6ms)
			SetLoadedEditorAssemblies (5ms)
			RefreshPlugins (0ms)
			BeforeProcessingInitializeOnLoad (79ms)
			ProcessInitializeOnLoadAttributes (442ms)
			ProcessInitializeOnLoadMethodAttributes (30ms)
			AfterProcessingInitializeOnLoad (4ms)
			EditorAssembliesLoaded (0ms)
		ExecutionOrderSort2 (0ms)
		AwakeInstancesAfterBackupRestoration (9ms)
Refreshing native plugins compatible for Editor in 3.09 ms, found 3 plugins.
Preloading 0 native plugins for Editor in 0.00 ms.
Unloading 3152 Unused Serialized files (Serialized files now loaded: 0)
Unloading 27 unused Assets / (0.7 MB). Loaded Objects now: 3877.
Memory consumption went from 122.1 MB to 121.4 MB.
Total: 4.623700 ms (FindLiveObjects: 0.324700 ms CreateObjectMapping: 0.266100 ms MarkObjects: 3.532400 ms  DeleteObjects: 0.499100 ms)

Prepare: number of updated asset objects reloaded= 0
AssetImportParameters requested are different than current active one (requested -> active):
  custom:scripting/monoscript/fileName/CubeCounter.cs: 1c02473fa3597d63aaa8ec5e4a4b8699 -> 
  custom:scripting/monoscript/fileName/Spawner.cs: dfbd8e0bda67e8bd0e84e508fc63ee86 -> 7de732fab2c49f3068a483eb669d8d17
  custom:container-demuxer-ogg: 62fdf1f143b41e24485cea50d1cbac27 -> 
  custom:scripting/monoscript/fileName/CountViewer.cs: 5b5fea9e465e7d9fdd04fadee9b9b677 -> 
  custom:video-decoder-ogg-theora: a1e56fd34408186e4bbccfd4996cb3dc -> 
  custom:scripting/monoscript/fileName/BombCountViewer.cs: efd60ab29832b6530022c7f6ee2b3d0c -> 
  custom:framework-win-MediaFoundation: 216162199b28c13a410421893ffa2e32 -> 
  custom:scripting/monoscript/fileName/CubeCountViewer.cs: 8d0efee5ac15e029c13a064c2d0fd576 -> 
  custom:scripting/monoscript/fileName/BombCounter.cs: bb1fd1d8635a2e61c2697811c886f511 -> 
  custom:scripting/monoscript/fileName/BombSpawner.cs: 211b1e4229560b0e0ed20ed122fb08dd -> 
  custom:scripting/monoscript/fileName/ColorChanger.cs: d31a0d7fb05c5d47ec43ba26017e80fc -> f6c371260d842df543789961567bd0a7
  custom:scripting/monoscript/fileName/Bomb.cs: bfd944eb6528774f7c1cc3d00ac64a63 -> 62fbfe76f5286165743d61555377be05
  custom:scripting/monoscript/fileName/PoolableObject.cs: 8d092a881df5fcdfaf09232738ef1b42 -> 
  custom:CustomObjectIndexerAttribute: 9a22284fe3817be447336de3de66b15e -> 
  custom:scripting/monoscript/fileName/Exploder.cs: 9b0152466039c1b0e2a05b2b202f333e -> e17c7e89857fc4f731933d24c8502a85
  custom:scripting/monoscript/fileName/Platform.cs: 9ea6822636207a672fe419a3f121e641 -> 2a197b573da14efe1ad853123be22cde
  custom:container-demuxer-webm: 4f35f7cbe854078d1ac9338744f61a02 -> 
  custom:container-muxer-webm: aa71ff27fc2769a1b78a27578f13a17b -> 
  custom:scripting/monoscript/fileName/Counter.cs: 0e0e68470eee3375c49f0a09fa843699 -> 
  custom:video-decoder-webm-vp8: 9c59270c3fd7afecdb556c50c9e8de78 -> 
  custom:SearchIndexIgnoredProperties: e643bd26f0fe6173181afceb89e7c659 -> 
  custom:AudioImporter_EditorPlatform: d09bf68614088b80899f8185d706f6e7 -> 
  custom:scripting/monoscript/fileName/Cube.cs: c3f6b4862c91a0182d5e14a1ddeb8a06 -> 1e2bad7c218970a055fec33866548983
  custom:scripting/monoscript/fileName/CubeSpawner.cs: d34e3497e39b17fe77f76726270f8e44 -> 
  custom:video-encoder-webm-vp8: eb34c28f22e8b96e1ab97ce403110664 -> 
  custom:audio-decoder-ogg-vorbis: bf7c407c2cedff20999df2af8eb42d56 -> 
  custom:scripting/monoscript/fileName/TransparencyChanger.cs: 337ebccdf974de34744ebc700fc86598 -> 346eaf3f3b1de1a18cd8b4e2321d4487
  custom:audio-encoder-webm-vorbis: bf7c407c2cedff20999df2af8eb42d56 -> 
  custom:scripting/precompiled-assembly-types:Assembly-CSharp: e912ec148146226ac50874c5acd682a5 -> e480a03165d01833ca99ad568e1bb9c9
========================================================================
Received Import Request.
  Time since last request: 111.499989 seconds.
  path: Assets/Prefabs/Cube.prefab
  artifactKey: Guid(93350987874cadf418c07ca3543c067f) Importer(815301076,1909f56bfc062723c751e8b465ee728b)
Start importing Assets/Prefabs/Cube.prefab using Guid(93350987874cadf418c07ca3543c067f) Importer(815301076,1909f56bfc062723c751e8b465ee728b) [PhysX] Initialized MultithreadedTaskDispatcher with 8 workers.
 -> (artifact id: '823d2838166e162459828dcb7bec3ee2') in 0.002997 seconds
Number of updated asset objects reloaded before import = 0
Number of asset objects unloaded after import = 0
========================================================================
Received Prepare
Caller must complete domain reload
Begin MonoManager ReloadAssembly
- Loaded All Assemblies, in  0.464 seconds
Native extension for WindowsStandalone target not found
Mono: successfully reloaded assembly
- Finished resetting the current domain, in  1.021 seconds
Domain Reload Profiling: 1485ms
	BeginReloadAssembly (163ms)
		ExecutionOrderSort (0ms)
		DisableScriptedObjects (8ms)
		BackupInstance (0ms)
		ReleaseScriptingObjects (0ms)
		CreateAndSetChildDomain (31ms)
	RebuildCommonClasses (39ms)
	RebuildNativeTypeToScriptingClass (13ms)
	initialDomainReloadingComplete (30ms)
	LoadAllAssembliesAndSetupDomain (218ms)
		LoadAssemblies (276ms)
		RebuildTransferFunctionScriptingTraits (0ms)
		AnalyzeDomain (31ms)
			TypeCache.Refresh (11ms)
				TypeCache.ScanAssembly (0ms)
			ScanForSourceGeneratedMonoScriptInfo (10ms)
			ResolveRequiredComponents (9ms)
	FinalizeReload (1022ms)
		ReleaseScriptCaches (0ms)
		RebuildScriptCaches (0ms)
		SetupLoadedEditorAssemblies (504ms)
			LogAssemblyErrors (0ms)
			InitializePlatformSupportModulesInManaged (7ms)
			SetLoadedEditorAssemblies (4ms)
			RefreshPlugins (0ms)
			BeforeProcessingInitializeOnLoad (87ms)
			ProcessInitializeOnLoadAttributes (375ms)
			ProcessInitializeOnLoadMethodAttributes (29ms)
			AfterProcessingInitializeOnLoad (3ms)
			EditorAssembliesLoaded (0ms)
		ExecutionOrderSort2 (0ms)
		AwakeInstancesAfterBackupRestoration (9ms)
Refreshing native plugins compatible for Editor in 2.51 ms, found 3 plugins.
Preloading 0 native plugins for Editor in 0.00 ms.
Unloading 3152 Unused Serialized files (Serialized files now loaded: 0)
Unloading 27 unused Assets / (0.7 MB). Loaded Objects now: 3880.
Memory consumption went from 122.1 MB to 121.4 MB.
Total: 4.795200 ms (FindLiveObjects: 0.292000 ms CreateObjectMapping: 0.267600 ms MarkObjects: 3.823300 ms  DeleteObjects: 0.411200 ms)

Prepare: number of updated asset objects reloaded= 0
AssetImportParameters requested are different than current active one (requested -> active):
  custom:scripting/monoscript/fileName/CubeCounter.cs: 1c02473fa3597d63aaa8ec5e4a4b8699 -> 
  custom:scripting/monoscript/fileName/Spawner.cs: dfbd8e0bda67e8bd0e84e508fc63ee86 -> 7de732fab2c49f3068a483eb669d8d17
  custom:container-demuxer-ogg: 62fdf1f143b41e24485cea50d1cbac27 -> 
  custom:scripting/monoscript/fileName/CountViewer.cs: 5b5fea9e465e7d9fdd04fadee9b9b677 -> 
  custom:video-decoder-ogg-theora: a1e56fd34408186e4bbccfd4996cb3dc -> 
  custom:scripting/monoscript/fileName/BombCountViewer.cs: efd60ab29832b6530022c7f6ee2b3d0c -> 
  custom:framework-win-MediaFoundation: 216162199b28c13a410421893ffa2e32 -> 
  custom:scripting/monoscript/fileName/CubeCountViewer.cs: 8d0efee5ac15e029c13a064c2d0fd576 -> 
  custom:scripting/monoscript/fileName/BombCounter.cs: bb1fd1d8635a2e61c2697811c886f511 -> 
  custom:scripting/monoscript/fileName/BombSpawner.cs: 211b1e4229560b0e0ed20ed122fb08dd -> 
  custom:scripting/monoscript/fileName/ColorChanger.cs: d31a0d7fb05c5d47ec43ba26017e80fc -> f6c371260d842df543789961567bd0a7
  custom:scripting/monoscript/fileName/Bomb.cs: bfd944eb6528774f7c1cc3d00ac64a63 -> 62fbfe76f5286165743d61555377be05
  custom:scripting/monoscript/fileName/PoolableObject.cs: 8d092a881df5fcdfaf09232738ef1b42 -> 
  custom:CustomObjectIndexerAttribute: 9a22284fe3817be447336de3de66b15e -> 
  custom:scripting/monoscript/fileName/Exploder.cs: 9b0152466039c1b0e2a05b2b202f333e -> e17c7e89857fc4f731933d24c8502a85
  custom:scripting/monoscript/fileName/Platform.cs: 9ea6822636207a672fe419a3f121e641 -> 2a197b573da14efe1ad853123be22cde
  custom:container-demuxer-webm: 4f35f7cbe854078d1ac9338744f61a02 -> 
  custom:container-muxer-webm: aa71ff27fc2769a1b78a27578f13a17b -> 
  custom:scripting/monoscript/fileName/Counter.cs: 0e0e68470eee3375c49f0a09fa843699 -> 
  custom:video-decoder-webm-vp8: 9c59270c3fd7afecdb556c50c9e8de78 -> 
  custom:SearchIndexIgnoredProperties: e643bd26f0fe6173181afceb89e7c659 -> 
  custom:AudioImporter_EditorPlatform: d09bf68614088b80899f8185d706f6e7 -> 
  custom:scripting/monoscript/fileName/Cube.cs: c3f6b4862c91a0182d5e14a1ddeb8a06 -> 1e2bad7c218970a055fec33866548983
  custom:scripting/monoscript/fileName/CubeSpawner.cs: d34e3497e39b17fe77f76726270f8e44 -> 
  custom:video-encoder-webm-vp8: eb34c28f22e8b96e1ab97ce403110664 -> 
  custom:audio-decoder-ogg-vorbis: bf7c407c2cedff20999df2af8eb42d56 -> 
  custom:scripting/monoscript/fileName/TransparencyChanger.cs: 337ebccdf974de34744ebc700fc86598 -> 346eaf3f3b1de1a18cd8b4e2321d4487
  custom:audio-encoder-webm-vorbis: bf7c407c2cedff20999df2af8eb42d56 -> 
  custom:scripting/precompiled-assembly-types:Assembly-CSharp: e912ec148146226ac50874c5acd682a5 -> e480a03165d01833ca99ad568e1bb9c9
========================================================================
Received Import Request.
  Time since last request: 5.331567 seconds.
  path: Assets/Prefabs/Cube.prefab
  artifactKey: Guid(93350987874cadf418c07ca3543c067f) Importer(815301076,1909f56bfc062723c751e8b465ee728b)
Start importing Assets/Prefabs/Cube.prefab using Guid(93350987874cadf418c07ca3543c067f) Importer(815301076,1909f56bfc062723c751e8b465ee728b) [PhysX] Initialized MultithreadedTaskDispatcher with 8 workers.
 -> (artifact id: '823d2838166e162459828dcb7bec3ee2') in 0.002471 seconds
Number of updated asset objects reloaded before import = 0
Number of asset objects unloaded after import = 0
========================================================================
Received Import Request.
  Time since last request: 25.056168 seconds.
  path: Assets/Prefabs/Cube.prefab
  artifactKey: Guid(93350987874cadf418c07ca3543c067f) Importer(815301076,1909f56bfc062723c751e8b465ee728b)
Start importing Assets/Prefabs/Cube.prefab using Guid(93350987874cadf418c07ca3543c067f) Importer(815301076,1909f56bfc062723c751e8b465ee728b) [PhysX] Initialized MultithreadedTaskDispatcher with 8 workers.
 -> (artifact id: '823d2838166e162459828dcb7bec3ee2') in 0.000661 seconds
Number of updated asset objects reloaded before import = 0
Number of asset objects unloaded after import = 0
========================================================================
Received Prepare
Caller must complete domain reload
Begin MonoManager ReloadAssembly
- Loaded All Assemblies, in  0.519 seconds
Native extension for WindowsStandalone target not found
Mono: successfully reloaded assembly
- Finished resetting the current domain, in  1.098 seconds
Domain Reload Profiling: 1616ms
	BeginReloadAssembly (189ms)
		ExecutionOrderSort (0ms)
		DisableScriptedObjects (6ms)
		BackupInstance (0ms)
		ReleaseScriptingObjects (0ms)
		CreateAndSetChildDomain (35ms)
	RebuildCommonClasses (43ms)
	RebuildNativeTypeToScriptingClass (19ms)
	initialDomainReloadingComplete (31ms)
	LoadAllAssembliesAndSetupDomain (237ms)
		LoadAssemblies (321ms)
		RebuildTransferFunctionScriptingTraits (0ms)
		AnalyzeDomain (32ms)
			TypeCache.Refresh (11ms)
				TypeCache.ScanAssembly (1ms)
			ScanForSourceGeneratedMonoScriptInfo (12ms)
			ResolveRequiredComponents (8ms)
	FinalizeReload (1098ms)
		ReleaseScriptCaches (0ms)
		RebuildScriptCaches (0ms)
		SetupLoadedEditorAssemblies (583ms)
			LogAssemblyErrors (0ms)
			InitializePlatformSupportModulesInManaged (7ms)
			SetLoadedEditorAssemblies (5ms)
			RefreshPlugins (0ms)
			BeforeProcessingInitializeOnLoad (84ms)
			ProcessInitializeOnLoadAttributes (454ms)
			ProcessInitializeOnLoadMethodAttributes (30ms)
			AfterProcessingInitializeOnLoad (3ms)
			EditorAssembliesLoaded (0ms)
		ExecutionOrderSort2 (0ms)
		AwakeInstancesAfterBackupRestoration (9ms)
Refreshing native plugins compatible for Editor in 3.24 ms, found 3 plugins.
Preloading 0 native plugins for Editor in 0.00 ms.
Unloading 3152 Unused Serialized files (Serialized files now loaded: 0)
Unloading 27 unused Assets / (0.7 MB). Loaded Objects now: 3883.
Memory consumption went from 122.2 MB to 121.4 MB.
Total: 4.642500 ms (FindLiveObjects: 0.341900 ms CreateObjectMapping: 0.263400 ms MarkObjects: 3.460300 ms  DeleteObjects: 0.575900 ms)

Prepare: number of updated asset objects reloaded= 0
AssetImportParameters requested are different than current active one (requested -> active):
  custom:scripting/monoscript/fileName/CubeCounter.cs: 1c02473fa3597d63aaa8ec5e4a4b8699 -> 
  custom:scripting/monoscript/fileName/Spawner.cs: dfbd8e0bda67e8bd0e84e508fc63ee86 -> 7de732fab2c49f3068a483eb669d8d17
  custom:container-demuxer-ogg: 62fdf1f143b41e24485cea50d1cbac27 -> 
  custom:scripting/monoscript/fileName/CountViewer.cs: 5b5fea9e465e7d9fdd04fadee9b9b677 -> 
  custom:video-decoder-ogg-theora: a1e56fd34408186e4bbccfd4996cb3dc -> 
  custom:scripting/monoscript/fileName/BombCountViewer.cs: efd60ab29832b6530022c7f6ee2b3d0c -> 
  custom:framework-win-MediaFoundation: 216162199b28c13a410421893ffa2e32 -> 
  custom:scripting/monoscript/fileName/CubeCountViewer.cs: 8d0efee5ac15e029c13a064c2d0fd576 -> 
  custom:scripting/monoscript/fileName/BombCounter.cs: bb1fd1d8635a2e61c2697811c886f511 -> 
  custom:scripting/monoscript/fileName/BombSpawner.cs: 211b1e4229560b0e0ed20ed122fb08dd -> 
  custom:scripting/monoscript/fileName/ColorChanger.cs: d31a0d7fb05c5d47ec43ba26017e80fc -> f6c371260d842df543789961567bd0a7
  custom:scripting/monoscript/fileName/Bomb.cs: bfd944eb6528774f7c1cc3d00ac64a63 -> 62fbfe76f5286165743d61555377be05
  custom:scripting/monoscript/fileName/PoolableObject.cs: 8d092a881df5fcdfaf09232738ef1b42 -> 
  custom:CustomObjectIndexerAttribute: 9a22284fe3817be447336de3de66b15e -> 
  custom:scripting/monoscript/fileName/Exploder.cs: 9b0152466039c1b0e2a05b2b202f333e -> e17c7e89857fc4f731933d24c8502a85
  custom:scripting/monoscript/fileName/Platform.cs: 9ea6822636207a672fe419a3f121e641 -> 2a197b573da14efe1ad853123be22cde
  custom:container-demuxer-webm: 4f35f7cbe854078d1ac9338744f61a02 -> 
  custom:container-muxer-webm: aa71ff27fc2769a1b78a27578f13a17b -> 
  custom:scripting/monoscript/fileName/Counter.cs: 0e0e68470eee3375c49f0a09fa843699 -> 
  custom:video-decoder-webm-vp8: 9c59270c3fd7afecdb556c50c9e8de78 -> 
  custom:SearchIndexIgnoredProperties: e643bd26f0fe6173181afceb89e7c659 -> 
  custom:AudioImporter_EditorPlatform: d09bf68614088b80899f8185d706f6e7 -> 
  custom:scripting/monoscript/fileName/Cube.cs: c3f6b4862c91a0182d5e14a1ddeb8a06 -> 1e2bad7c218970a055fec33866548983
  custom:scripting/monoscript/fileName/CubeSpawner.cs: d34e3497e39b17fe77f76726270f8e44 -> 
  custom:video-encoder-webm-vp8: eb34c28f22e8b96e1ab97ce403110664 -> 
  custom:audio-decoder-ogg-vorbis: bf7c407c2cedff20999df2af8eb42d56 -> 
  custom:scripting/monoscript/fileName/TransparencyChanger.cs: 337ebccdf974de34744ebc700fc86598 -> 346eaf3f3b1de1a18cd8b4e2321d4487
  custom:audio-encoder-webm-vorbis: bf7c407c2cedff20999df2af8eb42d56 -> 
  custom:scripting/precompiled-assembly-types:Assembly-CSharp: e912ec148146226ac50874c5acd682a5 -> e480a03165d01833ca99ad568e1bb9c9
========================================================================
Received Import Request.
  Time since last request: 5.467055 seconds.
  path: Assets/Prefabs/Bomb.prefab
  artifactKey: Guid(9f870993636fea04ab30eb529e2e5d79) Importer(815301076,1909f56bfc062723c751e8b465ee728b)
Start importing Assets/Prefabs/Bomb.prefab using Guid(9f870993636fea04ab30eb529e2e5d79) Importer(815301076,1909f56bfc062723c751e8b465ee728b) [PhysX] Initialized MultithreadedTaskDispatcher with 8 workers.
 -> (artifact id: '33f8ad6098ff1a69fea4bd307c1a7e05') in 0.002387 seconds
Number of updated asset objects reloaded before import = 0
Number of asset objects unloaded after import = 0
========================================================================
Received Import Request.
  Time since last request: 0.000037 seconds.
  path: Assets/Prefabs/Cube.prefab
  artifactKey: Guid(93350987874cadf418c07ca3543c067f) Importer(815301076,1909f56bfc062723c751e8b465ee728b)
Start importing Assets/Prefabs/Cube.prefab using Guid(93350987874cadf418c07ca3543c067f) Importer(815301076,1909f56bfc062723c751e8b465ee728b) [PhysX] Initialized MultithreadedTaskDispatcher with 8 workers.
 -> (artifact id: '823d2838166e162459828dcb7bec3ee2') in 0.000594 seconds
Number of updated asset objects reloaded before import = 0
Number of asset objects unloaded after import = 0
========================================================================
Received Import Request.
  Time since last request: 20.318487 seconds.
  path: Assets/Prefabs/Cube.prefab
  artifactKey: Guid(93350987874cadf418c07ca3543c067f) Importer(815301076,1909f56bfc062723c751e8b465ee728b)
Start importing Assets/Prefabs/Cube.prefab using Guid(93350987874cadf418c07ca3543c067f) Importer(815301076,1909f56bfc062723c751e8b465ee728b) [PhysX] Initialized MultithreadedTaskDispatcher with 8 workers.
 -> (artifact id: '823d2838166e162459828dcb7bec3ee2') in 0.000617 seconds
Number of updated asset objects reloaded before import = 0
Number of asset objects unloaded after import = 0
========================================================================
Received Prepare
Caller must complete domain reload
Begin MonoManager ReloadAssembly
- Loaded All Assemblies, in  0.481 seconds
Native extension for WindowsStandalone target not found
Mono: successfully reloaded assembly
- Finished resetting the current domain, in  1.006 seconds
Domain Reload Profiling: 1486ms
	BeginReloadAssembly (169ms)
		ExecutionOrderSort (0ms)
		DisableScriptedObjects (7ms)
		BackupInstance (0ms)
		ReleaseScriptingObjects (0ms)
		CreateAndSetChildDomain (30ms)
	RebuildCommonClasses (43ms)
	RebuildNativeTypeToScriptingClass (13ms)
	initialDomainReloadingComplete (32ms)
	LoadAllAssembliesAndSetupDomain (224ms)
		LoadAssemblies (292ms)
		RebuildTransferFunctionScriptingTraits (0ms)
		AnalyzeDomain (32ms)
			TypeCache.Refresh (13ms)
				TypeCache.ScanAssembly (1ms)
			ScanForSourceGeneratedMonoScriptInfo (9ms)
			ResolveRequiredComponents (9ms)
	FinalizeReload (1007ms)
		ReleaseScriptCaches (0ms)
		RebuildScriptCaches (0ms)
		SetupLoadedEditorAssemblies (513ms)
			LogAssemblyErrors (0ms)
			InitializePlatformSupportModulesInManaged (7ms)
			SetLoadedEditorAssemblies (4ms)
			RefreshPlugins (0ms)
			BeforeProcessingInitializeOnLoad (73ms)
			ProcessInitializeOnLoadAttributes (397ms)
			ProcessInitializeOnLoadMethodAttributes (28ms)
			AfterProcessingInitializeOnLoad (4ms)
			EditorAssembliesLoaded (0ms)
		ExecutionOrderSort2 (0ms)
		AwakeInstancesAfterBackupRestoration (11ms)
Refreshing native plugins compatible for Editor in 2.72 ms, found 3 plugins.
Preloading 0 native plugins for Editor in 0.00 ms.
Unloading 3152 Unused Serialized files (Serialized files now loaded: 0)
Unloading 27 unused Assets / (0.7 MB). Loaded Objects now: 3886.
Memory consumption went from 122.2 MB to 121.4 MB.
Total: 5.130900 ms (FindLiveObjects: 0.355900 ms CreateObjectMapping: 0.274100 ms MarkObjects: 3.930300 ms  DeleteObjects: 0.569300 ms)

Prepare: number of updated asset objects reloaded= 0
AssetImportParameters requested are different than current active one (requested -> active):
  custom:scripting/monoscript/fileName/CubeCounter.cs: 1c02473fa3597d63aaa8ec5e4a4b8699 -> 
  custom:scripting/monoscript/fileName/Spawner.cs: dfbd8e0bda67e8bd0e84e508fc63ee86 -> 7de732fab2c49f3068a483eb669d8d17
  custom:container-demuxer-ogg: 62fdf1f143b41e24485cea50d1cbac27 -> 
  custom:scripting/monoscript/fileName/CountViewer.cs: 5b5fea9e465e7d9fdd04fadee9b9b677 -> 
  custom:video-decoder-ogg-theora: a1e56fd34408186e4bbccfd4996cb3dc -> 
  custom:scripting/monoscript/fileName/BombCountViewer.cs: efd60ab29832b6530022c7f6ee2b3d0c -> 
  custom:framework-win-MediaFoundation: 216162199b28c13a410421893ffa2e32 -> 
  custom:scripting/monoscript/fileName/CubeCountViewer.cs: 8d0efee5ac15e029c13a064c2d0fd576 -> 
  custom:scripting/monoscript/fileName/BombCounter.cs: bb1fd1d8635a2e61c2697811c886f511 -> 
  custom:scripting/monoscript/fileName/BombSpawner.cs: 211b1e4229560b0e0ed20ed122fb08dd -> 
  custom:scripting/monoscript/fileName/ColorChanger.cs: d31a0d7fb05c5d47ec43ba26017e80fc -> f6c371260d842df543789961567bd0a7
  custom:scripting/monoscript/fileName/Bomb.cs: bfd944eb6528774f7c1cc3d00ac64a63 -> 62fbfe76f5286165743d61555377be05
  custom:scripting/monoscript/fileName/PoolableObject.cs: 8d092a881df5fcdfaf09232738ef1b42 -> 
  custom:CustomObjectIndexerAttribute: 9a22284fe3817be447336de3de66b15e -> 
  custom:scripting/monoscript/fileName/Exploder.cs: 9b0152466039c1b0e2a05b2b202f333e -> e17c7e89857fc4f731933d24c8502a85
  custom:scripting/monoscript/fileName/Platform.cs: 9ea6822636207a672fe419a3f121e641 -> 2a197b573da14efe1ad853123be22cde
  custom:container-demuxer-webm: 4f35f7cbe854078d1ac9338744f61a02 -> 
  custom:container-muxer-webm: aa71ff27fc2769a1b78a27578f13a17b -> 
  custom:scripting/monoscript/fileName/Counter.cs: 0e0e68470eee3375c49f0a09fa843699 -> 
  custom:video-decoder-webm-vp8: 9c59270c3fd7afecdb556c50c9e8de78 -> 
  custom:SearchIndexIgnoredProperties: e643bd26f0fe6173181afceb89e7c659 -> 
  custom:AudioImporter_EditorPlatform: d09bf68614088b80899f8185d706f6e7 -> 
  custom:scripting/monoscript/fileName/Cube.cs: c3f6b4862c91a0182d5e14a1ddeb8a06 -> 1e2bad7c218970a055fec33866548983
  custom:scripting/monoscript/fileName/CubeSpawner.cs: d34e3497e39b17fe77f76726270f8e44 -> 
  custom:video-encoder-webm-vp8: eb34c28f22e8b96e1ab97ce403110664 -> 
  custom:audio-decoder-ogg-vorbis: bf7c407c2cedff20999df2af8eb42d56 -> 
  custom:scripting/monoscript/fileName/TransparencyChanger.cs: 337ebccdf974de34744ebc700fc86598 -> 346eaf3f3b1de1a18cd8b4e2321d4487
  custom:audio-encoder-webm-vorbis: bf7c407c2cedff20999df2af8eb42d56 -> 
  custom:scripting/precompiled-assembly-types:Assembly-CSharp: e912ec148146226ac50874c5acd682a5 -> e480a03165d01833ca99ad568e1bb9c9
========================================================================
Received Import Request.
  Time since last request: 39.146210 seconds.
  path: Assets/Prefabs/Cube.prefab
  artifactKey: Guid(93350987874cadf418c07ca3543c067f) Importer(815301076,1909f56bfc062723c751e8b465ee728b)
Start importing Assets/Prefabs/Cube.prefab using Guid(93350987874cadf418c07ca3543c067f) Importer(815301076,1909f56bfc062723c751e8b465ee728b) [PhysX] Initialized MultithreadedTaskDispatcher with 8 workers.
 -> (artifact id: '823d2838166e162459828dcb7bec3ee2') in 0.002501 seconds
Number of updated asset objects reloaded before import = 0
Number of asset objects unloaded after import = 0
========================================================================
Received Prepare
Caller must complete domain reload
Begin MonoManager ReloadAssembly
- Loaded All Assemblies, in  0.478 seconds
Native extension for WindowsStandalone target not found
Mono: successfully reloaded assembly
- Finished resetting the current domain, in  0.998 seconds
Domain Reload Profiling: 1476ms
	BeginReloadAssembly (176ms)
		ExecutionOrderSort (0ms)
		DisableScriptedObjects (7ms)
		BackupInstance (0ms)
		ReleaseScriptingObjects (0ms)
		CreateAndSetChildDomain (30ms)
	RebuildCommonClasses (38ms)
	RebuildNativeTypeToScriptingClass (13ms)
	initialDomainReloadingComplete (29ms)
	LoadAllAssembliesAndSetupDomain (222ms)
		LoadAssemblies (298ms)
		RebuildTransferFunctionScriptingTraits (0ms)
		AnalyzeDomain (31ms)
			TypeCache.Refresh (11ms)
				TypeCache.ScanAssembly (1ms)
			ScanForSourceGeneratedMonoScriptInfo (11ms)
			ResolveRequiredComponents (7ms)
	FinalizeReload (999ms)
		ReleaseScriptCaches (0ms)
		RebuildScriptCaches (0ms)
		SetupLoadedEditorAssemblies (510ms)
			LogAssemblyErrors (0ms)
			InitializePlatformSupportModulesInManaged (7ms)
			SetLoadedEditorAssemblies (3ms)
			RefreshPlugins (0ms)
			BeforeProcessingInitializeOnLoad (76ms)
			ProcessInitializeOnLoadAttributes (393ms)
			ProcessInitializeOnLoadMethodAttributes (26ms)
			AfterProcessingInitializeOnLoad (4ms)
			EditorAssembliesLoaded (0ms)
		ExecutionOrderSort2 (0ms)
		AwakeInstancesAfterBackupRestoration (9ms)
Refreshing native plugins compatible for Editor in 2.26 ms, found 3 plugins.
Preloading 0 native plugins for Editor in 0.00 ms.
Unloading 3152 Unused Serialized files (Serialized files now loaded: 0)
Unloading 27 unused Assets / (0.7 MB). Loaded Objects now: 3889.
Memory consumption went from 122.2 MB to 121.4 MB.
Total: 4.865800 ms (FindLiveObjects: 0.421700 ms CreateObjectMapping: 0.282300 ms MarkObjects: 3.705200 ms  DeleteObjects: 0.455500 ms)

Prepare: number of updated asset objects reloaded= 0
AssetImportParameters requested are different than current active one (requested -> active):
  custom:scripting/monoscript/fileName/CubeCounter.cs: 1c02473fa3597d63aaa8ec5e4a4b8699 -> 
  custom:scripting/monoscript/fileName/Spawner.cs: dfbd8e0bda67e8bd0e84e508fc63ee86 -> 7de732fab2c49f3068a483eb669d8d17
  custom:container-demuxer-ogg: 62fdf1f143b41e24485cea50d1cbac27 -> 
  custom:scripting/monoscript/fileName/CountViewer.cs: 5b5fea9e465e7d9fdd04fadee9b9b677 -> 
  custom:video-decoder-ogg-theora: a1e56fd34408186e4bbccfd4996cb3dc -> 
  custom:scripting/monoscript/fileName/BombCountViewer.cs: efd60ab29832b6530022c7f6ee2b3d0c -> 
  custom:framework-win-MediaFoundation: 216162199b28c13a410421893ffa2e32 -> 
  custom:scripting/monoscript/fileName/CubeCountViewer.cs: 8d0efee5ac15e029c13a064c2d0fd576 -> 
  custom:scripting/monoscript/fileName/BombCounter.cs: bb1fd1d8635a2e61c2697811c886f511 -> 
  custom:scripting/monoscript/fileName/BombSpawner.cs: 211b1e4229560b0e0ed20ed122fb08dd -> 
  custom:scripting/monoscript/fileName/ColorChanger.cs: d31a0d7fb05c5d47ec43ba26017e80fc -> f6c371260d842df543789961567bd0a7
  custom:scripting/monoscript/fileName/Bomb.cs: bfd944eb6528774f7c1cc3d00ac64a63 -> 62fbfe76f5286165743d61555377be05
  custom:scripting/monoscript/fileName/PoolableObject.cs: 8d092a881df5fcdfaf09232738ef1b42 -> 
  custom:CustomObjectIndexerAttribute: 9a22284fe3817be447336de3de66b15e -> 
  custom:scripting/monoscript/fileName/Exploder.cs: 9b0152466039c1b0e2a05b2b202f333e -> e17c7e89857fc4f731933d24c8502a85
  custom:scripting/monoscript/fileName/Platform.cs: 9ea6822636207a672fe419a3f121e641 -> 2a197b573da14efe1ad853123be22cde
  custom:container-demuxer-webm: 4f35f7cbe854078d1ac9338744f61a02 -> 
  custom:container-muxer-webm: aa71ff27fc2769a1b78a27578f13a17b -> 
  custom:scripting/monoscript/fileName/Counter.cs: 0e0e68470eee3375c49f0a09fa843699 -> 
  custom:video-decoder-webm-vp8: 9c59270c3fd7afecdb556c50c9e8de78 -> 
  custom:SearchIndexIgnoredProperties: e643bd26f0fe6173181afceb89e7c659 -> 
  custom:AudioImporter_EditorPlatform: d09bf68614088b80899f8185d706f6e7 -> 
  custom:scripting/monoscript/fileName/Cube.cs: c3f6b4862c91a0182d5e14a1ddeb8a06 -> 1e2bad7c218970a055fec33866548983
  custom:scripting/monoscript/fileName/CubeSpawner.cs: d34e3497e39b17fe77f76726270f8e44 -> 
  custom:video-encoder-webm-vp8: eb34c28f22e8b96e1ab97ce403110664 -> 
  custom:audio-decoder-ogg-vorbis: bf7c407c2cedff20999df2af8eb42d56 -> 
  custom:scripting/monoscript/fileName/TransparencyChanger.cs: 337ebccdf974de34744ebc700fc86598 -> 346eaf3f3b1de1a18cd8b4e2321d4487
  custom:audio-encoder-webm-vorbis: bf7c407c2cedff20999df2af8eb42d56 -> 
  custom:scripting/precompiled-assembly-types:Assembly-CSharp: e912ec148146226ac50874c5acd682a5 -> e480a03165d01833ca99ad568e1bb9c9
========================================================================
Received Import Request.
  Time since last request: 54.215368 seconds.
  path: Assets/Prefabs/Cube.prefab
  artifactKey: Guid(93350987874cadf418c07ca3543c067f) Importer(815301076,1909f56bfc062723c751e8b465ee728b)
Start importing Assets/Prefabs/Cube.prefab using Guid(93350987874cadf418c07ca3543c067f) Importer(815301076,1909f56bfc062723c751e8b465ee728b) [PhysX] Initialized MultithreadedTaskDispatcher with 8 workers.
 -> (artifact id: '823d2838166e162459828dcb7bec3ee2') in 0.002651 seconds
Number of updated asset objects reloaded before import = 0
Number of asset objects unloaded after import = 0
========================================================================
Received Prepare
Caller must complete domain reload
Begin MonoManager ReloadAssembly
- Loaded All Assemblies, in  0.483 seconds
Native extension for WindowsStandalone target not found
Mono: successfully reloaded assembly
- Finished resetting the current domain, in  1.020 seconds
Domain Reload Profiling: 1503ms
	BeginReloadAssembly (173ms)
		ExecutionOrderSort (0ms)
		DisableScriptedObjects (7ms)
		BackupInstance (0ms)
		ReleaseScriptingObjects (0ms)
		CreateAndSetChildDomain (35ms)
	RebuildCommonClasses (47ms)
	RebuildNativeTypeToScriptingClass (17ms)
	initialDomainReloadingComplete (36ms)
	LoadAllAssembliesAndSetupDomain (210ms)
		LoadAssemblies (284ms)
		RebuildTransferFunctionScriptingTraits (0ms)
		AnalyzeDomain (26ms)
			TypeCache.Refresh (10ms)
				TypeCache.ScanAssembly (0ms)
			ScanForSourceGeneratedMonoScriptInfo (7ms)
			ResolveRequiredComponents (8ms)
	FinalizeReload (1020ms)
		ReleaseScriptCaches (0ms)
		RebuildScriptCaches (0ms)
		SetupLoadedEditorAssemblies (525ms)
			LogAssemblyErrors (0ms)
			InitializePlatformSupportModulesInManaged (7ms)
			SetLoadedEditorAssemblies (6ms)
			RefreshPlugins (0ms)
			BeforeProcessingInitializeOnLoad (76ms)
			ProcessInitializeOnLoadAttributes (398ms)
			ProcessInitializeOnLoadMethodAttributes (33ms)
			AfterProcessingInitializeOnLoad (5ms)
			EditorAssembliesLoaded (0ms)
		ExecutionOrderSort2 (0ms)
		AwakeInstancesAfterBackupRestoration (12ms)
Refreshing native plugins compatible for Editor in 3.81 ms, found 3 plugins.
Preloading 0 native plugins for Editor in 0.00 ms.
Unloading 3152 Unused Serialized files (Serialized files now loaded: 0)
Unloading 27 unused Assets / (0.7 MB). Loaded Objects now: 3892.
Memory consumption went from 122.2 MB to 121.4 MB.
Total: 5.898600 ms (FindLiveObjects: 0.411500 ms CreateObjectMapping: 0.551400 ms MarkObjects: 4.446400 ms  DeleteObjects: 0.488100 ms)

Prepare: number of updated asset objects reloaded= 0
AssetImportParameters requested are different than current active one (requested -> active):
  custom:scripting/monoscript/fileName/CubeCounter.cs: 1c02473fa3597d63aaa8ec5e4a4b8699 -> 
  custom:scripting/monoscript/fileName/Spawner.cs: dfbd8e0bda67e8bd0e84e508fc63ee86 -> 7de732fab2c49f3068a483eb669d8d17
  custom:container-demuxer-ogg: 62fdf1f143b41e24485cea50d1cbac27 -> 
  custom:scripting/monoscript/fileName/CountViewer.cs: 5b5fea9e465e7d9fdd04fadee9b9b677 -> 
  custom:video-decoder-ogg-theora: a1e56fd34408186e4bbccfd4996cb3dc -> 
  custom:scripting/monoscript/fileName/BombCountViewer.cs: efd60ab29832b6530022c7f6ee2b3d0c -> 
  custom:framework-win-MediaFoundation: 216162199b28c13a410421893ffa2e32 -> 
  custom:scripting/monoscript/fileName/CubeCountViewer.cs: 8d0efee5ac15e029c13a064c2d0fd576 -> 
  custom:scripting/monoscript/fileName/BombCounter.cs: bb1fd1d8635a2e61c2697811c886f511 -> 
  custom:scripting/monoscript/fileName/BombSpawner.cs: 211b1e4229560b0e0ed20ed122fb08dd -> 
  custom:scripting/monoscript/fileName/ColorChanger.cs: d31a0d7fb05c5d47ec43ba26017e80fc -> f6c371260d842df543789961567bd0a7
  custom:scripting/monoscript/fileName/Bomb.cs: bfd944eb6528774f7c1cc3d00ac64a63 -> 62fbfe76f5286165743d61555377be05
  custom:scripting/monoscript/fileName/PoolableObject.cs: 8d092a881df5fcdfaf09232738ef1b42 -> 
  custom:CustomObjectIndexerAttribute: 9a22284fe3817be447336de3de66b15e -> 
  custom:scripting/monoscript/fileName/Exploder.cs: 9b0152466039c1b0e2a05b2b202f333e -> e17c7e89857fc4f731933d24c8502a85
  custom:scripting/monoscript/fileName/Platform.cs: 9ea6822636207a672fe419a3f121e641 -> 2a197b573da14efe1ad853123be22cde
  custom:container-demuxer-webm: 4f35f7cbe854078d1ac9338744f61a02 -> 
  custom:container-muxer-webm: aa71ff27fc2769a1b78a27578f13a17b -> 
  custom:scripting/monoscript/fileName/Counter.cs: 0e0e68470eee3375c49f0a09fa843699 -> 
  custom:video-decoder-webm-vp8: 9c59270c3fd7afecdb556c50c9e8de78 -> 
  custom:SearchIndexIgnoredProperties: e643bd26f0fe6173181afceb89e7c659 -> 
  custom:AudioImporter_EditorPlatform: d09bf68614088b80899f8185d706f6e7 -> 
  custom:scripting/monoscript/fileName/Cube.cs: c3f6b4862c91a0182d5e14a1ddeb8a06 -> 1e2bad7c218970a055fec33866548983
  custom:scripting/monoscript/fileName/CubeSpawner.cs: d34e3497e39b17fe77f76726270f8e44 -> 
  custom:video-encoder-webm-vp8: eb34c28f22e8b96e1ab97ce403110664 -> 
  custom:audio-decoder-ogg-vorbis: bf7c407c2cedff20999df2af8eb42d56 -> 
  custom:scripting/monoscript/fileName/TransparencyChanger.cs: 337ebccdf974de34744ebc700fc86598 -> 346eaf3f3b1de1a18cd8b4e2321d4487
  custom:audio-encoder-webm-vorbis: bf7c407c2cedff20999df2af8eb42d56 -> 
  custom:scripting/precompiled-assembly-types:Assembly-CSharp: e912ec148146226ac50874c5acd682a5 -> e480a03165d01833ca99ad568e1bb9c9
========================================================================
Received Import Request.
  Time since last request: 5.367905 seconds.
  path: Assets/Prefabs/Bomb.prefab
  artifactKey: Guid(9f870993636fea04ab30eb529e2e5d79) Importer(815301076,1909f56bfc062723c751e8b465ee728b)
Start importing Assets/Prefabs/Bomb.prefab using Guid(9f870993636fea04ab30eb529e2e5d79) Importer(815301076,1909f56bfc062723c751e8b465ee728b) [PhysX] Initialized MultithreadedTaskDispatcher with 8 workers.
 -> (artifact id: '33f8ad6098ff1a69fea4bd307c1a7e05') in 0.002391 seconds
Number of updated asset objects reloaded before import = 0
Number of asset objects unloaded after import = 0
========================================================================
Received Import Request.
  Time since last request: 0.000034 seconds.
  path: Assets/Prefabs/Cube.prefab
  artifactKey: Guid(93350987874cadf418c07ca3543c067f) Importer(815301076,1909f56bfc062723c751e8b465ee728b)
Start importing Assets/Prefabs/Cube.prefab using Guid(93350987874cadf418c07ca3543c067f) Importer(815301076,1909f56bfc062723c751e8b465ee728b) [PhysX] Initialized MultithreadedTaskDispatcher with 8 workers.
 -> (artifact id: '823d2838166e162459828dcb7bec3ee2') in 0.000753 seconds
Number of updated asset objects reloaded before import = 0
Number of asset objects unloaded after import = 0
========================================================================
Received Import Request.
  Time since last request: 1.750520 seconds.
  path: Assets/Prefabs/Cube.prefab
  artifactKey: Guid(93350987874cadf418c07ca3543c067f) Importer(815301076,1909f56bfc062723c751e8b465ee728b)
Start importing Assets/Prefabs/Cube.prefab using Guid(93350987874cadf418c07ca3543c067f) Importer(815301076,1909f56bfc062723c751e8b465ee728b) [PhysX] Initialized MultithreadedTaskDispatcher with 8 workers.
 -> (artifact id: '823d2838166e162459828dcb7bec3ee2') in 0.000714 seconds
Number of updated asset objects reloaded before import = 0
Number of asset objects unloaded after import = 0
========================================================================
Received Prepare
Caller must complete domain reload
Begin MonoManager ReloadAssembly
- Loaded All Assemblies, in  0.486 seconds
Native extension for WindowsStandalone target not found
Mono: successfully reloaded assembly
- Finished resetting the current domain, in  1.024 seconds
Domain Reload Profiling: 1510ms
	BeginReloadAssembly (169ms)
		ExecutionOrderSort (0ms)
		DisableScriptedObjects (8ms)
		BackupInstance (0ms)
		ReleaseScriptingObjects (0ms)
		CreateAndSetChildDomain (34ms)
	RebuildCommonClasses (47ms)
	RebuildNativeTypeToScriptingClass (15ms)
	initialDomainReloadingComplete (31ms)
	LoadAllAssembliesAndSetupDomain (223ms)
		LoadAssemblies (289ms)
		RebuildTransferFunctionScriptingTraits (0ms)
		AnalyzeDomain (30ms)
			TypeCache.Refresh (12ms)
				TypeCache.ScanAssembly (0ms)
			ScanForSourceGeneratedMonoScriptInfo (11ms)
			ResolveRequiredComponents (7ms)
	FinalizeReload (1025ms)
		ReleaseScriptCaches (0ms)
		RebuildScriptCaches (0ms)
		SetupLoadedEditorAssemblies (521ms)
			LogAssemblyErrors (0ms)
			InitializePlatformSupportModulesInManaged (6ms)
			SetLoadedEditorAssemblies (6ms)
			RefreshPlugins (0ms)
			BeforeProcessingInitializeOnLoad (75ms)
			ProcessInitializeOnLoadAttributes (396ms)
			ProcessInitializeOnLoadMethodAttributes (35ms)
			AfterProcessingInitializeOnLoad (4ms)
			EditorAssembliesLoaded (0ms)
		ExecutionOrderSort2 (0ms)
		AwakeInstancesAfterBackupRestoration (10ms)
Refreshing native plugins compatible for Editor in 2.67 ms, found 3 plugins.
Preloading 0 native plugins for Editor in 0.00 ms.
Unloading 3152 Unused Serialized files (Serialized files now loaded: 0)
Unloading 27 unused Assets / (0.7 MB). Loaded Objects now: 3895.
Memory consumption went from 122.2 MB to 121.4 MB.
Total: 4.583200 ms (FindLiveObjects: 0.382800 ms CreateObjectMapping: 0.292200 ms MarkObjects: 3.493400 ms  DeleteObjects: 0.413800 ms)

Prepare: number of updated asset objects reloaded= 0
AssetImportParameters requested are different than current active one (requested -> active):
  custom:scripting/monoscript/fileName/CubeCounter.cs: 1c02473fa3597d63aaa8ec5e4a4b8699 -> 
  custom:scripting/monoscript/fileName/Spawner.cs: dfbd8e0bda67e8bd0e84e508fc63ee86 -> 7de732fab2c49f3068a483eb669d8d17
  custom:container-demuxer-ogg: 62fdf1f143b41e24485cea50d1cbac27 -> 
  custom:scripting/monoscript/fileName/CountViewer.cs: 5b5fea9e465e7d9fdd04fadee9b9b677 -> 
  custom:video-decoder-ogg-theora: a1e56fd34408186e4bbccfd4996cb3dc -> 
  custom:scripting/monoscript/fileName/BombCountViewer.cs: efd60ab29832b6530022c7f6ee2b3d0c -> 
  custom:framework-win-MediaFoundation: 216162199b28c13a410421893ffa2e32 -> 
  custom:scripting/monoscript/fileName/CubeCountViewer.cs: 8d0efee5ac15e029c13a064c2d0fd576 -> 
  custom:scripting/monoscript/fileName/BombCounter.cs: bb1fd1d8635a2e61c2697811c886f511 -> 
  custom:scripting/monoscript/fileName/BombSpawner.cs: 211b1e4229560b0e0ed20ed122fb08dd -> 
  custom:scripting/monoscript/fileName/ColorChanger.cs: d31a0d7fb05c5d47ec43ba26017e80fc -> f6c371260d842df543789961567bd0a7
  custom:scripting/monoscript/fileName/Bomb.cs: bfd944eb6528774f7c1cc3d00ac64a63 -> 62fbfe76f5286165743d61555377be05
  custom:scripting/monoscript/fileName/PoolableObject.cs: 8d092a881df5fcdfaf09232738ef1b42 -> 
  custom:CustomObjectIndexerAttribute: 9a22284fe3817be447336de3de66b15e -> 
  custom:scripting/monoscript/fileName/Exploder.cs: 9b0152466039c1b0e2a05b2b202f333e -> e17c7e89857fc4f731933d24c8502a85
  custom:scripting/monoscript/fileName/Platform.cs: 9ea6822636207a672fe419a3f121e641 -> 2a197b573da14efe1ad853123be22cde
  custom:container-demuxer-webm: 4f35f7cbe854078d1ac9338744f61a02 -> 
  custom:container-muxer-webm: aa71ff27fc2769a1b78a27578f13a17b -> 
  custom:scripting/monoscript/fileName/Counter.cs: 0e0e68470eee3375c49f0a09fa843699 -> 
  custom:video-decoder-webm-vp8: 9c59270c3fd7afecdb556c50c9e8de78 -> 
  custom:SearchIndexIgnoredProperties: e643bd26f0fe6173181afceb89e7c659 -> 
  custom:AudioImporter_EditorPlatform: d09bf68614088b80899f8185d706f6e7 -> 
  custom:scripting/monoscript/fileName/Cube.cs: c3f6b4862c91a0182d5e14a1ddeb8a06 -> 1e2bad7c218970a055fec33866548983
  custom:scripting/monoscript/fileName/CubeSpawner.cs: d34e3497e39b17fe77f76726270f8e44 -> 
  custom:video-encoder-webm-vp8: eb34c28f22e8b96e1ab97ce403110664 -> 
  custom:audio-decoder-ogg-vorbis: bf7c407c2cedff20999df2af8eb42d56 -> 
  custom:scripting/monoscript/fileName/TransparencyChanger.cs: 337ebccdf974de34744ebc700fc86598 -> 346eaf3f3b1de1a18cd8b4e2321d4487
  custom:audio-encoder-webm-vorbis: bf7c407c2cedff20999df2af8eb42d56 -> 
  custom:scripting/precompiled-assembly-types:Assembly-CSharp: e912ec148146226ac50874c5acd682a5 -> e480a03165d01833ca99ad568e1bb9c9
========================================================================
Received Import Request.
  Time since last request: 5.687737 seconds.
  path: Assets/Prefabs/Bomb.prefab
  artifactKey: Guid(9f870993636fea04ab30eb529e2e5d79) Importer(815301076,1909f56bfc062723c751e8b465ee728b)
Start importing Assets/Prefabs/Bomb.prefab using Guid(9f870993636fea04ab30eb529e2e5d79) Importer(815301076,1909f56bfc062723c751e8b465ee728b) [PhysX] Initialized MultithreadedTaskDispatcher with 8 workers.
 -> (artifact id: '33f8ad6098ff1a69fea4bd307c1a7e05') in 0.003665 seconds
Number of updated asset objects reloaded before import = 0
Number of asset objects unloaded after import = 0
========================================================================
Received Import Request.
  Time since last request: 324.765653 seconds.
  path: Assets/Prefabs/Cube.prefab
  artifactKey: Guid(93350987874cadf418c07ca3543c067f) Importer(815301076,1909f56bfc062723c751e8b465ee728b)
Start importing Assets/Prefabs/Cube.prefab using Guid(93350987874cadf418c07ca3543c067f) Importer(815301076,1909f56bfc062723c751e8b465ee728b) [PhysX] Initialized MultithreadedTaskDispatcher with 8 workers.
 -> (artifact id: '823d2838166e162459828dcb7bec3ee2') in 0.000871 seconds
Number of updated asset objects reloaded before import = 0
Number of asset objects unloaded after import = 0
========================================================================
Received Prepare
Caller must complete domain reload
Begin MonoManager ReloadAssembly
- Loaded All Assemblies, in  0.497 seconds
Native extension for WindowsStandalone target not found
Mono: successfully reloaded assembly
- Finished resetting the current domain, in  0.917 seconds
Domain Reload Profiling: 1414ms
	BeginReloadAssembly (184ms)
		ExecutionOrderSort (0ms)
		DisableScriptedObjects (6ms)
		BackupInstance (0ms)
		ReleaseScriptingObjects (0ms)
		CreateAndSetChildDomain (32ms)
	RebuildCommonClasses (39ms)
	RebuildNativeTypeToScriptingClass (12ms)
	initialDomainReloadingComplete (29ms)
	LoadAllAssembliesAndSetupDomain (232ms)
		LoadAssemblies (318ms)
		RebuildTransferFunctionScriptingTraits (0ms)
		AnalyzeDomain (28ms)
			TypeCache.Refresh (10ms)
				TypeCache.ScanAssembly (1ms)
			ScanForSourceGeneratedMonoScriptInfo (7ms)
			ResolveRequiredComponents (9ms)
	FinalizeReload (918ms)
		ReleaseScriptCaches (0ms)
		RebuildScriptCaches (0ms)
		SetupLoadedEditorAssemblies (425ms)
			LogAssemblyErrors (0ms)
			InitializePlatformSupportModulesInManaged (6ms)
			SetLoadedEditorAssemblies (4ms)
			RefreshPlugins (0ms)
			BeforeProcessingInitializeOnLoad (63ms)
			ProcessInitializeOnLoadAttributes (322ms)
			ProcessInitializeOnLoadMethodAttributes (27ms)
			AfterProcessingInitializeOnLoad (3ms)
			EditorAssembliesLoaded (0ms)
		ExecutionOrderSort2 (0ms)
		AwakeInstancesAfterBackupRestoration (8ms)
Refreshing native plugins compatible for Editor in 2.04 ms, found 3 plugins.
Preloading 0 native plugins for Editor in 0.00 ms.
Unloading 3152 Unused Serialized files (Serialized files now loaded: 0)
Unloading 27 unused Assets / (0.7 MB). Loaded Objects now: 3898.
Memory consumption went from 122.2 MB to 121.4 MB.
Total: 4.963200 ms (FindLiveObjects: 0.363400 ms CreateObjectMapping: 0.230500 ms MarkObjects: 3.984500 ms  DeleteObjects: 0.383900 ms)

Prepare: number of updated asset objects reloaded= 0
AssetImportParameters requested are different than current active one (requested -> active):
  custom:scripting/monoscript/fileName/CubeCounter.cs: 1c02473fa3597d63aaa8ec5e4a4b8699 -> 
  custom:scripting/monoscript/fileName/Spawner.cs: dfbd8e0bda67e8bd0e84e508fc63ee86 -> 7de732fab2c49f3068a483eb669d8d17
  custom:container-demuxer-ogg: 62fdf1f143b41e24485cea50d1cbac27 -> 
  custom:scripting/monoscript/fileName/CountViewer.cs: 5b5fea9e465e7d9fdd04fadee9b9b677 -> 
  custom:video-decoder-ogg-theora: a1e56fd34408186e4bbccfd4996cb3dc -> 
  custom:scripting/monoscript/fileName/BombCountViewer.cs: efd60ab29832b6530022c7f6ee2b3d0c -> 
  custom:framework-win-MediaFoundation: 216162199b28c13a410421893ffa2e32 -> 
  custom:scripting/monoscript/fileName/CubeCountViewer.cs: 8d0efee5ac15e029c13a064c2d0fd576 -> 
  custom:scripting/monoscript/fileName/BombCounter.cs: bb1fd1d8635a2e61c2697811c886f511 -> 
  custom:scripting/monoscript/fileName/BombSpawner.cs: 211b1e4229560b0e0ed20ed122fb08dd -> 
  custom:scripting/monoscript/fileName/ColorChanger.cs: d31a0d7fb05c5d47ec43ba26017e80fc -> f6c371260d842df543789961567bd0a7
  custom:scripting/monoscript/fileName/Bomb.cs: bfd944eb6528774f7c1cc3d00ac64a63 -> 62fbfe76f5286165743d61555377be05
  custom:scripting/monoscript/fileName/PoolableObject.cs: 8d092a881df5fcdfaf09232738ef1b42 -> 
  custom:CustomObjectIndexerAttribute: 9a22284fe3817be447336de3de66b15e -> 
  custom:scripting/monoscript/fileName/Exploder.cs: 9b0152466039c1b0e2a05b2b202f333e -> e17c7e89857fc4f731933d24c8502a85
  custom:scripting/monoscript/fileName/Platform.cs: 9ea6822636207a672fe419a3f121e641 -> 2a197b573da14efe1ad853123be22cde
  custom:container-demuxer-webm: 4f35f7cbe854078d1ac9338744f61a02 -> 
  custom:container-muxer-webm: aa71ff27fc2769a1b78a27578f13a17b -> 
  custom:scripting/monoscript/fileName/Counter.cs: 0e0e68470eee3375c49f0a09fa843699 -> 
  custom:video-decoder-webm-vp8: 9c59270c3fd7afecdb556c50c9e8de78 -> 
  custom:SearchIndexIgnoredProperties: e643bd26f0fe6173181afceb89e7c659 -> 
  custom:AudioImporter_EditorPlatform: d09bf68614088b80899f8185d706f6e7 -> 
  custom:scripting/monoscript/fileName/Cube.cs: c3f6b4862c91a0182d5e14a1ddeb8a06 -> 1e2bad7c218970a055fec33866548983
  custom:scripting/monoscript/fileName/CubeSpawner.cs: d34e3497e39b17fe77f76726270f8e44 -> 
  custom:video-encoder-webm-vp8: eb34c28f22e8b96e1ab97ce403110664 -> 
  custom:audio-decoder-ogg-vorbis: bf7c407c2cedff20999df2af8eb42d56 -> 
  custom:scripting/monoscript/fileName/TransparencyChanger.cs: 337ebccdf974de34744ebc700fc86598 -> 346eaf3f3b1de1a18cd8b4e2321d4487
  custom:audio-encoder-webm-vorbis: bf7c407c2cedff20999df2af8eb42d56 -> 
  custom:scripting/precompiled-assembly-types:Assembly-CSharp: e912ec148146226ac50874c5acd682a5 -> e480a03165d01833ca99ad568e1bb9c9
========================================================================
Received Prepare
Caller must complete domain reload
Begin MonoManager ReloadAssembly
- Loaded All Assemblies, in  0.612 seconds
Native extension for WindowsStandalone target not found
Mono: successfully reloaded assembly
- Finished resetting the current domain, in  0.932 seconds
Domain Reload Profiling: 1543ms
	BeginReloadAssembly (216ms)
		ExecutionOrderSort (0ms)
		DisableScriptedObjects (6ms)
		BackupInstance (0ms)
		ReleaseScriptingObjects (0ms)
		CreateAndSetChildDomain (55ms)
	RebuildCommonClasses (46ms)
	RebuildNativeTypeToScriptingClass (19ms)
	initialDomainReloadingComplete (50ms)
	LoadAllAssembliesAndSetupDomain (280ms)
		LoadAssemblies (365ms)
		RebuildTransferFunctionScriptingTraits (0ms)
		AnalyzeDomain (33ms)
			TypeCache.Refresh (11ms)
				TypeCache.ScanAssembly (1ms)
			ScanForSourceGeneratedMonoScriptInfo (8ms)
			ResolveRequiredComponents (11ms)
	FinalizeReload (933ms)
		ReleaseScriptCaches (0ms)
		RebuildScriptCaches (0ms)
		SetupLoadedEditorAssemblies (431ms)
			LogAssemblyErrors (0ms)
			InitializePlatformSupportModulesInManaged (6ms)
			SetLoadedEditorAssemblies (3ms)
			RefreshPlugins (0ms)
			BeforeProcessingInitializeOnLoad (61ms)
			ProcessInitializeOnLoadAttributes (333ms)
			ProcessInitializeOnLoadMethodAttributes (25ms)
			AfterProcessingInitializeOnLoad (3ms)
			EditorAssembliesLoaded (0ms)
		ExecutionOrderSort2 (0ms)
		AwakeInstancesAfterBackupRestoration (9ms)
Refreshing native plugins compatible for Editor in 3.51 ms, found 3 plugins.
Preloading 0 native plugins for Editor in 0.00 ms.
Unloading 3153 Unused Serialized files (Serialized files now loaded: 0)
Unloading 27 unused Assets / (0.7 MB). Loaded Objects now: 3901.
Memory consumption went from 122.4 MB to 121.7 MB.
Total: 5.596100 ms (FindLiveObjects: 0.354300 ms CreateObjectMapping: 0.406300 ms MarkObjects: 4.411400 ms  DeleteObjects: 0.422900 ms)

Prepare: number of updated asset objects reloaded= 0
AssetImportParameters requested are different than current active one (requested -> active):
  custom:scripting/monoscript/fileName/CubeCounter.cs: 1c02473fa3597d63aaa8ec5e4a4b8699 -> 
  custom:scripting/monoscript/fileName/Spawner.cs: dfbd8e0bda67e8bd0e84e508fc63ee86 -> 7de732fab2c49f3068a483eb669d8d17
  custom:container-demuxer-ogg: 62fdf1f143b41e24485cea50d1cbac27 -> 
  custom:scripting/monoscript/fileName/CountViewer.cs: 5b5fea9e465e7d9fdd04fadee9b9b677 -> 
  custom:video-decoder-ogg-theora: a1e56fd34408186e4bbccfd4996cb3dc -> 
  custom:scripting/monoscript/fileName/BombCountViewer.cs: efd60ab29832b6530022c7f6ee2b3d0c -> 
  custom:framework-win-MediaFoundation: 216162199b28c13a410421893ffa2e32 -> 
  custom:scripting/monoscript/fileName/CubeCountViewer.cs: 8d0efee5ac15e029c13a064c2d0fd576 -> 
  custom:scripting/monoscript/fileName/BombCounter.cs: bb1fd1d8635a2e61c2697811c886f511 -> 
  custom:scripting/monoscript/fileName/BombSpawner.cs: 211b1e4229560b0e0ed20ed122fb08dd -> 
  custom:scripting/monoscript/fileName/ColorChanger.cs: d31a0d7fb05c5d47ec43ba26017e80fc -> f6c371260d842df543789961567bd0a7
  custom:scripting/monoscript/fileName/Bomb.cs: bfd944eb6528774f7c1cc3d00ac64a63 -> 62fbfe76f5286165743d61555377be05
  custom:scripting/monoscript/fileName/PoolableObject.cs: 8d092a881df5fcdfaf09232738ef1b42 -> 
  custom:CustomObjectIndexerAttribute: 9a22284fe3817be447336de3de66b15e -> 
  custom:scripting/monoscript/fileName/Exploder.cs: 9b0152466039c1b0e2a05b2b202f333e -> e17c7e89857fc4f731933d24c8502a85
  custom:scripting/monoscript/fileName/Platform.cs: 9ea6822636207a672fe419a3f121e641 -> 2a197b573da14efe1ad853123be22cde
  custom:container-demuxer-webm: 4f35f7cbe854078d1ac9338744f61a02 -> 
  custom:container-muxer-webm: aa71ff27fc2769a1b78a27578f13a17b -> 
  custom:scripting/monoscript/fileName/Counter.cs: 0e0e68470eee3375c49f0a09fa843699 -> 
  custom:video-decoder-webm-vp8: 9c59270c3fd7afecdb556c50c9e8de78 -> 
  custom:SearchIndexIgnoredProperties: e643bd26f0fe6173181afceb89e7c659 -> 
  custom:AudioImporter_EditorPlatform: d09bf68614088b80899f8185d706f6e7 -> 
  custom:scripting/monoscript/fileName/Cube.cs: c3f6b4862c91a0182d5e14a1ddeb8a06 -> 1e2bad7c218970a055fec33866548983
  custom:scripting/monoscript/fileName/CubeSpawner.cs: d34e3497e39b17fe77f76726270f8e44 -> 
  custom:video-encoder-webm-vp8: eb34c28f22e8b96e1ab97ce403110664 -> 
  custom:audio-decoder-ogg-vorbis: bf7c407c2cedff20999df2af8eb42d56 -> 
  custom:scripting/monoscript/fileName/TransparencyChanger.cs: 337ebccdf974de34744ebc700fc86598 -> 346eaf3f3b1de1a18cd8b4e2321d4487
  custom:audio-encoder-webm-vorbis: bf7c407c2cedff20999df2af8eb42d56 -> 
  custom:scripting/precompiled-assembly-types:Assembly-CSharp: e912ec148146226ac50874c5acd682a5 -> e480a03165d01833ca99ad568e1bb9c9
========================================================================
Received Prepare
Caller must complete domain reload
Begin MonoManager ReloadAssembly
- Loaded All Assemblies, in  0.462 seconds
Native extension for WindowsStandalone target not found
Mono: successfully reloaded assembly
- Finished resetting the current domain, in  1.056 seconds
Domain Reload Profiling: 1518ms
	BeginReloadAssembly (176ms)
		ExecutionOrderSort (0ms)
		DisableScriptedObjects (8ms)
		BackupInstance (0ms)
		ReleaseScriptingObjects (0ms)
		CreateAndSetChildDomain (32ms)
	RebuildCommonClasses (38ms)
	RebuildNativeTypeToScriptingClass (13ms)
	initialDomainReloadingComplete (30ms)
	LoadAllAssembliesAndSetupDomain (206ms)
		LoadAssemblies (295ms)
		RebuildTransferFunctionScriptingTraits (0ms)
		AnalyzeDomain (15ms)
			TypeCache.Refresh (7ms)
				TypeCache.ScanAssembly (0ms)
			ScanForSourceGeneratedMonoScriptInfo (0ms)
			ResolveRequiredComponents (6ms)
	FinalizeReload (1057ms)
		ReleaseScriptCaches (0ms)
		RebuildScriptCaches (0ms)
		SetupLoadedEditorAssemblies (531ms)
			LogAssemblyErrors (0ms)
			InitializePlatformSupportModulesInManaged (6ms)
			SetLoadedEditorAssemblies (4ms)
			RefreshPlugins (0ms)
			BeforeProcessingInitializeOnLoad (70ms)
			ProcessInitializeOnLoadAttributes (416ms)
			ProcessInitializeOnLoadMethodAttributes (30ms)
			AfterProcessingInitializeOnLoad (5ms)
			EditorAssembliesLoaded (0ms)
		ExecutionOrderSort2 (0ms)
		AwakeInstancesAfterBackupRestoration (9ms)
Refreshing native plugins compatible for Editor in 3.42 ms, found 3 plugins.
Preloading 0 native plugins for Editor in 0.00 ms.
Unloading 3153 Unused Serialized files (Serialized files now loaded: 0)
Unloading 27 unused Assets / (0.7 MB). Loaded Objects now: 3904.
Memory consumption went from 122.4 MB to 121.7 MB.
Total: 3.934300 ms (FindLiveObjects: 0.320300 ms CreateObjectMapping: 0.292500 ms MarkObjects: 2.923600 ms  DeleteObjects: 0.396700 ms)

Prepare: number of updated asset objects reloaded= 0
AssetImportParameters requested are different than current active one (requested -> active):
  custom:scripting/monoscript/fileName/CubeCounter.cs: 1c02473fa3597d63aaa8ec5e4a4b8699 -> 
  custom:scripting/monoscript/fileName/Spawner.cs: dfbd8e0bda67e8bd0e84e508fc63ee86 -> 7de732fab2c49f3068a483eb669d8d17
  custom:container-demuxer-ogg: 62fdf1f143b41e24485cea50d1cbac27 -> 
  custom:scripting/monoscript/fileName/CountViewer.cs: 5b5fea9e465e7d9fdd04fadee9b9b677 -> 
  custom:video-decoder-ogg-theora: a1e56fd34408186e4bbccfd4996cb3dc -> 
  custom:scripting/monoscript/fileName/BombCountViewer.cs: efd60ab29832b6530022c7f6ee2b3d0c -> 
  custom:framework-win-MediaFoundation: 216162199b28c13a410421893ffa2e32 -> 
  custom:scripting/monoscript/fileName/CubeCountViewer.cs: 8d0efee5ac15e029c13a064c2d0fd576 -> 
  custom:scripting/monoscript/fileName/BombCounter.cs: bb1fd1d8635a2e61c2697811c886f511 -> 
  custom:scripting/monoscript/fileName/BombSpawner.cs: 211b1e4229560b0e0ed20ed122fb08dd -> 
  custom:scripting/monoscript/fileName/ColorChanger.cs: d31a0d7fb05c5d47ec43ba26017e80fc -> f6c371260d842df543789961567bd0a7
  custom:scripting/monoscript/fileName/Bomb.cs: bfd944eb6528774f7c1cc3d00ac64a63 -> 62fbfe76f5286165743d61555377be05
  custom:scripting/monoscript/fileName/PoolableObject.cs: 8d092a881df5fcdfaf09232738ef1b42 -> 
  custom:CustomObjectIndexerAttribute: 9a22284fe3817be447336de3de66b15e -> 
  custom:scripting/monoscript/fileName/Exploder.cs: 9b0152466039c1b0e2a05b2b202f333e -> e17c7e89857fc4f731933d24c8502a85
  custom:scripting/monoscript/fileName/Platform.cs: 9ea6822636207a672fe419a3f121e641 -> 2a197b573da14efe1ad853123be22cde
  custom:container-demuxer-webm: 4f35f7cbe854078d1ac9338744f61a02 -> 
  custom:container-muxer-webm: aa71ff27fc2769a1b78a27578f13a17b -> 
  custom:scripting/monoscript/fileName/Counter.cs: 0e0e68470eee3375c49f0a09fa843699 -> 
  custom:video-decoder-webm-vp8: 9c59270c3fd7afecdb556c50c9e8de78 -> 
  custom:SearchIndexIgnoredProperties: e643bd26f0fe6173181afceb89e7c659 -> 
  custom:AudioImporter_EditorPlatform: d09bf68614088b80899f8185d706f6e7 -> 
  custom:scripting/monoscript/fileName/Cube.cs: c3f6b4862c91a0182d5e14a1ddeb8a06 -> 1e2bad7c218970a055fec33866548983
  custom:scripting/monoscript/fileName/CubeSpawner.cs: d34e3497e39b17fe77f76726270f8e44 -> 
  custom:video-encoder-webm-vp8: eb34c28f22e8b96e1ab97ce403110664 -> 
  custom:audio-decoder-ogg-vorbis: bf7c407c2cedff20999df2af8eb42d56 -> 
  custom:scripting/monoscript/fileName/TransparencyChanger.cs: 337ebccdf974de34744ebc700fc86598 -> 346eaf3f3b1de1a18cd8b4e2321d4487
  custom:audio-encoder-webm-vorbis: bf7c407c2cedff20999df2af8eb42d56 -> 
  custom:scripting/precompiled-assembly-types:Assembly-CSharp: e912ec148146226ac50874c5acd682a5 -> e480a03165d01833ca99ad568e1bb9c9
